date,state,lat_1,u_1,lat_2,u_2,interjet_min
1979-05-01,double,24.5,33.0164794921875,66.5,16.07857504757968,7.358815930106423
1979-05-02,double,24.0,30.469087080522016,65.75,15.360743782737039,6.663918711922386
1979-05-03,single,27.5,33.38474412397905,,,
1979-05-04,single,28.5,33.39037010886452,,,
1979-05-05,single,28.25,28.98857896978205,,,
1979-05-06,single,42.75,33.06271310286088,,,
1979-05-07,single,39.75,28.553977792913262,,,
1979-05-08,single,36.5,28.873817790638316,,,
1979-05-09,double,32.75,27.454438122836027,61.25,19.300485784357246,13.999726642261852
1979-05-10,double,26.75,23.81735714999112,52.5,20.10596414045854,10.203468149358576
1979-05-11,double,26.25,25.79844838922674,55.5,19.741938677701082,11.634186571294611
1979-05-12,double,26.75,25.82461339777166,60.0,24.045265544544566,8.26828635822643
1979-05-13,double,20.5,25.313917636871338,63.0,26.688038565895774,2.0616276155818594
1979-05-14,double,20.5,26.719334840774536,58.75,31.121994365345348,-1.441867470741272
1979-05-15,double,24.75,25.79935056513006,55.0,33.37476487593217,-2.762497988614169
1979-05-16,double,25.25,25.037510438398883,55.5,25.9290828704834,-0.37008266896009445
1979-05-17,double,25.75,25.234554464166816,59.0,19.954213055697355,5.289659586819735
1979-05-18,double,26.75,25.525468652898613,57.0,23.977201461791992,7.873185157775879
1979-05-19,double,27.75,25.639096173373137,53.75,25.02705851468173,6.98050477287986
1979-05-20,double,22.25,25.03101192821156,60.25,24.664975253018465,11.865375605496494
1979-05-21,double,23.25,25.02229170365767,68.0,20.0904598236084,7.668173659931529
1979-05-22,double,23.25,23.794726285067473,45.75,20.35566451332786,12.829542073336514
1979-05-23,double,21.75,22.173661145296965,49.5,20.740659366954457,10.77024069699374
1979-05-24,double,24.0,23.4588623046875,45.25,22.736277840354226,10.292255054820668
1979-05-25,double,24.5,23.24270994013006,49.0,30.941418040882457,8.15207425030795
1979-05-26,double,28.75,23.5356221632524,50.75,30.68748612837358,5.127110394564542
1979-05-27,double,25.75,23.177373019131746,46.75,34.48846574263139,6.1340509761463515
1979-05-28,double,24.0,21.48785226995295,46.25,26.059568231756035,6.511146892200816
1979-05-29,double,25.75,20.512399673461914,60.5,19.487586628306996,8.718109520998867
1979-05-30,double,25.5,22.7367356040261,64.0,20.39003666964444,7.247805422002619
1979-05-31,double,25.5,26.210541811856356,66.25,27.752656589854848,-4.683924544941295
1979-06-01,double,24.5,23.813880053433504,40.5,21.518436085094105,16.03735533627597
1979-06-02,double,23.25,23.274364124644887,63.0,17.348132393576883,-1.24438983743841
1979-06-03,double,22.5,20.49096020785245,72.5,22.76420853354714,3.648783553730358
1979-06-04,double,23.0,20.3660888671875,74.75,22.228105545043945,0.5064473260532726
1979-06-05,double,22.25,19.811630595814098,49.25,15.24931170723655,9.287907687100498
1979-06-06,single,21.5,21.177293950861152,,,
1979-06-07,double,21.0,21.649681663513185,68.0,22.164235375144266,1.2910990931771018
1979-06-08,double,22.0,22.032473997636274,66.75,22.16785326871005,-1.7572435519912026
1979-06-09,double,22.5,20.432116768576883,65.75,20.661293723366477,6.345580924641002
1979-06-10,double,35.0,18.617365923794832,66.0,21.583878083662555,6.803001013669101
1979-06-11,double,30.0,18.644371899691496,67.5,24.756508567116477,7.188126000491056
1979-06-12,double,27.75,15.80337229642001,61.75,26.81538997996937,4.768672596324574
1979-06-13,double,29.5,15.015511512756348,62.25,24.54199825633656,3.529716144908558
1979-06-14,single,57.25,25.17094473405318,,,
1979-06-15,double,35.5,16.063023393804375,61.75,24.769827062433418,8.85059998252175
1979-06-16,single,62.0,29.4921875,,,
1979-06-17,double,23.5,15.217672434720127,64.0,23.096055117520418,7.584259640086781
1979-06-18,double,24.75,15.024983406066895,59.75,19.76375926624645,7.809701572765004
1979-06-19,double,24.25,16.431976491754707,53.0,22.345721504905008,5.77656381780451
1979-06-20,double,24.25,19.446894558993254,51.5,27.03212477944114,3.7263519763946533
1979-06-21,double,25.75,21.93415780500932,49.75,24.26408472928134,3.4364934401078657
1979-06-22,double,26.25,25.404529571533203,53.75,20.893110101873223,2.9930811795321377
1979-06-23,double,26.5,26.84046918695623,60.5,18.485903653231535,5.0531487031416455
1979-06-24,double,26.75,25.07472662492232,50.5,18.67925262451172,6.328317252072421
1979-06-25,double,27.0,24.195325331254438,50.75,24.641313206065785,3.3897259452126245
1979-06-26,double,28.0,24.668339816006746,52.25,27.6833232532848,2.883507165041837
1979-06-27,double,26.5,21.187716223976828,54.5,28.64000060341575,3.414364532990889
1979-06-28,double,32.0,22.260033347389914,55.25,30.425676519220527,2.0581551898609507
1979-06-29,double,32.0,22.008108139038086,54.75,29.445870659568094,2.751016768542203
1979-06-30,double,34.75,19.717767888849433,51.0,25.051805669611152,1.6785176613114097
1979-07-01,double,34.75,18.878577665849164,48.25,23.235835508866742,7.67513405192982
1979-07-02,double,32.75,20.692788557572797,49.25,22.681155464865945,8.458495356819846
1979-07-03,single,58.5,19.861649946732953,,,
1979-07-04,single,39.0,20.717131701382723,,,
1979-07-05,single,41.5,21.63847611167214,,,
1979-07-06,double,39.5,20.971368963068183,56.0,23.046645424582742,10.93740107796409
1979-07-07,double,34.5,18.010272112759676,53.25,22.260772358287465,10.16384202783758
1979-07-08,double,32.25,15.511261506514115,53.0,29.269126892089844,6.7327397953380235
1979-07-09,single,53.25,32.7714637409557,,,
1979-07-10,single,48.5,24.260276794433594,,,
1979-07-11,single,54.0,25.3174034465443,,,
1979-07-12,single,52.25,21.63450986688787,,,
1979-07-13,single,57.75,21.68691565773704,,,
1979-07-14,single,58.0,22.011857639659535,,,
1979-07-15,double,37.25,16.19803237915039,55.25,18.702710585160688,9.533405910838734
1979-07-16,double,37.25,19.791515350341797,54.0,19.39455205743963,2.5824606201865454
1979-07-17,double,36.0,19.962064743041992,57.0,23.300114198164508,2.8958372419530694
1979-07-18,double,35.25,17.656691811301492,57.0,28.441477168690074,3.6799552657387475
1979-07-19,double,36.75,18.524083397605203,56.75,33.4560827775435,2.6696416681463067
1979-07-20,double,36.0,19.731441324407403,55.0,32.21969066966664,4.957248774441806
1979-07-21,double,37.0,19.593888889659535,52.5,30.92986453663219,11.087757283991033
1979-07-22,double,38.75,23.557499105280097,53.25,23.16332418268377,10.481270356611772
1979-07-23,single,39.5,25.52707203951749,,,
1979-07-24,single,39.25,25.132782676003195,,,
1979-07-25,single,43.0,26.94545485756614,,,
1979-07-26,single,40.75,22.474072196266867,,,
1979-07-27,single,51.0,19.60375872525302,,,
1979-07-28,single,55.75,24.2887713692405,,,
1979-07-29,single,55.0,29.035336927934125,,,
1979-07-30,single,51.75,29.958161614157937,,,
1979-07-31,single,50.0,33.18902605230158,,,
1979-08-01,single,48.75,29.789332129738547,,,
1979-08-02,single,48.5,25.813457835804332,,,
1979-08-03,single,54.5,26.450224442915484,,,
1979-08-04,single,52.5,29.219541376287285,,,
1979-08-05,single,50.25,30.592194297096945,,,
1979-08-06,single,52.25,31.607727917757902,,,
1979-08-07,single,53.0,31.392916419289328,,,
1979-08-08,single,54.25,26.12165017561479,,,
1979-08-09,single,51.0,28.1560866615989,,,
1979-08-10,single,45.25,21.56762591275302,,,
1979-08-11,single,46.0,26.982435053045098,,,
1979-08-12,single,49.5,35.00234673239968,,,
1979-08-13,single,49.75,38.00244834206321,,,
1979-08-14,single,50.25,25.53025401722301,,,
1979-08-15,single,51.5,27.3726749420166,,,
1979-08-16,single,53.0,29.831192710182883,,,
1979-08-17,single,55.0,20.13821792602539,,,
1979-08-18,double,47.0,16.214292352849785,69.75,19.366926193237305,7.360219695351341
1979-08-19,double,53.5,21.055837284434926,72.75,17.91042067787864,1.5505233027718284
1979-08-20,single,54.25,24.644521539861504,,,
1979-08-21,single,52.5,25.41368120366877,,,
1979-08-22,single,51.5,22.66434131969105,,,
1979-08-23,single,52.0,24.94344087080522,,,
1979-08-24,double,32.75,15.484315612099387,52.25,30.01071548461914,5.740780700336803
1979-08-25,double,32.0,16.71973193775524,51.0,21.24110325899991,8.206871162761342
1979-08-26,single,42.75,21.843167911876332,,,
1979-08-27,single,42.25,25.0310734835538,,,
1979-08-28,double,43.5,22.275118220936168,55.5,17.231103203513406,10.509850241921164
1979-08-29,single,41.75,23.003365603360262,,,
1979-08-30,double,40.5,19.89904646439986,63.75,19.4628098227761,10.52945969321511
1979-08-31,double,48.75,16.814620971679688,64.0,21.523998087102715,9.345831350846725
1979-09-01,double,47.75,20.76171285455877,65.25,20.433535315773703,6.4910641583529385
1979-09-02,double,46.5,19.215346249667082,63.75,20.73168234391646,8.797887368635697
1979-09-03,double,44.0,16.34972312233665,70.0,20.040039582685992,7.899739482186058
1979-09-04,double,46.5,19.846830888227984,63.75,20.444805838844992,7.470088655298406
1979-09-05,double,44.0,19.228715029629793,64.75,17.475995670665394,9.654978838833896
1979-09-06,single,51.5,19.19548398798162,,,
1979-09-07,single,56.75,24.618025346235797,,,
1979-09-08,single,54.5,21.678020997480914,,,
1979-09-09,single,57.75,30.08722617409446,,,
1979-09-10,single,60.25,37.63876724243164,,,
1979-09-11,single,58.25,41.0528151772239,,,
1979-09-12,double,31.25,17.76746437766335,56.5,38.570649580522016,-2.33085834980011
1979-09-13,double,30.0,18.15791893005371,58.0,37.75522682883523,0.09714489904316989
1979-09-14,double,28.5,19.13344851407138,56.5,33.998600006103516,0.21051115324636074
1979-09-15,double,32.0,15.490934805436568,55.25,33.391408400102094,-4.150275902314619
1979-09-16,single,54.5,32.47419756109064,,,
1979-09-17,single,54.25,38.270686409690164,,,
1979-09-18,double,25.5,15.138858448375355,55.0,46.69520880959251,4.781271197579124
1979-09-19,single,55.25,43.29881390658292,,,
1979-09-20,single,60.0,31.327688737349078,,,
1979-09-21,single,56.0,28.034176046198066,,,
1979-09-22,double,27.25,16.059198292818937,58.5,35.19749346646395,4.371332775462758
1979-09-23,double,23.5,16.18660259246826,57.0,32.35746175592596,3.677250103517012
1979-09-24,single,54.5,30.146611647172406,,,
1979-09-25,double,25.5,15.954866842790084,54.75,28.76401779868386,4.969773509285667
1979-09-26,single,55.75,30.217119737104937,,,
1979-09-27,single,58.0,31.635074788873847,,,
1979-09-28,single,63.0,23.92220774563876,,,
1979-09-29,double,26.75,16.959252444180574,49.5,26.88064020330256,10.782278927889736
1979-09-30,double,26.75,15.58260726928711,46.0,29.432588403875176,9.063227913596414
1980-05-01,single,32.75,36.219270185990766,,,
1980-05-02,single,31.75,38.12583403153853,,,
1980-05-03,single,31.25,35.370032570578836,,,
1980-05-04,double,33.0,35.01852312954989,72.0,21.213401794433594,-9.143884138627486
1980-05-05,double,37.5,40.304990941827946,69.5,21.470060348510742,-9.842230103232644
1980-05-06,double,37.5,41.85401847145774,67.5,16.31556086106734,-6.726330106908625
1980-05-07,single,35.5,43.559265483509414,,,
1980-05-08,single,36.25,40.31131016124379,,,
1980-05-09,single,37.25,33.64751607721502,,,
1980-05-10,single,36.75,30.479236949573863,,,
1980-05-11,double,22.25,22.65286619013006,36.75,31.50431875749068,17.564836502075195
1980-05-12,single,36.75,30.990544059059836,,,
1980-05-13,double,38.5,29.782195524735883,72.75,15.986485307866877,-3.4699859619140625
1980-05-14,double,20.25,25.1905460357666,40.75,27.024952975186434,16.919816103848543
1980-05-15,single,44.75,28.522522492842242,,,
1980-05-16,single,41.25,26.085703242908824,,,
1980-05-17,double,20.5,22.970092296600342,41.0,23.4722487709739,17.384306474165484
1980-05-18,single,24.25,26.62691341746937,,,
1980-05-19,double,25.25,27.09972502968528,54.0,18.268493478948418,7.836582400582054
1980-05-20,single,27.0,30.05527114868164,,,
1980-05-21,double,26.75,30.45417612249201,73.0,15.053537368774414,2.1150536753914575
1980-05-22,single,27.0,26.99029541015625,,,
1980-05-23,single,37.5,28.444901899857953,,,
1980-05-24,single,36.25,32.55140564658425,,,
1980-05-25,double,38.75,34.94486826116388,70.25,22.266020341352984,-5.386446085843173
1980-05-26,single,41.75,29.884754874489524,,,
1980-05-27,single,40.5,24.41054205460982,,,
1980-05-28,single,42.0,21.68916303461248,,,
1980-05-29,single,44.75,27.00302609530362,,,
1980-05-30,single,46.75,31.01357061212713,,,
1980-05-31,double,24.0,19.153399033979937,48.25,26.658662102439187,11.439421046863902
1980-06-01,single,41.75,20.11660974675959,,,
1980-06-02,single,36.5,22.692920684814453,,,
1980-06-03,single,34.75,22.903610056096856,,,
1980-06-04,double,29.75,20.931472951715644,64.0,16.892587141557172,0.6918084431778301
1980-06-05,double,33.0,19.215166265314277,66.0,18.570348046042703,1.3619401996785945
1980-06-06,double,26.25,18.360343412919477,69.5,18.515944394198332,2.519864169034091
1980-06-07,double,29.0,18.640023838390004,70.25,25.57622753490101,-2.6747558658773247
1980-06-08,double,26.5,20.04573475230824,71.5,28.50642811168324,-5.231713988564231
1980-06-09,double,46.25,22.21453094482422,73.25,27.6018140966242,-5.939586422660134
1980-06-10,double,43.5,27.026880090886895,74.75,29.568091528756277,-0.2394599396396767
1980-06-11,single,44.25,23.64854483170943,,,
1980-06-12,single,49.5,20.6193320534446,,,
1980-06-13,single,50.25,18.330917705189098,,,
1980-06-14,single,41.25,23.66489531777122,,,
1980-06-15,single,46.5,28.78485644947399,,,
1980-06-16,single,48.25,26.797894737937234,,,
1980-06-17,single,49.25,27.446040586991742,,,
1980-06-18,single,53.0,29.646936763416637,,,
1980-06-19,single,51.5,35.3388127413663,,,
1980-06-20,single,50.75,33.34497971968217,,,
1980-06-21,single,50.75,31.270577690818094,,,
1980-06-22,double,30.25,17.359003587202594,46.75,28.334719051014293,5.981489224867388
1980-06-23,double,30.0,18.70229062167081,50.25,33.19255378029563,7.440286896445534
1980-06-24,double,29.5,17.658974734219637,50.25,31.547830061479047,11.476804299788041
1980-06-25,double,30.75,19.757979653098367,45.0,28.735729044133965,12.612792708657004
1980-06-26,single,43.75,24.42484439503063,,,
1980-06-27,double,43.5,25.266163565895774,56.0,23.497169321233574,14.810601494529031
1980-06-28,single,44.0,20.65238415111195,,,
1980-06-29,single,35.25,20.44624172557484,,,
1980-06-30,single,45.5,20.485695925625887,,,
1980-07-01,single,50.5,27.186683828180488,,,
1980-07-02,single,49.5,24.996861717917703,,,
1980-07-03,single,52.0,24.81721444563432,,,
1980-07-04,single,49.25,23.234689018943094,,,
1980-07-05,single,47.5,32.76725630326705,,,
1980-07-06,single,49.75,36.53395184603605,,,
1980-07-07,single,49.5,32.60328847711737,,,
1980-07-08,single,50.0,23.38648137179288,,,
1980-07-09,single,42.5,23.641610405661844,,,
1980-07-10,single,46.75,20.016739411787555,,,
1980-07-11,single,49.0,19.3599102713845,,,
1980-07-12,single,53.25,22.023366407914594,,,
1980-07-13,double,49.5,29.20701755176891,66.5,15.307043248956854,2.51944421638142
1980-07-14,single,48.5,33.850189902565695,,,
1980-07-15,single,46.75,27.90211920304732,,,
1980-07-16,single,49.5,27.282115762883965,,,
1980-07-17,single,51.0,33.6259484724565,,,
1980-07-18,single,51.75,36.24052498557351,,,
1980-07-19,single,51.5,35.49220657348633,,,
1980-07-20,single,48.25,31.095759651877664,,,
1980-07-21,single,45.25,25.9117958762429,,,
1980-07-22,double,43.25,28.015492699363016,60.5,19.66199267994274,11.455571608109908
1980-07-23,single,41.5,22.197180314497515,,,
1980-07-24,single,57.25,22.010209690440785,,,
1980-07-25,double,48.5,21.49271739612926,62.0,17.118485190651633,11.271788943897594
1980-07-26,single,45.25,19.18883670460094,,,
1980-07-27,double,41.25,18.10792385448109,70.0,21.963147596879438,-1.476141314614903
1980-07-28,single,49.5,20.11157868125222,,,
1980-07-29,single,44.75,22.59269766374068,,,
1980-07-30,single,43.25,23.5627217726274,,,
1980-07-31,double,44.5,22.23670057816939,74.75,23.424888610839844,-5.034144401550293
1980-08-01,single,48.5,22.55402287569913,,,
1980-08-02,single,48.75,24.53426569158381,,,
1980-08-03,single,46.25,26.241716384887695,,,
1980-08-04,single,49.75,29.66765091635964,,,
1980-08-05,single,51.5,30.22882669622248,,,
1980-08-06,single,53.25,25.1781945662065,,,
1980-08-07,single,46.0,24.18564692410556,,,
1980-08-08,single,53.75,25.446829535744406,,,
1980-08-09,single,47.0,27.885793339122426,,,
1980-08-10,single,47.5,31.8219521262429,,,
1980-08-11,single,49.5,28.27361332286488,,,
1980-08-12,single,47.75,31.318682757290926,,,
1980-08-13,single,46.5,29.936091162941672,,,
1980-08-14,single,42.5,25.224186810580168,,,
1980-08-15,single,42.5,27.905555725097656,,,
1980-08-16,single,44.75,26.14925020391291,,,
1980-08-17,single,48.5,19.31088551607999,,,
1980-08-18,single,59.25,19.93466550653631,,,
1980-08-19,single,59.5,31.898469057950106,,,
1980-08-20,single,58.25,38.67063279585405,,,
1980-08-21,single,55.25,33.08788646351207,,,
1980-08-22,single,53.25,21.794162923639472,,,
1980-08-23,single,46.75,26.81222985007546,,,
1980-08-24,single,41.25,24.495147358287465,,,
1980-08-25,single,44.25,27.001738288185813,,,
1980-08-26,single,42.75,26.14795511419123,,,
1980-08-27,single,47.0,23.266823161732066,,,
1980-08-28,single,48.5,24.593712026422676,,,
1980-08-29,single,48.0,28.122993642633613,,,
1980-08-30,single,47.5,24.131853623823687,,,
1980-08-31,single,51.75,22.150192087346856,,,
1980-09-01,single,54.5,22.544835003939543,,,
1980-09-02,single,61.0,22.735058177601207,,,
1980-09-03,single,53.0,27.31994091380726,,,
1980-09-04,single,54.5,27.384211973710492,,,
1980-09-05,single,48.75,24.51938715848056,,,
1980-09-06,single,57.0,22.605959285389293,,,
1980-09-07,single,48.5,21.02310735529119,,,
1980-09-08,single,55.5,24.31880014592951,,,
1980-09-09,single,52.5,24.82469402660023,,,
1980-09-10,single,54.5,33.278133392333984,,,
1980-09-11,single,50.5,35.39002227783203,,,
1980-09-12,single,50.5,36.12611839988015,,,
1980-09-13,double,47.25,33.12865656072443,72.5,24.01488633589311,-1.2379718043587424
1980-09-14,double,48.25,31.66472764448686,72.25,26.752925872802734,-0.18607996048575098
1980-09-15,double,49.75,29.97344173084606,71.5,31.77768464521928,-0.010517172515392303
1980-09-16,double,48.5,32.31708543950861,72.25,32.60485423694957,2.0803532166914507
1980-09-17,double,49.0,28.909089348532937,72.5,20.317609960382637,5.257629784670743
1980-09-18,single,61.0,23.4044132232666,,,
1980-09-19,double,22.25,16.71087056940252,61.25,27.134885614568535,6.950584194876931
1980-09-20,double,23.5,17.04057398709384,61.75,31.33041936700994,6.9061267159201885
1980-09-21,double,43.5,18.371849406849254,68.25,24.104570215398613,5.99077033996582
1980-09-22,double,23.0,17.782649993896484,46.75,23.468937440352008,9.625526601617986
1980-09-23,double,22.0,17.44214508750222,48.25,24.6479474847967,8.092717084017666
1980-09-24,double,21.5,15.710590969432484,51.25,27.38380206714977,4.936092203313654
1980-09-25,double,22.5,15.489058321172541,48.75,30.109981883655895,2.459993600845337
1980-09-26,double,21.75,16.98131058432839,47.5,33.10393246737394,1.464145378632979
1980-09-27,double,21.75,18.786895751953125,55.0,28.01129757274281,1.0305899354544552
1980-09-28,double,22.0,21.38227653503418,56.75,28.497903650457207,3.4201638265089556
1980-09-29,double,22.0,18.18306940252131,55.25,35.05772087790749,0.29408971237188036
1980-09-30,double,23.5,18.117129065773703,56.25,35.43697149103338,2.7454467469995674
1981-05-01,double,32.75,33.797944502397016,53.25,27.1439885226163,1.8048833337697117
1981-05-02,double,32.5,32.449274930087,56.0,27.694747231223367,5.238748853856867
1981-05-03,double,30.0,32.94661088423295,55.75,33.74805450439453,2.3177604892037134
1981-05-04,double,29.5,33.46984585848722,55.25,31.685719923539594,7.201110189611262
1981-05-05,double,28.0,33.77880443226207,54.75,29.19222675670277,11.645767038518732
1981-05-06,double,28.0,30.01367326216264,56.75,26.334814765236594,14.237102768637918
1981-05-07,double,29.25,26.07979895851829,60.25,28.879440307617188,11.710340239784934
1981-05-08,double,36.0,27.665841189297762,66.0,27.05856652693315,3.3827733126553623
1981-05-09,double,31.5,25.336760954423383,73.5,23.476064161820844,4.094708767804232
1981-05-10,single,36.5,32.862946250221945,,,
1981-05-11,single,36.0,34.190316286954015,,,
1981-05-12,double,29.0,30.755755337801848,72.5,22.64655251936479,0.2270641986450011
1981-05-13,single,28.25,29.272582140835848,,,
1981-05-14,single,35.75,26.70357981595126,,,
1981-05-15,single,42.5,28.06677922335538,,,
1981-05-16,double,26.5,28.4577900279652,42.75,27.645343433726918,21.64864158630371
1981-05-17,double,25.5,26.450885599309746,74.75,19.864728655133927,-1.4058375466953625
1981-05-18,single,32.5,28.638545469804242,,,
1981-05-19,single,30.5,27.951458324085582,,,
1981-05-20,double,26.5,23.92430253462358,45.25,23.67180789600719,13.758160851218484
1981-05-21,double,45.75,27.883595379916105,70.25,23.166295311667703,-4.576746051961726
1981-05-22,double,46.75,32.7273814461448,72.5,23.718239870938387,-6.827566927129572
1981-05-23,double,23.0,18.800161188299004,47.0,33.59285666725852,12.265184662558816
1981-05-24,double,22.25,20.643829519098457,46.75,32.95022964477539,10.554863322864879
1981-05-25,double,22.5,22.76126514781605,41.5,24.10340153087269,7.787351131439209
1981-05-26,double,22.25,19.127092361450195,44.75,23.922826073386453,10.194594643332742
1981-05-27,single,42.75,26.83042404868386,,,
1981-05-28,single,43.0,27.35911716114391,,,
1981-05-29,single,38.25,22.85456518693404,,,
1981-05-30,single,35.25,21.690895774147727,,,
1981-05-31,single,36.25,20.38224081559615,,,
1981-06-01,single,34.0,19.481337807395242,,,
1981-06-02,single,44.25,19.342573165893555,,,
1981-06-03,single,42.75,23.763567837801848,,,
1981-06-04,single,43.0,23.24784452264959,,,
1981-06-05,single,41.0,23.089280215176668,,,
1981-06-06,single,50.25,24.73790307478471,,,
1981-06-07,double,46.75,25.7108171636408,68.5,15.605779907920144,8.055095715956254
1981-06-08,double,45.75,24.905437642877754,61.0,18.816246379505504,13.619556773792613
1981-06-09,single,44.75,24.604855277321555,,,
1981-06-10,single,48.0,21.458846525712445,,,
1981-06-11,single,58.25,23.668152375654742,,,
1981-06-12,single,55.0,23.56398443742232,,,
1981-06-13,single,56.25,25.747265208851207,,,
1981-06-14,single,58.5,31.634508653120562,,,
1981-06-15,single,50.0,29.716854268854316,,,
1981-06-16,double,26.75,15.66284214366566,52.75,28.732296510176226,-3.1605631654912774
1981-06-17,single,59.75,22.87685845114968,,,
1981-06-18,single,66.5,25.399673982100055,,,
1981-06-19,double,41.75,15.552794283086603,67.75,23.70992122996937,2.659469236027111
1981-06-20,double,23.25,17.93103790283203,68.0,22.58165827664462,7.7595087398182265
1981-06-21,double,25.5,18.803583665327594,67.75,15.896543849598277,3.412916075099598
1981-06-22,double,32.25,18.225371967662465,57.75,22.681092869151723,-2.100086363879117
1981-06-23,double,30.0,20.434996344826438,59.75,24.619121898304332,-5.171225981278853
1981-06-24,double,29.0,19.788757497614082,65.75,24.805143356323242,-1.0018001469698818
1981-06-25,double,28.5,18.266875353726473,68.5,29.231415315107867,-8.048610730604691
1981-06-26,double,29.25,16.72053926641291,72.25,19.802319960160688,2.03777720711448
1981-06-27,double,33.0,15.061385241421787,58.5,15.992582147771662,7.386809392408892
1981-06-28,double,36.0,15.50422122261741,60.75,21.391806515780363,3.8285724249753086
1981-06-29,double,31.75,17.30596282265403,60.75,30.870820825750176,-0.4298422546549277
1981-06-30,double,33.25,20.841998013583098,54.75,25.106410460038617,-0.28587406873703003
1981-07-01,double,32.75,20.630435943603516,53.75,28.065962011163887,3.8699267994273794
1981-07-02,double,32.5,20.16085399280895,55.5,22.21847118030895,5.083045222542503
1981-07-03,double,33.5,16.453115116466176,48.5,23.34956307844682,10.203644665804775
1981-07-04,double,35.5,20.01371348987926,49.75,25.442107980901543,11.194085554643111
1981-07-05,double,35.75,18.915803042325106,53.25,27.167265978726473,12.505240093577992
1981-07-06,double,35.0,19.767918500033293,48.75,20.4357852935791,11.946886322715066
1981-07-07,double,34.0,20.325620304454457,60.5,19.657637162642047,10.795775153420188
1981-07-08,double,31.25,19.148716839877043,65.0,19.738805770874023,4.413648865439675
1981-07-09,double,43.25,18.72925498268821,69.25,19.832908283580434,-1.0100622989914634
1981-07-10,double,39.5,17.533743771639738,67.5,18.76098008589311,0.9868369048291986
1981-07-11,double,48.25,20.923110615123402,68.75,19.190148787064985,-0.6494103778492321
1981-07-12,double,53.5,24.374031240289863,72.75,17.93997677889737,-5.560019363056529
1981-07-13,single,53.75,25.500823627818715,,,
1981-07-14,double,53.5,29.165026924826883,74.25,15.03320058186849,-2.7032737623561514
1981-07-15,single,54.5,32.43275104869496,,,
1981-07-16,single,53.5,26.9840500571511,,,
1981-07-17,single,53.0,21.980891661210492,,,
1981-07-18,single,56.5,24.607024452903055,,,
1981-07-19,double,42.5,23.403458335182883,58.0,28.007138685746625,10.99297757582231
1981-07-20,double,45.0,20.00520862232555,59.75,24.05869015780362,9.50031800703569
1981-07-21,double,47.5,21.54534322565252,64.0,15.792349815368652,9.297625715082342
1981-07-22,double,48.25,21.79210628162731,70.25,16.571565628051758,5.6927290829745205
1981-07-23,double,48.5,22.202803178267047,71.75,22.572321805087004,1.0455693819306113
1981-07-24,double,49.75,17.812047611583363,74.25,20.475467681884766,1.146971957250075
1981-07-25,single,58.75,22.861799413507637,,,
1981-07-26,double,35.75,15.603875593705611,61.25,25.940142371437766,9.093169645829635
1981-07-27,double,35.0,15.721490686590021,63.5,23.908959128639914,6.443120436234907
1981-07-28,single,64.5,21.632138338955965,,,
1981-07-29,double,46.75,16.70615629716353,63.5,23.2704854445024,1.2697998393665662
1981-07-30,double,48.5,26.740826693448152,63.0,16.422692732377485,-0.16395735198801215
1981-07-31,single,47.0,23.40974963795055,,,
1981-08-01,single,53.75,20.158597425981,,,
1981-08-02,single,53.0,28.788896907459606,,,
1981-08-03,single,53.5,25.34610834988681,,,
1981-08-04,single,60.75,24.406531247225676,,,
1981-08-05,single,59.75,22.931245457042348,,,
1981-08-06,single,58.0,24.617111552845348,,,
1981-08-07,single,61.0,22.97912562977184,,,
1981-08-08,single,59.5,22.979125456376508,,,
1981-08-09,single,58.25,20.006145824085582,,,
1981-08-10,double,45.25,19.33388952775435,58.75,20.95483467795632,9.46502330086448
1981-08-11,double,43.25,18.139455968683418,57.0,18.612890937111594,10.116890733892268
1981-08-12,single,53.25,19.33804702758789,,,
1981-08-13,double,30.0,16.68138486688787,54.25,24.305611870505594,3.4390604929490523
1981-08-14,double,29.25,17.32895382967862,56.75,26.990489786321465,1.387992425398393
1981-08-15,double,29.5,16.638483654369008,55.5,24.551119544289328,-0.8985230299559507
1981-08-16,single,54.5,27.59099596196955,,,
1981-08-17,single,57.75,29.640946301546965,,,
1981-08-18,double,33.25,16.63685590570623,58.25,32.99248539317738,-3.2346524975516577
1981-08-19,double,34.0,17.731883655894887,59.0,33.19981869784269,-1.9537191174247048
1981-08-20,double,34.75,22.169714840975676,60.75,24.936647588556465,-1.2544171593405984
1981-08-21,double,33.5,19.5728066184304,60.25,25.867168773304332,6.015342322262851
1981-08-22,double,33.75,15.197182655334473,45.75,19.97194914384322,10.159039323980158
1981-08-23,double,35.25,16.362104589288887,56.0,21.91150006380948,6.7839531898498535
1981-08-24,double,33.75,19.547086368907582,58.75,24.735071182250977,4.010379184376109
1981-08-25,double,37.25,19.240359739823774,61.75,29.001613443548028,0.6738811216571114
1981-08-26,double,36.75,20.741647373546254,64.5,18.68307859247381,6.881320389834317
1981-08-27,single,51.75,17.629200848666105,,,
1981-08-28,single,45.5,20.50269282947887,,,
1981-08-29,single,43.25,16.952042839743875,,,
1981-08-30,double,46.0,17.88808891989968,68.75,16.959570104425605,1.547352747483687
1981-08-31,double,39.25,18.967114882035688,69.25,21.201288396661933,-3.493294022300027
1981-09-01,double,47.0,18.09412245316939,71.25,22.401498447765004,-5.651338057084517
1981-09-02,double,42.25,17.508916681463067,70.75,26.824745351617988,-8.348174658688633
1981-09-03,double,39.0,15.354943015358664,74.5,22.70130753517151,2.595868869261308
1981-09-04,double,33.25,19.473086964000355,66.5,16.818789048628375,6.648301081223921
1981-09-05,double,34.5,19.904861450195312,60.0,25.81189641085538,1.492559926076369
1981-09-06,double,36.25,19.980642145330254,59.5,30.836437225341797,1.111072900620374
1981-09-07,single,57.25,26.84181161360307,,,
1981-09-08,single,55.75,21.885413256558504,,,
1981-09-09,single,59.25,19.203849272294477,,,
1981-09-10,double,46.75,22.115160508589312,68.0,16.354755314913664,7.506301229650324
1981-09-11,double,46.75,28.819486791437324,72.25,19.9771992076527,-7.866898883472789
1981-09-12,single,46.0,27.428862311623313,,,
1981-09-13,single,48.0,23.228303735906426,,,
1981-09-14,single,47.0,27.32839671048251,,,
1981-09-15,single,47.5,30.48416345769709,,,
1981-09-16,single,49.25,31.97515730424361,,,
1981-09-17,single,49.5,36.31000969626687,,,
1981-09-18,single,48.0,42.26474796641957,,,
1981-09-19,double,23.25,17.52335045554421,47.5,49.17569940740412,-4.857217441905629
1981-09-20,double,22.75,18.621295928955078,50.75,36.59657218239524,-6.117679595947266
1981-09-21,single,51.75,35.54322745583274,,,
1981-09-22,single,53.75,32.75276738947088,,,
1981-09-23,double,49.5,36.717046217484906,73.25,15.16849101673473,-1.7923804196867754
1981-09-24,double,28.75,15.872754963961514,49.75,35.9195161299272,7.431700186295942
1981-09-25,double,25.25,15.420173124833541,44.0,29.600383758544922,7.048463344573975
1981-09-26,single,42.5,25.477684194391426,,,
1981-09-27,double,41.75,26.261098861694336,70.0,25.72400491887873,1.6194751045920632
1981-09-28,double,41.25,24.957503058693625,74.0,27.27367820739746,-3.5228042169050737
1981-09-29,double,40.0,24.85349429737438,69.25,26.239219838922676,-1.605562074617906
1981-09-30,double,38.75,23.054169914939187,70.5,23.521202780983664,1.0134009447964756
1982-05-01,double,27.0,39.48587833751332,58.25,34.39008678089488,0.9111044190146707
1982-05-02,double,25.75,39.45463804765181,55.25,26.834137656471945,7.627935062755238
1982-05-03,double,26.75,36.6186655217951,52.75,26.56041249361905,7.787213975732977
1982-05-04,double,26.75,34.61790778420188,56.25,20.65705611489036,11.782374121926047
1982-05-05,single,29.5,33.94389551336115,,,
1982-05-06,single,28.5,31.213696566495027,,,
1982-05-07,single,27.0,27.162559856068004,,,
1982-05-08,double,28.0,26.812457171353426,68.0,16.639604741876777,9.516243154352361
1982-05-09,single,27.75,26.956932588057086,,,
1982-05-10,double,27.75,23.177805987271395,65.5,18.654629967429422,6.26980634169145
1982-05-11,double,44.0,23.398312135176226,66.0,22.597910100763496,0.0936389413069595
1982-05-12,double,33.75,21.654505469582297,66.25,22.5398212779652,-2.097799767147411
1982-05-13,double,36.0,21.792449257590555,68.75,18.353775024414062,2.9393188086423008
1982-05-14,double,35.75,22.617828889326617,69.75,17.370511661876332,2.678382570093328
1982-05-15,single,33.25,25.604868281971324,,,
1982-05-16,single,32.25,30.462445519187234,,,
1982-05-17,single,30.75,28.29115156693892,,,
1982-05-18,single,36.0,25.497696269642223,,,
1982-05-19,double,36.75,26.041841333562676,54.75,19.563438415527344,11.653073744340377
1982-05-20,single,31.25,20.363170450383965,,,
1982-05-21,double,31.5,17.733545996926047,49.5,25.343627062710848,10.9276386607777
1982-05-22,double,31.5,17.876848567615856,49.5,30.740060632879082,8.734223452481357
1982-05-23,double,28.0,17.89233537153764,46.5,31.96087681163441,11.40212631225586
1982-05-24,single,44.75,26.021223068237305,,,
1982-05-25,double,38.5,21.60787148909135,53.25,24.434507196599785,16.084878488020465
1982-05-26,double,35.5,21.10033017938787,54.5,22.120304107666016,13.236652027476918
1982-05-27,double,20.5,26.205432891845703,62.25,19.964413035999645,11.495151953263717
1982-05-28,double,20.75,25.253591537475586,63.25,17.979997634887695,12.042006319219416
1982-05-29,double,20.25,23.47484152657645,64.25,16.63734349337491,10.89057731628418
1982-05-30,double,25.75,23.111117102883078,67.25,22.218544179742988,5.133789929476651
1982-05-31,double,23.25,23.40367143804377,67.75,25.846771413629707,4.082160494544289
1982-06-01,double,21.75,24.07943933660334,70.75,18.704476963390004,5.616075429049405
1982-06-02,double,22.5,24.23366789384322,69.25,20.423784949562766,6.8467346971685235
1982-06-03,double,23.0,22.055581179532137,71.75,22.1378191167658,4.9298834367231885
1982-06-04,double,24.0,21.633956562389027,70.5,25.44933492487127,1.589574781331149
1982-06-05,double,23.0,22.04719283364036,41.0,17.111550417813387,7.206868388436058
1982-06-06,double,23.5,22.70460284839977,44.0,19.858215505426582,6.603286266326904
1982-06-07,double,23.0,24.655282800847832,73.5,21.269823941317473,-8.273221492767334
1982-06-08,double,22.25,22.614723032171074,43.25,23.808468211780895,7.421089519153941
1982-06-09,double,21.5,20.98283750360662,43.5,23.296939849853516,8.891543475064365
1982-06-10,single,45.0,26.48740074851296,,,
1982-06-11,single,45.5,32.367266568270594,,,
1982-06-12,single,46.0,31.783070997758344,,,
1982-06-13,single,43.75,32.29652404785156,,,
1982-06-14,single,46.0,25.996009653264824,,,
1982-06-15,single,49.75,24.701964465054598,,,
1982-06-16,single,51.0,24.27647555958141,,,
1982-06-17,single,40.25,25.525333057750355,,,
1982-06-18,double,23.0,15.420339237559926,45.25,33.13913796164773,5.082738096063787
1982-06-19,single,43.75,34.60987021706321,,,
1982-06-20,single,44.75,33.17940902709961,,,
1982-06-21,single,44.25,34.20816560225053,,,
1982-06-22,single,44.0,36.36552498557351,,,
1982-06-23,single,44.75,37.30997432361949,,,
1982-06-24,single,45.25,35.479063207452946,,,
1982-06-25,single,44.5,34.66670018976385,,,
1982-06-26,single,46.25,35.16753075339577,,,
1982-06-27,single,47.0,35.77830401333895,,,
1982-06-28,single,45.25,34.9993782043457,,,
1982-06-29,single,47.5,35.43797926469283,,,
1982-06-30,single,49.0,34.13760653409091,,,
1982-07-01,single,53.0,26.109547875144266,,,
1982-07-02,single,53.5,24.44370633905584,,,
1982-07-03,single,53.75,32.79876639626243,,,
1982-07-04,single,52.25,33.88159942626953,,,
1982-07-05,single,51.75,36.99014594338157,,,
1982-07-06,single,53.0,29.740863800048828,,,
1982-07-07,single,54.25,22.902097702026367,,,
1982-07-08,single,60.25,24.211988275701348,,,
1982-07-09,single,64.75,19.600834759798918,,,
1982-07-10,single,54.0,15.531076951460404,,,
1982-07-11,none,,,,,
1982-07-12,single,57.25,19.323212190107867,,,
1982-07-13,single,62.0,20.675425442782316,,,
1982-07-14,double,28.5,16.011359214782715,64.75,21.016067678278144,1.5126991597088901
1982-07-15,double,29.75,17.829266114668414,67.75,16.288040161132812,5.411427107724276
1982-07-16,double,30.75,15.728047284212979,56.5,16.692117257551715,5.127281362360174
1982-07-17,single,58.25,21.797232020984996,,,
1982-07-18,single,61.5,31.10289261557839,,,
1982-07-19,single,64.5,31.07266530123624,,,
1982-07-20,single,63.75,26.037009846080434,,,
1982-07-21,double,40.75,17.298226963390004,62.5,20.135183160955254,0.835706811059605
1982-07-22,double,39.0,18.489207007668234,65.75,19.79585664922541,1.4022869819944555
1982-07-23,double,37.25,19.17566542191939,64.25,20.92057401483709,2.784507924860174
1982-07-24,double,37.75,18.41220612959428,63.75,27.97679190202193,2.374774391000921
1982-07-25,double,39.75,21.803782202980734,66.0,22.246726642955434,1.7000744126059792
1982-07-26,double,40.0,25.216156872836027,68.5,21.14995072104714,5.614278966730291
1982-07-27,double,40.25,25.80607691678134,68.5,24.543480613014914,3.2675798372788862
1982-07-28,double,42.5,24.4453182220459,68.75,22.95748589255593,1.7799077359112827
1982-07-29,double,44.25,24.15714506669478,70.25,20.66023722561923,7.890446619553999
1982-07-30,double,42.5,24.679810090498492,67.5,20.535752383145418,3.9515369588678535
1982-07-31,double,43.0,25.72895050048828,68.75,26.981826088645242,-1.5663070732896978
1982-08-01,double,44.75,23.38852240822532,68.25,18.85156215320934,-6.439412333748558
1982-08-02,single,42.5,23.968048442493785,,,
1982-08-03,single,43.0,23.79131282459606,,,
1982-08-04,single,44.25,25.97695541381836,,,
1982-08-05,single,44.75,24.875174955888227,,,
1982-08-06,single,42.75,21.314911408857867,,,
1982-08-07,single,54.75,19.88152937455611,,,
1982-08-08,single,55.5,24.81952545859597,,,
1982-08-09,single,54.25,29.778516249223188,,,
1982-08-10,single,55.75,32.67665169455788,,,
1982-08-11,single,53.75,29.552475322376598,,,
1982-08-12,single,50.5,34.7000285061923,,,
1982-08-13,single,49.5,39.051706140691586,,,
1982-08-14,single,51.25,32.8396127874201,,,
1982-08-15,single,53.75,38.95774841308594,,,
1982-08-16,single,53.0,40.41147856278853,,,
1982-08-17,single,53.75,34.3068452314897,,,
1982-08-18,single,48.25,29.68743896484375,,,
1982-08-19,single,52.25,32.864580327814274,,,
1982-08-20,single,51.75,27.962398702448066,,,
1982-08-21,single,53.5,26.816696860573508,,,
1982-08-22,single,53.25,31.807887164029207,,,
1982-08-23,single,56.25,28.70646233992143,,,
1982-08-24,single,52.75,31.932782953435723,,,
1982-08-25,single,51.5,33.38218931718306,,,
1982-08-26,single,51.25,31.053064693104137,,,
1982-08-27,single,49.0,27.374686154452238,,,
1982-08-28,single,51.75,29.591613596135918,,,
1982-08-29,single,53.5,29.51125040921298,,,
1982-08-30,double,59.25,33.07064091075551,74.5,19.501461505889893,12.079333565451883
1982-08-31,single,61.25,33.87297196821733,,,
1982-09-01,double,27.25,15.449030529369008,57.5,38.11422486738725,-1.8178117817098445
1982-09-02,double,26.25,16.849482276222922,54.0,36.03964337435636,-1.0921786210753701
1982-09-03,double,26.5,16.86825639551336,54.25,35.620884982022375,-2.251933379606767
1982-09-04,double,27.25,16.50087946111506,57.5,42.21528209339488,-4.6438468586314805
1982-09-05,double,26.25,16.01608267697421,57.25,38.6231013211337,-3.7515412027185615
1982-09-06,double,25.75,15.340812596407803,56.5,37.425724029541016,-1.885905753482472
1982-09-07,single,55.75,40.1350132335316,,,
1982-09-08,single,56.0,39.425189625133164,,,
1982-09-09,single,55.25,26.14913056113503,,,
1982-09-10,double,36.25,17.17226323214444,52.5,23.55508769642223,11.788318373940207
1982-09-11,double,32.75,16.371321764859285,58.75,29.562941811301492,8.404923525723545
1982-09-12,double,30.75,15.914418133822354,63.5,28.311777981844816,7.673044421456077
1982-09-13,double,30.75,16.67767264626243,62.25,34.087770288640804,3.471097230911255
1982-09-14,double,30.5,19.040321176702324,61.0,37.73063278198242,-0.611004984175617
1982-09-15,double,26.0,17.232824498956855,60.25,37.83245918967507,-0.3212105313485319
1982-09-16,double,25.0,16.277762152931906,62.5,32.33166087757457,2.3100210536609995
1982-09-17,double,26.0,15.792641206221147,58.5,26.978883396495473,5.252899169921875
1982-09-18,single,52.0,27.32672691345215,,,
1982-09-19,single,58.5,31.538643403486773,,,
1982-09-20,double,54.25,27.052093159068715,68.25,24.649485501376066,15.1391489722512
1982-09-21,double,51.5,33.3817173350941,74.25,21.824600007798935,6.190381873737682
1982-09-22,single,49.5,40.094884699041195,,,
1982-09-23,single,49.75,40.363090168346055,,,
1982-09-24,single,47.0,35.322270826859906,,,
1982-09-25,single,47.5,32.69691224531694,,,
1982-09-26,single,46.75,32.08607500249689,,,
1982-09-27,single,50.0,29.8317383852872,,,
1982-09-28,single,49.75,34.51483847878196,,,
1982-09-29,single,50.0,37.59219013560902,,,
1982-09-30,single,47.25,36.268002249977805,,,
1983-05-01,single,47.75,28.221025293523613,,,
1983-05-02,double,23.5,27.646266763860528,45.75,30.522654620083895,16.954476443204012
1983-05-03,double,42.5,33.8741569519043,71.75,19.077102661132812,4.748384692452171
1983-05-04,double,40.0,29.769963524558328,72.25,16.675249619917437,8.584004228765314
1983-05-05,single,39.5,26.73217166553844,,,
1983-05-06,double,22.25,23.548140612515535,56.25,21.293718164617363,14.153616124933416
1983-05-07,double,20.25,22.70288303920201,51.75,26.102089968594637,11.411731719970703
1983-05-08,single,52.25,32.83328073674982,,,
1983-05-09,double,33.75,24.25174192948775,52.0,31.42191661487926,14.662433450872248
1983-05-10,single,47.0,29.645199342207476,,,
1983-05-11,double,28.0,25.175730445168234,45.75,33.072860370982774,19.698325937444512
1983-05-12,single,41.25,29.640348434448242,,,
1983-05-13,single,34.75,28.878914052789863,,,
1983-05-14,double,31.5,27.687185634266246,51.5,22.267146544022992,15.129745916886764
1983-05-15,double,28.75,26.767017711292613,57.0,22.24654301730069,15.67635813626376
1983-05-16,double,28.75,28.22357212413441,64.5,15.417078798467463,9.185685764659535
1983-05-17,single,28.25,25.814787431196734,,,
1983-05-18,double,29.0,27.25971898165616,62.0,15.112415660511363,7.008268226276744
1983-05-19,single,24.75,25.81098175048828,,,
1983-05-20,single,24.25,26.40983806956898,,,
1983-05-21,single,23.75,24.72494264082475,,,
1983-05-22,single,25.0,24.50206167047674,,,
1983-05-23,single,25.5,25.78581376509233,,,
1983-05-24,double,23.5,25.005725860595703,40.0,26.228044509887695,18.36480851606889
1983-05-25,single,40.0,25.322825691916726,,,
1983-05-26,single,35.25,26.629276795820758,,,
1983-05-27,single,35.5,25.397092645818535,,,
1983-05-28,single,36.75,24.840933539650656,,,
1983-05-29,single,41.25,27.801197745583274,,,
1983-05-30,single,41.5,25.836081071333453,,,
1983-05-31,single,35.0,23.02052740617232,,,
1983-06-01,single,43.25,20.529386520385742,,,
1983-06-02,double,20.75,19.676379945543076,62.25,19.982669830322266,13.886824607849121
1983-06-03,single,63.25,23.074750553477894,,,
1983-06-04,single,66.75,20.707093152132902,,,
1983-06-05,double,49.0,21.171097842129793,73.5,18.945979205044832,12.317706628279252
1983-06-06,single,67.25,18.995906309647992,,,
1983-06-07,double,43.25,16.59072321111506,64.75,21.61763676730069,9.239846056157893
1983-06-08,single,58.25,22.537329760464754,,,
1983-06-09,single,55.25,30.622125799005683,,,
1983-06-10,single,49.5,31.097739479758523,,,
1983-06-11,single,49.5,29.034988750110973,,,
1983-06-12,double,20.5,22.35273003578186,47.25,27.484356099909004,0.5051697079430927
1983-06-13,double,20.75,19.185850355360245,47.0,23.281177520751953,7.70076678015969
1983-06-14,double,53.0,18.936831214211203,67.75,18.207203778353605,9.442762808366256
1983-06-15,double,38.5,16.273989070545543,62.5,17.188699202104047,6.987907322970304
1983-06-16,single,38.25,16.147264220497824,,,
1983-06-17,double,38.0,16.665843616832387,69.25,16.10439257188277,6.822972991249778
1983-06-18,single,28.0,16.91209602355957,,,
1983-06-19,double,27.5,19.704999056729402,67.75,20.562303716486152,-2.792170676318082
1983-06-20,double,27.75,23.019649332219903,40.25,19.53384087302468,12.766841541637074
1983-06-21,single,28.25,21.542254014448687,,,
1983-06-22,double,29.5,20.43605561689897,62.0,15.64833554354581,-0.5491231592922386
1983-06-23,double,30.75,21.241544029929422,65.75,16.752816286954012,2.7591537562283603
1983-06-24,double,32.0,24.30006894198331,59.25,21.631412506103516,-2.7687250917608086
1983-06-25,double,33.25,24.025014010342684,61.5,22.21741260181774,1.1721038818359375
1983-06-26,double,34.0,21.74006600813432,60.0,17.162279302423652,6.846302032470703
1983-06-27,double,32.5,19.856393467296254,58.5,20.677021026611328,7.24033802205866
1983-06-28,double,32.0,19.833518635142934,56.25,19.146297801624645,6.008615580472079
1983-06-29,double,34.75,20.132085106589578,47.75,16.418860695578836,7.581997741352428
1983-06-30,double,32.75,18.16125418923118,50.75,24.156233007257637,5.707560322501442
1983-07-01,single,54.25,28.169814023104582,,,
1983-07-02,single,55.0,30.017214514992453,,,
1983-07-03,double,26.75,15.217883803627707,56.25,30.228498805652965,4.592665195465088
1983-07-04,double,27.25,16.102815367958762,57.25,32.82212968306108,4.810106147419322
1983-07-05,single,59.25,30.066023046320137,,,
1983-07-06,single,64.75,26.220317840576172,,,
1983-07-07,single,65.0,23.56264166398482,,,
1983-07-08,single,65.5,23.14137094671076,,,
1983-07-09,double,39.0,15.383324709805576,68.25,27.151308233087715,2.6339824199676514
1983-07-10,single,70.0,29.291161623868074,,,
1983-07-11,single,69.25,23.037083539095793,,,
1983-07-12,double,35.0,15.074295910921963,64.0,27.26497372713956,-5.577067158438942
1983-07-13,double,35.0,18.090565074573863,63.25,32.10347574407404,-1.1391820040616123
1983-07-14,double,35.5,21.263439872048117,63.75,33.1423190723766,-5.510160446166992
1983-07-15,double,37.5,19.497696616432883,61.75,26.07463333823464,-3.3878563317385586
1983-07-16,double,37.75,19.236391414295543,62.75,26.60764069990678,-1.0492279529571533
1983-07-17,double,34.5,16.2074180949818,63.5,25.84089400551536,5.12472711909901
1983-07-18,single,64.5,26.477554668079723,,,
1983-07-19,single,67.5,19.12150712446733,,,
1983-07-20,single,47.0,16.710427370938387,,,
1983-07-21,double,46.5,18.18933209505948,61.75,18.859458923339844,10.170284271240234
1983-07-22,double,47.0,17.083812020041726,64.5,17.16876081986861,10.668891473249955
1983-07-23,double,28.5,15.208198200572621,51.0,19.11370780251243,2.903836900537664
1983-07-24,double,29.0,15.990148370916193,49.0,18.392813422463156,7.220171668312767
1983-07-25,double,38.5,15.271507609974254,71.0,19.16182379289107,7.174928838556463
1983-07-26,double,37.75,18.042592828924004,57.25,22.430398074063387,7.553228985179555
1983-07-27,double,39.0,17.436662500554863,61.5,25.6300593289462,9.362467939203436
1983-07-28,single,61.5,25.509498769586738,,,
1983-07-29,single,61.5,30.55413176796653,,,
1983-07-30,double,32.5,15.557069344954057,59.0,28.329763412475586,3.4981436079198662
1983-07-31,single,61.25,23.333576028997246,,,
1983-08-01,single,41.75,19.12218562039462,,,
1983-08-02,double,39.25,20.47293298894709,56.25,16.448001167990945,9.530235290527344
1983-08-03,double,37.75,18.017803885719992,58.25,24.158010309392754,9.150286414406516
1983-08-04,double,39.25,19.777273871681906,61.0,22.66419844193892,8.27530626817183
1983-08-05,double,39.5,20.215390812266957,64.75,19.597388701005414,7.713825312527743
1983-08-06,double,36.5,19.45284670049494,58.25,16.993140133944426,4.895334590565074
1983-08-07,double,34.0,17.302561153065074,63.25,20.091237848455254,0.915318491784009
1983-08-08,double,33.25,17.493948329578746,65.0,25.612150712446734,0.3975300030274825
1983-08-09,double,33.0,17.372145912863992,66.75,38.011239138516515,-0.48415119759738445
1983-08-10,double,32.75,18.19015121459961,66.5,37.53295829079368,-0.2920373088934205
1983-08-11,double,37.75,19.67523366754705,63.25,45.03023078224876,-7.838437600569292
1983-08-12,double,37.25,23.31124513799494,65.0,29.973038413307883,-1.563697023825212
1983-08-13,double,37.0,21.494743173772637,68.25,24.920814167369496,-2.3377990126609802
1983-08-14,single,63.0,23.313353972001508,,,
1983-08-15,double,40.75,15.898140820589932,58.25,34.78847746415572,3.2230246500535444
1983-08-16,single,61.75,29.435795870694246,,,
1983-08-17,single,59.75,23.467025410045277,,,
1983-08-18,double,38.0,17.713255968960848,61.75,21.435040387240324,9.701816818930887
1983-08-19,double,40.0,21.03011270002885,59.5,20.088985443115234,7.08784853328358
1983-08-20,double,39.25,20.416901675137606,59.5,20.296265168623492,6.81547060879794
1983-08-21,double,37.5,18.024621096524324,63.75,24.995112505826082,5.407311179421165
1983-08-22,double,35.5,18.597582383589312,66.25,31.702720468694512,8.590103062716397
1983-08-23,double,46.75,16.772412386807527,67.25,26.53485211459073,7.185953703793612
1983-08-24,double,47.5,20.02933294122869,70.25,15.71669951352206,3.46975775198503
1983-08-25,double,39.75,16.106989513744008,62.25,18.588490226052024,5.941247246482155
1983-08-26,double,37.5,17.30695169622248,64.25,20.523203242908824,7.056408101862127
1983-08-27,double,35.5,16.490176460959695,59.25,28.407392675226387,4.473405317826704
1983-08-28,double,31.75,16.84987397627397,60.0,31.442245136607777,5.357798056168989
1983-08-29,double,29.25,15.054478211836381,63.5,26.76902788335627,10.024585810574619
1983-08-30,double,47.0,21.67735446583141,64.0,31.468075665560637,12.331745927984064
1983-08-31,double,43.75,26.851835424249824,64.75,27.949791474775836,15.457748586481268
1983-09-01,single,46.75,30.841856349598277,,,
1983-09-02,single,47.5,32.590057373046875,,,
1983-09-03,single,47.5,32.26882587779652,,,
1983-09-04,single,52.75,35.02159569480202,,,
1983-09-05,single,53.0,39.2933744950728,,,
1983-09-06,single,53.75,33.524980718439274,,,
1983-09-07,single,49.5,32.887238935990766,,,
1983-09-08,single,50.75,27.602068987759676,,,
1983-09-09,double,49.25,24.482187617908824,62.0,16.91446737809615,11.15897005254572
1983-09-10,single,54.25,16.686010534113105,,,
1983-09-11,double,45.5,22.892305374145508,72.25,19.39757069674405,5.68911058252508
1983-09-12,single,46.75,28.813691052523527,,,
1983-09-13,single,49.5,36.85414227572355,,,
1983-09-14,single,49.5,42.018373315984554,,,
1983-09-15,single,51.0,40.9915771484375,,,
1983-09-16,single,47.75,34.89382969249379,,,
1983-09-17,single,49.5,37.673899217085406,,,
1983-09-18,single,49.5,33.33605367487127,,,
1983-09-19,single,50.25,30.588672637939453,,,
1983-09-20,single,49.75,33.266331759366125,,,
1983-09-21,single,49.75,31.354705637151543,,,
1983-09-22,single,57.0,26.943158409812234,,,
1983-09-23,single,63.75,38.755464727228336,,,
1983-09-24,double,22.0,15.09856128692627,62.75,38.410063310102984,-1.3104880289597944
1983-09-25,double,22.5,17.516749121926047,65.0,49.36741117997603,2.374751632863825
1983-09-26,double,23.0,18.05814413590865,64.75,39.07527542114258,2.493300047787753
1983-09-27,double,22.25,18.72380846196955,63.25,41.115168831565164,0.9041465331207622
1983-09-28,single,62.25,28.968115199695934,,,
1983-09-29,double,40.25,22.38559913635254,56.25,18.03932103243741,9.923422900113193
1983-09-30,double,41.75,24.322142687710848,69.25,16.36496855995872,7.530689239501953
1984-05-01,double,29.0,33.48740282925692,71.0,17.807029897516426,6.689037279649214
1984-05-02,double,29.75,35.55581942471591,72.25,19.905148072676226,4.976373238997026
1984-05-03,double,25.75,31.67925227772106,67.75,23.754017396406695,0.9749292731285095
1984-05-04,double,24.0,30.118703668767754,65.0,22.190491936423562,1.89955181425268
1984-05-05,double,23.75,31.823463613336738,65.25,23.43581598455256,2.8676190593025903
1984-05-06,double,23.75,30.115185477516867,66.5,18.651078137484465,-3.2299352234060112
1984-05-07,double,24.5,31.028177087957207,67.0,18.13122697310014,0.12286172132007778
1984-05-08,double,32.5,31.64089584350586,65.5,19.317992643876508,3.2729118303819136
1984-05-09,double,27.0,31.100556460293856,48.75,16.94244384765625,11.096319285306064
1984-05-10,double,29.75,31.522240031849254,53.0,21.150435187599875,4.894817569039085
1984-05-11,double,28.75,32.09097064625133,70.75,16.51240210099654,4.574428688396107
1984-05-12,double,29.5,31.467524441805754,64.25,18.601606542413887,1.5901656367562034
1984-05-13,double,31.0,32.31846757368608,63.25,19.940054980191317,-4.884163162925026
1984-05-14,double,27.0,32.862584200772375,66.75,20.580855456265535,-0.04885687298056754
1984-05-15,double,26.5,36.51506944136186,59.25,19.239561080932617,5.258018146861684
1984-05-16,double,26.0,35.091942527077414,59.0,16.9980056069114,4.09828333421187
1984-05-17,double,26.5,33.25984330610795,62.75,17.67252107100053,6.919269691814076
1984-05-18,double,26.0,30.773363633589312,56.25,20.64674117348411,4.733511534604159
1984-05-19,double,27.5,31.768175992098723,55.75,17.54320491443981,7.010905569249934
1984-05-20,double,28.75,27.44979407570579,62.0,19.719968448985707,4.4276980053294785
1984-05-21,single,29.25,24.74249163540927,,,
1984-05-22,single,37.5,29.14510258761319,,,
1984-05-23,double,36.5,24.146195498379793,61.75,19.11929841475053,2.671674294905229
1984-05-24,double,35.25,23.660628405484285,62.5,26.8459959897128,-3.534350135109641
1984-05-25,double,36.0,25.68487375432795,67.5,19.929791883988813,-0.9356377612460743
1984-05-26,double,23.5,19.88923593000932,72.0,18.042579997669566,3.7387123974886807
1984-05-27,single,29.5,17.57714202187278,,,
1984-05-28,single,33.25,18.581036480990324,,,
1984-05-29,double,27.75,23.823394255204633,50.5,18.63359867442738,13.419382615522904
1984-05-30,double,27.5,22.79511260986328,49.5,24.68833247098056,9.72094761241566
1984-05-31,double,22.25,21.741425774314187,43.75,29.581280448219992,5.5819338885220615
1984-06-01,double,23.0,22.507239601828836,43.0,26.048642418601297,11.732884840531783
1984-06-02,single,52.25,25.520863272927024,,,
1984-06-03,single,37.5,24.23208323392001,,,
1984-06-04,single,42.25,27.47908592224121,,,
1984-06-05,single,43.5,25.896941271695223,,,
1984-06-06,double,38.0,23.931340477683328,72.0,21.011484492908824,-5.278285893526944
1984-06-07,double,38.75,27.839996684681285,69.25,17.728296973488547,-4.444108009338379
1984-06-08,single,39.0,26.868263591419566,,,
1984-06-09,single,38.75,24.554811824451793,,,
1984-06-10,single,38.75,19.853646538474344,,,
1984-06-11,single,51.75,20.425723856145684,,,
1984-06-12,double,34.25,18.314972444014117,54.75,21.46123678034002,10.217520020224832
1984-06-13,double,36.25,18.948998017744586,56.25,25.21148785677823,7.284022678028453
1984-06-14,double,32.0,15.172782204367898,48.5,21.940143238414418,8.934934789484197
1984-06-15,single,49.5,24.019771055741742,,,
1984-06-16,single,53.25,20.207907243208453,,,
1984-06-17,single,58.5,18.421456943858754,,,
1984-06-18,single,61.75,23.55354846607555,,,
1984-06-19,single,56.5,27.190966866233133,,,
1984-06-20,single,58.0,31.996673237193715,,,
1984-06-21,single,56.5,28.248987891457297,,,
1984-06-22,single,57.5,32.11542493646795,,,
1984-06-23,double,32.0,19.13686128096147,60.25,23.403277657248758,4.95609899000688
1984-06-24,double,32.25,18.33356302434748,61.5,22.620505593039773,8.965191494334828
1984-06-25,double,32.75,18.196668104691938,59.5,18.24978429620916,10.328658277338201
1984-06-26,double,35.5,16.766414295543324,59.0,15.926450469277121,8.536884134465998
1984-06-27,double,40.25,18.91926990855824,54.5,16.354484037919477,9.863743348555131
1984-06-28,single,42.5,19.327680240977894,,,
1984-06-29,single,40.25,21.16814561323686,,,
1984-06-30,single,39.25,20.287179600108754,,,
1984-07-01,single,47.25,26.902894626964223,,,
1984-07-02,single,44.75,30.216765143654563,,,
1984-07-03,single,43.5,29.636147932572797,,,
1984-07-04,double,43.25,25.43214988708496,68.0,15.242025375366211,3.2610795281150122
1984-07-05,double,38.5,20.33701636574485,71.25,15.966336423700506,2.547319000417536
1984-07-06,double,35.75,18.0152100649747,52.25,20.72952686656605,8.918047731572932
1984-07-07,single,70.0,15.360889955000443,,,
1984-07-08,double,40.25,21.518911535089668,65.0,19.302108764648438,5.8898749784989795
1984-07-09,double,40.25,17.23430754921653,67.75,21.729592410000887,4.9745121435685595
1984-07-10,double,37.25,15.665114749561656,54.75,16.20528325167569,8.352785283868963
1984-07-11,double,38.25,15.23096951571378,57.5,24.23914371837269,8.824712926691229
1984-07-12,single,56.75,22.799179770729758,,,
1984-07-13,single,58.0,25.195416363802824,,,
1984-07-14,single,51.25,20.325368187644266,,,
1984-07-15,single,49.5,21.00026460127397,,,
1984-07-16,single,45.75,22.052182110873137,,,
1984-07-17,single,43.5,20.009158741344105,,,
1984-07-18,single,42.75,20.042036750099875,,,
1984-07-19,single,42.0,19.6229322606867,,,
1984-07-20,single,42.0,16.769446806474164,,,
1984-07-21,single,44.25,16.05517292022705,,,
1984-07-22,single,46.25,17.082371971823953,,,
1984-07-23,single,45.75,23.776441053910688,,,
1984-07-24,single,44.25,27.114975669167258,,,
1984-07-25,single,44.75,25.086303190751508,,,
1984-07-26,double,44.5,20.030738483775746,59.0,20.048397757790305,8.06768256967718
1984-07-27,double,41.0,19.888697710904207,61.75,21.726796757091176,3.9942046295512807
1984-07-28,single,60.0,26.443558432839133,,,
1984-07-29,single,50.5,30.40851436961781,,,
1984-07-30,single,50.25,32.974728324196555,,,
1984-07-31,single,47.25,30.891089526089754,,,
1984-08-01,single,45.0,25.04821049083363,,,
1984-08-02,single,48.25,21.287355422973633,,,
1984-08-03,single,49.75,18.477461901578035,,,
1984-08-04,single,52.0,19.8902645111084,,,
1984-08-05,single,58.0,20.467058875344016,,,
1984-08-06,none,,,,,
1984-08-07,single,55.75,18.3575026772239,,,
1984-08-08,single,60.0,26.578475778753106,,,
1984-08-09,double,32.75,17.10418874567205,63.5,21.62680400501598,3.697447755120017
1984-08-10,double,32.0,17.46519834345037,62.75,21.34097584811124,1.929625316099687
1984-08-11,double,31.25,16.224032575433906,58.0,18.095667578957297,2.738415392962369
1984-08-12,double,32.25,15.678823124278676,58.0,20.152062676169656,3.207745140249079
1984-08-13,double,35.75,16.68645078485662,57.0,16.435502832586113,6.702613700519908
1984-08-14,double,36.25,16.974683588201348,56.5,17.95990579778498,10.63393124667081
1984-08-15,double,36.75,17.832148465243254,59.25,15.484672806479715,10.403396519747647
1984-08-16,double,37.0,21.062476418235086,63.0,18.353891546075996,4.260429555719549
1984-08-17,double,34.0,20.390533967451617,67.5,21.675006519664418,4.565266175703569
1984-08-18,double,33.5,21.08350996537642,69.75,27.416838039051402,7.719002550298518
1984-08-19,double,32.25,17.889152006669477,69.25,25.19838992032138,7.3698813698508525
1984-08-20,double,32.5,15.065672007474033,65.25,22.00379111550071,6.709175239909779
1984-08-21,single,68.0,22.645538156682793,,,
1984-08-22,double,41.25,15.80452910336581,68.75,28.38259575583718,3.0952441692352295
1984-08-23,single,69.5,23.386546221646395,,,
1984-08-24,double,46.0,20.128253416581586,72.75,21.355830972844903,2.859716372056441
1984-08-25,single,52.0,22.016019821166992,,,
1984-08-26,single,52.5,22.303944154219195,,,
1984-08-27,single,57.5,21.687523408369586,,,
1984-08-28,single,55.5,25.13142221624201,,,
1984-08-29,single,55.25,29.510670401833274,,,
1984-08-30,single,56.5,26.545819889415394,,,
1984-08-31,single,57.0,24.839000181718305,,,
1984-09-01,single,55.5,27.898955605246805,,,
1984-09-02,single,50.5,19.857392744584516,,,
1984-09-03,single,51.0,20.35582126270641,,,
1984-09-04,single,45.75,15.67889404296875,,,
1984-09-05,double,45.75,18.32747927579013,73.0,24.561471765691582,5.476458549499512
1984-09-06,double,52.75,16.895321585915305,70.75,20.188730760054156,8.326131907376377
1984-09-07,single,58.25,22.011839259754527,,,
1984-09-08,single,57.75,30.788652593439277,,,
1984-09-09,single,53.5,30.383983612060547,,,
1984-09-10,single,60.75,31.924977736039594,,,
1984-09-11,single,59.75,29.636524720625445,,,
1984-09-12,single,51.5,33.72221513227983,,,
1984-09-13,single,52.75,31.158564480868254,,,
1984-09-14,single,51.0,27.415599129416726,,,
1984-09-15,single,51.75,30.87854593450373,,,
1984-09-16,single,53.75,38.86259078979492,,,
1984-09-17,double,26.5,15.510041323575107,55.25,30.46537069840865,-1.2084719267758457
1984-09-18,double,25.0,16.71612375432795,57.5,36.704985878684305,3.0455278266559946
1984-09-19,single,55.25,38.444107402454726,,,
1984-09-20,single,54.25,37.73313175548207,,,
1984-09-21,single,53.0,33.8850132335316,,,
1984-09-22,single,48.5,28.897756923328746,,,
1984-09-23,double,46.0,29.027327277443625,71.5,19.00233268737793,-1.3794577501036904
1984-09-24,single,47.25,27.95996683294123,,,
1984-09-25,single,48.75,27.224383094094016,,,
1984-09-26,single,48.75,26.106929952448066,,,
1984-09-27,double,27.75,15.912118651650168,48.5,21.053817575628106,10.505506602200596
1984-09-28,double,25.25,15.90997687253085,48.25,28.52745992487127,7.697129596363414
1984-09-29,double,22.75,17.20621646534313,48.0,40.743898218328304,2.5655978376215156
1984-09-30,double,22.25,16.99708990617232,48.5,47.15940960970792,-3.112734707919034
1985-05-01,single,22.0,31.29440689086914,,,
1985-05-02,double,22.0,31.22155137495561,47.75,24.598446065729316,16.726660988547586
1985-05-03,double,25.0,29.34275349703702,47.5,29.38952012495561,11.775615778836338
1985-05-04,double,25.25,30.68569651517001,49.5,32.11961191350763,12.035463593222879
1985-05-05,double,25.25,33.0038237138228,43.25,20.09096908569336,11.674721457741477
1985-05-06,double,24.75,33.027639562433414,37.25,20.40639235756614,13.927311290394176
1985-05-07,single,24.25,30.995718175714668,,,
1985-05-08,double,25.75,28.990904547951438,52.0,22.015930695967242,8.838212360035289
1985-05-09,double,23.75,28.817989175969903,50.0,18.840594378384676,7.8022917400706895
1985-05-10,double,25.5,28.312293832952324,58.0,15.880697163668545,7.606560186906294
1985-05-11,double,22.0,31.0028282512318,65.25,15.507573214444248,7.7418381951072
1985-05-12,double,22.0,33.38754376498136,70.0,19.167648315429688,3.4362424937161533
1985-05-13,double,22.5,33.39503166892312,69.0,24.244766928932883,-1.852758526802063
1985-05-14,double,23.75,33.67025028575551,74.5,22.380340337753296,-3.414716373790394
1985-05-15,single,23.0,33.906532287597656,,,
1985-05-16,single,20.25,31.045124871390207,,,
1985-05-17,single,24.25,28.089360150423918,,,
1985-05-18,double,23.5,23.863075082952324,54.25,16.074599266052246,1.8798850666392932
1985-05-19,double,29.0,24.256509607488457,71.75,18.240794441916726,2.870827328075062
1985-05-20,double,31.0,28.572824131358754,71.0,22.331574700095437,-0.2500637158412825
1985-05-21,double,30.25,26.64359543540261,72.5,16.654401432384144,-3.0261331471529873
1985-05-22,double,28.5,29.761070598255504,45.0,19.52141709761186,14.253124497153543
1985-05-23,single,28.0,32.05749945207076,,,
1985-05-24,double,24.5,29.460240277377043,47.5,17.659190091219816,12.41689057783647
1985-05-25,double,33.75,28.67160554365678,55.25,17.684770930897106,6.761312181299383
1985-05-26,single,35.5,30.021657943725586,,,
1985-05-27,single,35.75,29.437660390680488,,,
1985-05-28,single,34.5,26.86138291792436,,,
1985-05-29,single,37.75,22.452144796198066,,,
1985-05-30,single,35.25,19.29777006669478,,,
1985-05-31,single,35.0,22.128614252263848,,,
1985-06-01,double,34.75,19.643381985751066,62.0,22.23723619634455,5.514610897411
1985-06-02,double,31.75,19.027503100308504,62.0,24.347149935635652,0.3796538710594177
1985-06-03,double,35.75,19.870635639537465,63.0,24.545277508822355,-2.3934233513745395
1985-06-04,double,36.0,22.95018196105957,61.75,22.4028039412065,-1.4255003278905696
1985-06-05,double,34.5,22.2938759543679,59.5,17.707868576049805,5.0333475199612705
1985-06-06,single,33.25,21.70406254855069,,,
1985-06-07,double,37.5,19.80589519847523,56.5,23.10299231789329,5.711789824745872
1985-06-08,double,37.0,19.7008790102872,58.5,27.277983578768644,4.113772674040361
1985-06-09,double,37.75,19.425430471246894,51.75,21.784104087136008,7.818194562738592
1985-06-10,double,38.25,18.66185899214311,53.25,24.417397585782137,10.12099890275435
1985-06-11,single,54.25,20.640920985828746,,,
1985-06-12,single,50.5,21.791901328346945,,,
1985-06-13,single,49.75,28.67329354719682,,,
1985-06-14,single,51.75,33.970764506946914,,,
1985-06-15,single,49.25,31.73108014193448,,,
1985-06-16,single,47.25,33.744597001509234,,,
1985-06-17,single,48.25,39.558211933482774,,,
1985-06-18,single,48.0,33.26468935879794,,,
1985-06-19,single,45.75,33.498502557927914,,,
1985-06-20,single,46.0,32.83944390036843,,,
1985-06-21,single,46.5,33.764107790860265,,,
1985-06-22,single,47.25,37.331777052445844,,,
1985-06-23,single,45.5,31.96733925559304,,,
1985-06-24,double,48.0,23.553665161132812,70.5,17.994529377330434,-6.5801097696477715
1985-06-25,double,49.75,19.580378965897992,68.75,19.106609517877754,-3.991743196140636
1985-06-26,single,34.75,19.77400710365989,,,
1985-06-27,single,42.75,21.140234860506926,,,
1985-06-28,single,41.75,22.465634432705965,,,
1985-06-29,double,34.5,19.925231066617098,56.0,22.870858452536844,11.307781566273082
1985-06-30,single,54.75,28.341214613481,,,
1985-07-01,single,52.5,25.247636968439277,,,
1985-07-02,single,47.25,23.347504529086027,,,
1985-07-03,single,41.5,20.11674672907049,,,
1985-07-04,double,41.25,23.456479159268465,60.5,18.578517046841707,7.356430747292259
1985-07-05,single,42.75,20.45080028880726,,,
1985-07-06,single,42.5,20.083290793678977,,,
1985-07-07,double,39.75,17.21775991266424,55.25,15.754292054609818,8.584697983481668
1985-07-08,double,38.25,16.86182230169123,54.75,18.626562118530273,9.126127676530318
1985-07-09,single,56.5,17.833159533413973,,,
1985-07-10,single,57.0,19.37105404246937,,,
1985-07-11,single,55.75,22.35380120710893,,,
1985-07-12,single,54.75,21.43183673511852,,,
1985-07-13,single,55.5,24.628800478848543,,,
1985-07-14,single,55.0,28.84088932384144,,,
1985-07-15,single,54.0,31.7055383162065,,,
1985-07-16,single,53.25,34.54926438765092,,,
1985-07-17,single,54.25,38.064054315740414,,,
1985-07-18,single,53.0,34.971566980535336,,,
1985-07-19,single,51.75,39.37143325805664,,,
1985-07-20,single,50.0,31.11875239285556,,,
1985-07-21,single,50.25,30.05984046242454,,,
1985-07-22,single,52.25,26.617401469837535,,,
1985-07-23,single,50.75,25.783849889581855,,,
1985-07-24,single,53.5,23.399946559559215,,,
1985-07-25,single,52.25,26.675579071044922,,,
1985-07-26,single,49.75,28.29170695218173,,,
1985-07-27,single,50.75,28.779366926713422,,,
1985-07-28,single,45.0,25.04721520163796,,,
1985-07-29,single,48.75,25.238212065263227,,,
1985-07-30,single,49.5,29.156305486505683,,,
1985-07-31,single,52.25,27.989480452104047,,,
1985-08-01,single,50.25,35.24215524846857,,,
1985-08-02,single,51.25,37.20010098544034,,,
1985-08-03,single,49.75,37.19317973743785,,,
1985-08-04,single,51.0,42.12338638305664,,,
1985-08-05,single,53.5,31.803247278386895,,,
1985-08-06,single,53.5,29.66364253651012,,,
1985-08-07,single,52.0,28.87085671858354,,,
1985-08-08,single,48.75,23.802099401300605,,,
1985-08-09,single,45.25,26.371960033069957,,,
1985-08-10,single,45.25,25.303259416060015,,,
1985-08-11,single,46.0,17.7274920723655,,,
1985-08-12,single,51.0,17.581824909556996,,,
1985-08-13,single,44.75,21.766780333085492,,,
1985-08-14,single,44.25,24.57302544333718,,,
1985-08-15,double,44.75,24.630809263749555,67.0,22.68006775595925,-2.365507060831243
1985-08-16,double,44.5,22.99871063232422,68.25,25.340818231756035,-1.6725885380398144
1985-08-17,double,47.25,29.163536765358664,67.75,28.978200045498934,-1.9877569350329312
1985-08-18,double,47.5,36.53115324540572,67.5,35.63213261691007,-10.236130887811834
1985-08-19,double,46.5,35.34663911299272,68.75,20.45139000632546,-0.04096822203560309
1985-08-20,double,47.25,25.311412637883965,74.5,15.250160694122314,-2.0541318871758203
1985-08-21,double,53.75,33.26513047651811,73.0,16.11405884135853,-7.100469979372892
1985-08-22,single,50.75,36.95771616155451,,,
1985-08-23,single,51.0,38.18940457430753,,,
1985-08-24,single,54.25,26.019388025457207,,,
1985-08-25,single,51.25,22.794931064952504,,,
1985-08-26,single,43.0,24.913443998856977,,,
1985-08-27,single,40.75,23.52732328935103,,,
1985-08-28,double,39.5,21.148482582785867,60.0,17.380088112571023,11.729121554981578
1985-08-29,double,38.75,23.01511469754306,60.25,19.128679795698687,12.253342541781338
1985-08-30,single,43.25,20.742565848610617,,,
1985-08-31,single,46.5,26.8165340423584,,,
1985-09-01,double,48.5,34.855171550403945,66.0,16.3183424689553,8.850041042674672
1985-09-02,double,48.75,35.74064878983931,61.75,18.031611529263582,12.457727258855646
1985-09-03,single,49.25,32.51922451366078,,,
1985-09-04,single,51.75,27.867225300181996,,,
1985-09-05,single,56.75,30.286264072765004,,,
1985-09-06,single,49.25,25.307437029751863,,,
1985-09-07,single,48.25,22.367456782947887,,,
1985-09-08,single,48.25,23.030649011785332,,,
1985-09-09,single,46.75,21.43179841475053,,,
1985-09-10,single,49.5,20.337430953979492,,,
1985-09-11,single,47.75,22.213526812466707,,,
1985-09-12,double,48.25,25.02080535888672,72.5,15.350882963700728,8.28420639038086
1985-09-13,single,50.75,29.571962703358043,,,
1985-09-14,double,25.25,16.45930342240767,52.0,38.801601063121446,-2.9295706965706567
1985-09-15,double,26.25,15.542160034179688,56.5,37.95808965509588,-5.088970357721502
1985-09-16,double,31.5,15.102839469909668,56.75,40.73194885253906,1.1574667096138
1985-09-17,double,32.5,16.974444822831586,56.0,42.12021324851296,3.008401307192716
1985-09-18,single,56.0,33.28823332353072,,,
1985-09-19,double,34.75,18.04887754266912,58.25,29.431025938554242,7.826494953849099
1985-09-20,double,35.0,22.24909886446866,56.5,35.78543402931907,6.518382766030052
1985-09-21,double,31.5,17.070289785211738,58.0,35.083486730402164,2.883913668719205
1985-09-22,single,52.75,35.169301466508344,,,
1985-09-23,single,50.25,30.302176562222567,,,
1985-09-24,double,32.5,15.402249683033336,50.25,26.310090671886098,6.844960689544678
1985-09-25,double,50.0,21.44033536044034,70.75,21.473704598166726,5.360626914284446
1985-09-26,double,58.0,18.362058119340375,72.0,26.2929406599565,10.709657235579057
1985-09-27,double,31.5,15.73761003667658,57.75,26.102513920177113,0.6377537087960676
1985-09-28,single,62.25,26.899093281139027,,,
1985-09-29,single,65.75,24.110334049571644,,,
1985-09-30,double,46.0,23.131229400634766,65.0,26.146915609186347,9.483965093439275
1986-05-01,double,26.0,34.15555780584162,58.75,20.4992750341242,3.8557173772291704
1986-05-02,double,25.25,30.879600524902344,60.25,15.27954405004328,8.261685458096592
1986-05-03,double,23.5,29.069872422651812,62.5,19.124093836004082,0.9392352402210236
1986-05-04,double,23.25,29.74152339588512,68.0,18.50900788740678,-0.36776964040473104
1986-05-05,single,23.25,32.11703872680664,,,
1986-05-06,single,22.75,34.21038471568715,,,
1986-05-07,double,24.0,32.326791069724344,40.5,27.063688624988902,17.887279163707387
1986-05-08,double,24.0,29.554774024269797,41.25,23.435222972523082,15.907440705732865
1986-05-09,single,40.75,24.75446180863814,,,
1986-05-10,double,22.5,26.846450458873402,43.0,22.78988994251598,14.488525650717996
1986-05-11,double,22.75,24.386964797973633,50.0,23.972354021939363,13.258397622541947
1986-05-12,double,23.75,26.479271455244586,48.75,28.201128179376777,14.492283561012961
1986-05-13,double,25.75,24.384617025201972,48.75,25.283703543923117,17.04646110534668
1986-05-14,double,22.5,22.035784634676848,37.75,24.739011591131035,15.355398524891246
1986-05-15,double,21.75,21.10120270468972,38.25,26.473303881558504,13.966718153520064
1986-05-16,single,36.25,21.677369724620473,,,
1986-05-17,single,59.75,21.176062323830344,,,
1986-05-18,double,28.75,18.50035112554377,55.25,21.490212873979047,9.902838706970215
1986-05-19,double,25.25,20.29313815723766,55.75,31.753373579545453,3.465315732088956
1986-05-20,single,53.25,37.62416458129883,,,
1986-05-21,single,50.75,41.486454010009766,,,
1986-05-22,single,51.75,34.72788134488192,,,
1986-05-23,single,50.0,28.987346649169922,,,
1986-05-24,single,50.75,33.277014298872515,,,
1986-05-25,single,50.75,34.02423719926314,,,
1986-05-26,double,26.75,15.311816042119807,55.75,26.725594954057172,4.197042270140215
1986-05-27,single,59.25,28.91770414872603,,,
1986-05-28,single,57.75,23.21817571466619,,,
1986-05-29,double,28.25,15.321322181008078,59.5,24.691092231056906,9.34151467410001
1986-05-30,double,20.75,18.947494718763565,63.5,24.699588949030097,7.493551124225963
1986-05-31,double,26.5,19.681258114901457,66.75,23.220994082364168,6.2709807049144395
1986-06-01,double,26.0,21.17319817976518,49.5,16.827584526755594,7.2399211363358935
1986-06-02,double,22.75,18.22550496188077,55.5,25.204497424038973,7.67253455248746
1986-06-03,double,25.0,19.391340255737305,57.5,25.546573292125355,4.346323013305664
1986-06-04,double,26.5,20.417357878251508,48.5,16.51804698597301,3.8290812318975274
1986-06-05,double,26.75,25.2619892467152,46.75,22.67969911748713,1.916706995530562
1986-06-06,double,28.0,28.107417540116742,49.75,27.14135776866566,3.8723015785217285
1986-06-07,double,28.0,26.401470877907492,49.75,32.15296814658425,8.726321480490945
1986-06-08,double,28.0,25.070469769564543,51.25,29.509924628517844,7.354345321655273
1986-06-09,double,28.25,25.881324421275746,53.5,27.895597978071734,3.9498687007210473
1986-06-10,double,28.5,22.45599365234375,51.25,23.819957559758965,1.7337877533652566
1986-06-11,double,30.75,17.69284612482244,49.0,23.120485825972125,4.68069314956665
1986-06-12,double,27.25,15.386170734058727,45.5,23.26925277709961,4.912060477516868
1986-06-13,double,42.25,17.231781179254707,60.25,18.154191624034535,10.802485986189408
1986-06-14,single,63.25,23.554191415960137,,,
1986-06-15,double,30.0,15.762358578768643,65.0,30.030705191872336,2.2859518961472944
1986-06-16,double,48.75,17.644790302623402,69.0,23.407625198364258,2.507694049315019
1986-06-17,double,48.5,17.358369653875176,72.0,20.07881563360041,6.2561634237116035
1986-06-18,double,24.75,15.156509139321066,67.5,18.269094293767754,7.0169170986522325
1986-06-19,double,25.75,17.343284953724254,69.5,26.26417402787642,4.540981141003695
1986-06-20,double,27.75,18.154218153520063,67.5,17.690410787409004,2.709974245591597
1986-06-21,double,40.0,20.30713601545854,68.5,19.436798442493785,2.6782254522497
1986-06-22,double,28.0,15.264517610723322,44.0,19.65887520530007,9.446013797413219
1986-06-23,single,45.5,20.42019271850586,,,
1986-06-24,double,25.5,17.20491704073819,72.75,22.512054790150035,-0.9242154468189586
1986-06-25,double,25.75,17.77724162015048,69.75,24.45491998845881,-1.6061283512548967
1986-06-26,double,37.25,15.792902599681508,73.25,23.001740368929777,5.683551961725408
1986-06-27,double,35.75,16.582990299571644,72.75,21.430145783857867,2.630968050523238
1986-06-28,double,38.0,16.639925349842418,71.75,25.675249099731445,4.502751567146995
1986-06-29,double,42.0,19.1863073869185,72.0,25.725204120982777,-4.8279079523953525
1986-06-30,double,45.5,21.223772222345527,69.0,22.909252513538707,-6.760693420063365
1986-07-01,double,43.25,18.546402324329723,69.75,26.004390716552734,-2.8888872536745938
1986-07-02,double,48.75,18.67336550625888,69.25,23.48657885464755,-4.562239755283702
1986-07-03,double,49.25,24.785668806596235,70.0,21.268868533047762,-2.562258081002669
1986-07-04,double,51.5,35.29967845569957,71.25,15.209232677112926,1.665724277496338
1986-07-05,single,50.5,30.428728970614348,,,
1986-07-06,double,52.0,32.36992367831144,62.0,18.29053445295854,12.656782757152211
1986-07-07,single,54.0,27.708844618363813,,,
1986-07-08,single,58.25,27.770884600552645,,,
1986-07-09,double,43.75,25.163759404962715,61.75,21.717728874900125,4.05019643089988
1986-07-10,single,46.25,30.330615303733133,,,
1986-07-11,single,49.25,30.2340070551092,,,
1986-07-12,single,49.0,21.224332982843574,,,
1986-07-13,double,46.25,21.831260507757012,73.5,17.88419619473544,1.3771493976766414
1986-07-14,single,46.25,23.740238709883258,,,
1986-07-15,single,46.0,21.05323670127175,,,
1986-07-16,single,61.0,20.490504698319867,,,
1986-07-17,single,53.5,21.284107728437945,,,
1986-07-18,single,56.75,21.431773792613637,,,
1986-07-19,single,58.0,25.069721221923828,,,
1986-07-20,double,46.25,18.05167718367143,60.25,25.60371884432706,12.706662784923207
1986-07-21,single,61.75,21.583173231645063,,,
1986-07-22,double,50.25,17.519005688753996,69.75,16.095547329295766,10.173575141213156
1986-07-23,single,53.5,20.143797267567027,,,
1986-07-24,single,49.75,21.482079592618074,,,
1986-07-25,single,52.0,26.74527965892445,,,
1986-07-26,single,51.0,29.630618355490945,,,
1986-07-27,single,50.25,25.601761384443805,,,
1986-07-28,single,49.75,28.853670120239258,,,
1986-07-29,single,50.75,31.78830961747603,,,
1986-07-30,single,52.0,30.000612952492453,,,
1986-07-31,single,49.25,31.99533635919744,,,
1986-08-01,single,48.5,25.967424045909535,,,
1986-08-02,single,50.25,21.546525261618875,,,
1986-08-03,single,60.25,20.796551617709074,,,
1986-08-04,double,46.25,16.992501692338422,64.25,17.844572240656074,9.036569942127574
1986-08-05,double,50.25,26.58884516629306,69.25,17.24972256747159,8.553230545737527
1986-08-06,single,49.0,23.848827188665215,,,
1986-08-07,single,47.25,24.08283094926314,,,
1986-08-08,single,44.25,23.442951028997246,,,
1986-08-09,single,58.0,21.863623185591265,,,
1986-08-10,single,50.5,23.56290661204945,,,
1986-08-11,single,49.0,22.325271606445312,,,
1986-08-12,single,44.75,18.70644083890048,,,
1986-08-13,single,47.0,22.956796299327504,,,
1986-08-14,single,49.75,24.534277655861594,,,
1986-08-15,single,51.75,26.3411808013916,,,
1986-08-16,single,53.25,29.31039064580744,,,
1986-08-17,single,54.25,27.168868151578035,,,
1986-08-18,single,55.0,21.103672894564543,,,
1986-08-19,single,46.75,23.68773772499778,,,
1986-08-20,single,47.5,27.99908551302823,,,
1986-08-21,single,48.75,29.21902188387784,,,
1986-08-22,single,49.25,27.7604453346946,,,
1986-08-23,single,49.75,26.371368408203125,,,
1986-08-24,single,45.0,28.225574840198863,,,
1986-08-25,single,45.25,29.010386380282316,,,
1986-08-26,single,46.0,27.261389298872515,,,
1986-08-27,single,45.5,23.519072445956144,,,
1986-08-28,single,47.25,26.6391939683394,,,
1986-08-29,single,48.25,22.39998262578791,,,
1986-08-30,single,46.5,17.99445776505904,,,
1986-08-31,single,59.25,27.643881711092863,,,
1986-09-01,double,34.75,15.603781960227273,56.5,33.79696481878107,-2.370599226518111
1986-09-02,double,33.5,16.189603805541992,55.5,34.85197518088601,0.8012841289693658
1986-09-03,single,56.25,26.332087603482332,,,
1986-09-04,double,39.0,18.03798398104581,60.0,29.893551913174715,2.668789408423684
1986-09-05,double,37.75,21.694970911199395,59.0,28.974333849820223,-0.6455755518241362
1986-09-06,double,34.75,18.007263356989082,57.0,20.687164653431285,6.347323764454234
1986-09-07,double,43.5,16.96505373174494,69.25,15.722964200106533,10.639063228260387
1986-09-08,double,41.0,18.47294009815563,53.75,19.386031757701527,13.224576256491922
1986-09-09,single,40.25,20.940176183527168,,,
1986-09-10,single,41.0,21.531985889781605,,,
1986-09-11,single,41.0,22.259688117287375,,,
1986-09-12,single,52.25,24.51709747314453,,,
1986-09-13,single,53.25,21.925661260431465,,,
1986-09-14,double,36.0,18.977814587679777,50.5,27.28407929160378,13.503304048018022
1986-09-15,single,54.0,25.219395204023883,,,
1986-09-16,single,53.75,21.958465402776543,,,
1986-09-17,single,54.5,28.118142908269707,,,
1986-09-18,single,59.5,26.31683176214045,,,
1986-09-19,single,61.75,35.27120000665838,,,
1986-09-20,single,61.0,32.397932052612305,,,
1986-09-21,single,59.25,36.517654765735976,,,
1986-09-22,double,59.0,33.95036246559837,74.5,18.66667366027832,10.466464909640225
1986-09-23,double,39.0,20.0562669580633,61.75,31.48456538807262,6.8870154727589
1986-09-24,double,42.5,25.85443253950639,67.0,29.49157645485618,8.075714458118785
1986-09-25,double,46.75,24.91764987598766,71.25,25.708565625277433,7.1821369691328565
1986-09-26,double,53.5,29.117977662519976,74.75,25.10506875174386,-1.0041985349221663
1986-09-27,single,58.25,22.707603281194512,,,
1986-09-28,double,31.75,15.763043230230158,61.25,29.303551067005504,6.96647123856978
1986-09-29,double,23.75,16.918820294466887,63.75,29.67677168412642,6.296531720594927
1986-09-30,double,24.0,20.23656515641646,66.0,35.5926118330522,8.27779769897461
1987-05-01,double,20.75,25.692101796468098,67.25,22.79719352722168,4.242909041318026
1987-05-02,single,71.0,20.320702986283735,,,
1987-05-03,single,62.25,21.27463288740678,,,
1987-05-04,double,30.25,21.418548930775035,60.75,23.933032989501953,5.986645048314875
1987-05-05,double,30.25,26.661861246282403,61.5,24.354897585782137,3.041487520391291
1987-05-06,double,30.0,30.640600377863105,67.25,18.023426576094195,1.9864523085680874
1987-05-07,double,29.75,31.731562701138582,59.5,20.602819962935015,2.097494428808039
1987-05-08,double,30.0,31.578719572587445,63.5,21.32869443026456,2.0679363229058008
1987-05-09,double,30.25,29.298480467362836,57.25,23.184599442915484,2.8605905662883413
1987-05-10,single,57.25,26.123525619506836,,,
1987-05-11,double,30.75,26.837379802357066,58.25,33.24803577769887,-6.47778168591586
1987-05-12,double,32.75,33.87105490944602,55.5,22.802899794145063,-7.459366278214888
1987-05-13,double,33.0,34.25945767489347,60.5,21.210579438643023,-5.192467060956088
1987-05-14,single,34.0,32.471704656427555,,,
1987-05-15,double,32.75,27.473918914794922,57.0,17.19491923939098,4.5064825794913554
1987-05-16,double,28.75,29.8414363861084,61.25,23.248499263416637,5.390789638866078
1987-05-17,double,29.25,29.198096188631926,65.25,22.771676323630594,6.236217455430464
1987-05-18,double,30.75,25.431113156405363,66.5,22.64096918973056,5.789568597620184
1987-05-19,double,40.25,27.77204756303267,71.0,19.575002670288086,-0.9341193762692538
1987-05-20,double,39.75,32.13698543201793,73.25,21.885617516257547,-4.426597963679921
1987-05-21,single,37.0,27.599342692982066,,,
1987-05-22,double,36.0,26.60357128490101,73.5,29.36985310641202,-5.562803268432617
1987-05-23,single,26.75,25.272477063265715,,,
1987-05-24,double,25.0,26.31811662153764,38.75,23.986418984153055,16.769624710083008
1987-05-25,single,34.75,24.376739675348457,,,
1987-05-26,single,39.0,29.284813794222746,,,
1987-05-27,single,34.75,28.880895961414684,,,
1987-05-28,single,32.0,27.79152558066628,,,
1987-05-29,single,28.75,26.086274407126687,,,
1987-05-30,single,49.0,20.858314167369496,,,
1987-05-31,single,39.25,22.030733802101828,,,
1987-06-01,double,22.25,16.386216163635254,41.0,22.892535296353426,11.022298899563877
1987-06-02,single,45.0,29.17688681862571,,,
1987-06-03,single,45.75,26.56515121459961,,,
1987-06-04,single,41.5,21.50594104420055,,,
1987-06-05,single,37.0,19.782779346812855,,,
1987-06-06,double,35.25,20.37321056019176,64.0,18.489090312610973,5.978906111283735
1987-06-07,double,34.5,20.324816617098723,64.25,18.936737580732867,7.955807642503218
1987-06-08,double,38.5,27.089437658136543,65.75,19.545872948386453,1.308356447653337
1987-06-09,double,38.0,24.373201196843926,68.25,15.739957722750576,4.6962721564553
1987-06-10,single,36.5,21.850658243352715,,,
1987-06-11,single,30.5,21.101724451238457,,,
1987-06-12,single,43.0,19.588882099498402,,,
1987-06-13,single,43.0,19.96561639959162,,,
1987-06-14,single,46.25,21.790572079745207,,,
1987-06-15,single,43.25,23.15456841208718,,,
1987-06-16,single,43.5,25.855697631835938,,,
1987-06-17,single,45.5,28.163278232921254,,,
1987-06-18,single,49.75,25.75821807167747,,,
1987-06-19,double,31.75,19.769304448908027,52.25,21.5131629597057,13.13806135004217
1987-06-20,single,52.5,20.060157949274238,,,
1987-06-21,single,40.0,21.48940745267001,,,
1987-06-22,single,42.0,22.238407135009766,,,
1987-06-23,single,43.5,20.70452742143111,,,
1987-06-24,single,48.75,27.43571558865634,,,
1987-06-25,single,49.0,24.027020020918414,,,
1987-06-26,single,45.0,22.472958998246625,,,
1987-06-27,single,44.0,21.5852274461226,,,
1987-06-28,single,56.25,23.22129318930886,,,
1987-06-29,single,59.25,28.529274333607066,,,
1987-06-30,single,52.25,26.049233870072797,,,
1987-07-01,single,51.5,27.56786398454146,,,
1987-07-02,single,55.75,26.32800223610618,,,
1987-07-03,single,54.25,23.736833919178356,,,
1987-07-04,single,52.0,23.151576128872957,,,
1987-07-05,double,31.5,15.700591607527299,51.75,18.457249207930133,7.00846663388339
1987-07-06,double,31.75,15.965099248019131,62.0,19.043458938598633,8.966028646989303
1987-07-07,double,31.5,15.039753480391068,62.5,22.726700522682883,7.931887886740944
1987-07-08,single,57.5,22.18120626969771,,,
1987-07-09,double,32.75,16.98345981944691,53.75,23.78925930369984,3.580031091516668
1987-07-10,double,32.0,19.463870655406605,52.25,29.596059279008344,-1.5061192512512207
1987-07-11,double,30.25,17.585548747669566,52.75,30.31053248318759,1.5413631959394976
1987-07-12,double,30.0,16.825366627086293,54.75,29.026761315085672,3.9911022836511787
1987-07-13,double,32.0,15.938563086769797,54.25,32.21407214078036,3.159702951257879
1987-07-14,double,33.25,15.036032243208451,53.0,25.28672963922674,3.8268037275834517
1987-07-15,single,56.75,20.796261180530895,,,
1987-07-16,single,52.0,21.846349022605203,,,
1987-07-17,single,46.75,18.873325521295722,,,
1987-07-18,single,56.75,16.73529018055309,,,
1987-07-19,single,50.0,19.788037040016867,,,
1987-07-20,double,47.0,19.429122924804688,65.25,18.88418249650435,1.9843502586538142
1987-07-21,single,68.5,23.78995305841619,,,
1987-07-22,single,67.25,28.577584353360262,,,
1987-07-23,single,66.0,27.149168361317027,,,
1987-07-24,single,67.0,18.288550116799094,,,
1987-07-25,single,62.0,19.07805009321733,,,
1987-07-26,single,49.25,18.185055646029387,,,
1987-07-27,single,54.5,19.053610714999113,,,
1987-07-28,double,37.75,17.284731778231535,56.25,18.86034618724476,9.896625258705832
1987-07-29,double,37.25,17.166284387761895,59.75,23.217940070412375,5.632927677848122
1987-07-30,double,30.0,15.051589012145996,59.75,31.768598036332563,3.032194050875577
1987-07-31,double,30.0,16.071703564036977,57.25,37.16955982555043,1.425238240848888
1987-08-01,double,31.75,16.84038040854714,56.25,36.91401811079545,2.9397538141770796
1987-08-02,single,55.5,33.60646126487038,,,
1987-08-03,single,53.0,29.522362795743074,,,
1987-08-04,single,50.0,22.184731916947797,,,
1987-08-05,single,48.25,19.327328768643465,,,
1987-08-06,single,49.25,24.678280396894976,,,
1987-08-07,single,48.25,28.973206433382902,,,
1987-08-08,single,46.0,24.613974137739703,,,
1987-08-09,single,47.0,28.211746215820312,,,
1987-08-10,single,48.5,29.188899993896484,,,
1987-08-11,single,44.25,26.421620802445844,,,
1987-08-12,single,49.0,26.141292398626153,,,
1987-08-13,single,51.75,24.64178328080611,,,
1987-08-14,single,55.0,24.903667970137164,,,
1987-08-15,double,36.25,15.167533527721059,55.5,21.70280508561568,9.975016420537775
1987-08-16,single,57.0,18.565764860673383,,,
1987-08-17,single,43.0,21.302541385997426,,,
1987-08-18,single,67.0,20.25305141102184,,,
1987-08-19,single,51.0,22.263470736416902,,,
1987-08-20,single,53.5,22.916587829589844,,,
1987-08-21,double,52.5,24.200382752852008,71.5,23.950176412409004,5.180699348449707
1987-08-22,double,56.0,21.994826576926492,71.0,15.523588180541992,9.45656967163086
1987-08-23,single,64.5,20.35793113708496,,,
1987-08-24,single,67.75,23.486258246681906,,,
1987-08-25,double,58.5,22.79818205399947,70.0,23.753693840720437,14.553985509005459
1987-08-26,single,63.5,27.315322529185902,,,
1987-08-27,single,62.25,28.51444504477761,,,
1987-08-28,single,60.5,32.822595769708805,,,
1987-08-29,single,60.5,26.059307098388672,,,
1987-08-30,single,56.25,27.54359852183949,,,
1987-08-31,single,51.25,24.747336647727273,,,
1987-09-01,single,59.25,24.398005745627664,,,
1987-09-02,single,61.5,22.520306500521574,,,
1987-09-03,single,47.75,28.632680199363016,,,
1987-09-04,single,49.0,32.16470562327992,,,
1987-09-05,single,48.5,29.565681630914863,,,
1987-09-06,single,52.0,32.98276658491655,,,
1987-09-07,single,51.25,36.113766410134055,,,
1987-09-08,single,50.5,38.4287636496804,,,
1987-09-09,single,50.75,35.65530672940341,,,
1987-09-10,single,50.75,41.078265103426844,,,
1987-09-11,single,49.25,34.355467709628016,,,
1987-09-12,single,51.25,29.68764703924006,,,
1987-09-13,double,52.75,30.490007747303356,71.0,16.677748593417082,2.308412562717091
1987-09-14,single,54.0,33.21929307417436,,,
1987-09-15,double,24.5,16.173030159690164,53.5,41.13888584483754,2.9204058213667436
1987-09-16,single,53.5,37.588577617298476,,,
1987-09-17,single,55.25,28.430668917569246,,,
1987-09-18,double,30.5,15.178469397804953,57.25,28.487158168445934,6.973646077242765
1987-09-19,single,56.75,30.17727331681685,,,
1987-09-20,single,56.0,28.73238650235263,,,
1987-09-21,single,49.0,24.984742424704812,,,
1987-09-22,single,49.0,25.40050593289462,,,
1987-09-23,double,42.0,27.28342628479004,58.0,25.934605164961383,18.627443486993965
1987-09-24,single,47.25,31.78466762195934,,,
1987-09-25,double,50.0,36.206412922252305,72.5,21.561443675648082,2.7315656055103648
1987-09-26,single,50.75,33.17754433371804,,,
1987-09-27,single,47.5,29.945158178156074,,,
1987-09-28,single,44.5,30.26120879433372,,,
1987-09-29,double,44.75,29.10099150917747,73.5,19.311141794378106,3.7032605734738437
1987-09-30,single,43.75,28.870934399691496,,,
1988-05-01,double,23.0,29.821645563299004,39.75,31.889238877729937,18.692007931795988
1988-05-02,double,23.5,25.35754498568448,40.25,37.23026899857955,18.842527736317027
1988-05-03,double,22.75,25.812292445789684,37.75,30.429962331598457,17.555756135420367
1988-05-04,double,36.25,30.812321749600496,59.25,25.44790302623402,13.743431091308594
1988-05-05,double,39.0,26.700782082297586,56.75,25.708068674260918,17.16251564025879
1988-05-06,single,47.0,25.33287811279297,,,
1988-05-07,double,33.0,22.324525833129883,50.75,25.438582333651457,15.370091004805131
1988-05-08,single,52.75,24.69519147005948,,,
1988-05-09,single,57.25,22.10877852006392,,,
1988-05-10,double,44.5,19.28932103243741,58.25,20.1250223679976,8.80768801949241
1988-05-11,double,20.25,23.860001700265066,71.75,19.21669977361506,5.884202523664995
1988-05-12,single,39.0,18.585851669311523,,,
1988-05-13,single,22.75,28.06355840509588,,,
1988-05-14,single,23.0,30.110306826504793,,,
1988-05-15,single,24.0,28.849348761818625,,,
1988-05-16,single,31.25,29.33729414506392,,,
1988-05-17,single,32.5,28.784515207464043,,,
1988-05-18,double,31.5,28.503908157348633,55.75,16.25286154313521,0.990277268669822
1988-05-19,double,30.25,26.777525641701438,57.75,18.000076467340644,5.63861235705289
1988-05-20,double,30.75,27.88683353770863,59.25,21.50043522227894,3.9098275791515005
1988-05-21,double,29.25,28.450653943148527,57.25,15.419924822720615,7.670332345095548
1988-05-22,single,27.75,25.10975560274991,,,
1988-05-23,double,31.25,22.391021208329633,48.25,23.04393993724476,15.99140774119984
1988-05-24,double,32.5,24.081486962058328,49.25,23.310772982510652,13.063910224220969
1988-05-25,double,31.25,21.99611542441628,54.5,18.464401245117188,11.244233998385342
1988-05-26,double,30.0,23.534711490977894,56.25,17.741370287808504,11.177945657209916
1988-05-27,double,29.75,22.52291627363725,54.0,17.24051961031827,7.781261530789462
1988-05-28,double,27.5,22.677250255237926,48.25,23.464547590775922,6.783213181929155
1988-05-29,double,28.0,23.99298130382191,46.75,29.80653155933727,3.675074577331543
1988-05-30,double,26.25,24.36953249844638,46.5,31.44521141052246,7.5975022315979
1988-05-31,double,26.0,23.826405611905184,47.0,28.75913550636985,13.4868502183394
1988-06-01,double,24.5,23.282271992076527,49.25,25.443770148537375,13.387675372037021
1988-06-02,double,26.75,24.14609146118164,50.0,24.734535564075816,11.304082610390402
1988-06-03,double,30.5,21.538204366510566,51.5,22.034224943681195,13.563058072870428
1988-06-04,double,32.75,21.020280144431375,45.5,22.456490429964933,12.801565950567072
1988-06-05,single,30.25,23.670292074030097,,,
1988-06-06,double,31.5,25.608794472434305,74.5,16.849517822265625,4.036836364052513
1988-06-07,double,30.5,26.462339227849785,63.75,17.359459270130504,-4.2319489175623115
1988-06-08,double,28.75,23.955296776511453,68.0,25.69106084650213,-11.144073052839799
1988-06-09,double,32.0,24.243249893188477,70.5,29.906950690529563,-9.239919835870916
1988-06-10,single,31.5,22.66618433865634,,,
1988-06-11,double,32.75,19.612030722878195,74.75,20.556338174002512,3.774654258381237
1988-06-12,double,34.75,22.066872683438387,69.5,24.234662662852894,-0.6421171453866091
1988-06-13,single,32.5,20.778851595791902,,,
1988-06-14,double,38.25,20.761390339244496,58.25,17.242300033569336,-0.3935794972560622
1988-06-15,double,38.0,23.37630774758079,60.0,17.02157037908381,1.587955729527907
1988-06-16,double,35.75,21.227171291004527,60.25,22.226499037309125,5.721045103940097
1988-06-17,double,29.5,21.144073139537465,59.75,23.04186907681552,3.349557789889249
1988-06-18,double,29.5,20.763799147172406,55.0,23.084667032415215,3.8683672601526435
1988-06-19,double,30.75,22.09416285428134,56.25,20.9342774477872,7.234170740300959
1988-06-20,double,30.75,23.11338233947754,55.25,19.178423621437766,8.612943996082652
1988-06-21,double,33.75,19.76377885991877,60.5,18.518664620139383,9.892737648703836
1988-06-22,double,34.0,20.162833127108488,62.5,21.06742286682129,7.082159865986217
1988-06-23,double,33.25,19.517427444458008,66.5,23.091339631514117,8.944454366510564
1988-06-24,double,31.0,20.26024038141424,71.0,18.0646559975364,3.9162612828341397
1988-06-25,double,30.0,20.732224204323508,69.5,21.624643499200996,-2.4923400445417925
1988-06-26,double,32.75,23.511395541104402,71.0,23.677894072099164,-4.0258807702498
1988-06-27,double,33.5,23.437311866066672,70.5,24.188160116022285,1.1638464714315804
1988-06-28,double,33.25,22.422041112726387,72.25,22.237220764160156,3.4152670990337026
1988-06-29,double,56.5,22.80877546830611,73.25,18.221356305209074,2.979023066433993
1988-06-30,double,55.5,23.355256860906426,74.25,17.308642387390137,0.32170757659795607
1988-07-01,single,46.5,23.398509632457387,,,
1988-07-02,single,47.25,27.58553660999645,,,
1988-07-03,single,43.5,18.821467312899504,,,
1988-07-04,double,47.0,19.12305346402255,71.5,19.283288262107156,-2.3328770724209873
1988-07-05,single,48.5,20.324846614490856,,,
1988-07-06,single,48.5,27.3191800550981,,,
1988-07-07,single,48.5,31.54547708684748,,,
1988-07-08,single,49.0,32.551051746715196,,,
1988-07-09,single,49.5,30.95420369234952,,,
1988-07-10,single,50.75,31.88986570184881,,,
1988-07-11,single,50.5,29.453480980613016,,,
1988-07-12,single,50.5,24.903982682661578,,,
1988-07-13,single,49.0,24.622385545210406,,,
1988-07-14,single,47.5,20.290009932084516,,,
1988-07-15,double,45.25,15.661210060119629,68.0,19.84771832552823,6.146277947859331
1988-07-16,double,41.75,17.437749342484906,74.5,24.049744844436646,0.7189588086171583
1988-07-17,single,48.25,21.319842772050336,,,
1988-07-18,single,50.0,31.443688132546164,,,
1988-07-19,single,49.5,34.24201479825106,,,
1988-07-20,single,49.75,33.75413964011452,,,
1988-07-21,single,48.0,36.498036818070844,,,
1988-07-22,single,49.25,35.62229919433594,,,
1988-07-23,single,50.75,34.121531053022906,,,
1988-07-24,single,48.75,36.12782877141779,,,
1988-07-25,single,48.25,36.33287325772372,,,
1988-07-26,single,48.25,36.15604435313832,,,
1988-07-27,single,48.0,34.31498163396662,,,
1988-07-28,single,49.75,29.797373164783824,,,
1988-07-29,single,49.0,29.826825922185723,,,
1988-07-30,single,52.75,26.01852746443315,,,
1988-07-31,double,42.25,22.54609350724654,54.0,22.10408436168324,15.301575834100897
1988-08-01,single,54.5,22.08489192615856,,,
1988-08-02,single,50.0,25.126632343639027,,,
1988-08-03,single,50.25,30.35977415605025,,,
1988-08-04,single,51.0,22.620162963867188,,,
1988-08-05,single,54.25,26.819563432173297,,,
1988-08-06,single,50.5,19.550549940629438,,,
1988-08-07,single,54.5,19.910781513560902,,,
1988-08-08,single,50.0,25.7341721274636,,,
1988-08-09,single,49.25,24.838618538596414,,,
1988-08-10,single,53.0,30.997987920587715,,,
1988-08-11,single,51.75,32.20850216258656,,,
1988-08-12,single,53.25,27.826955448497426,,,
1988-08-13,single,54.5,28.82993559403853,,,
1988-08-14,single,52.25,27.66124950755726,,,
1988-08-15,single,54.75,24.812882336703215,,,
1988-08-16,single,45.5,22.178039030595258,,,
1988-08-17,single,46.25,23.468947323885832,,,
1988-08-18,single,48.5,26.558252161199395,,,
1988-08-19,single,48.5,26.716040177778765,,,
1988-08-20,double,48.0,22.623655145818535,70.75,21.143810965798117,4.04290374842557
1988-08-21,double,46.75,27.379573475230824,74.75,22.113387244088308,1.6292981126091697
1988-08-22,single,52.0,27.899432789195668,,,
1988-08-23,single,53.75,33.687657442959875,,,
1988-08-24,single,54.5,26.542191765525125,,,
1988-08-25,single,44.5,29.418186361139472,,,
1988-08-26,single,43.0,26.643021670254793,,,
1988-08-27,single,54.25,22.765429410067473,,,
1988-08-28,single,47.25,24.32162094116211,,,
1988-08-29,single,52.0,28.073773124001242,,,
1988-08-30,single,51.25,33.93372761119496,,,
1988-08-31,single,50.0,42.78326485373757,,,
1988-09-01,single,48.25,36.41855794733221,,,
1988-09-02,single,48.0,37.324554443359375,,,
1988-09-03,single,47.5,43.37326084483754,,,
1988-09-04,single,49.0,37.438141562721945,,,
1988-09-05,single,52.0,29.9096754247492,,,
1988-09-06,single,49.5,25.73460509560325,,,
1988-09-07,double,49.5,24.771616849032316,73.25,18.116088693792168,6.402571374719793
1988-09-08,double,50.75,21.833873748779308,74.75,23.264869144984655,-1.1363116069273516
1988-09-09,single,54.5,21.107960787686434,,,
1988-09-10,single,55.0,27.94107974659313,,,
1988-09-11,single,56.75,34.49412675337358,,,
1988-09-12,double,33.75,18.598731647838246,54.25,24.20026224309748,10.312126419760965
1988-09-13,double,49.0,17.545535000887785,70.75,25.624215732921254,1.8880512822758069
1988-09-14,double,43.25,18.46370436928489,72.0,30.791614532470703,6.849783463911577
1988-09-15,double,36.75,18.219749797474254,66.5,33.17409446022727,0.06225577403198589
1988-09-16,double,35.0,17.478856693614613,67.75,33.92929736050692,-0.7553910294717009
1988-09-17,double,36.5,16.11873366615989,65.5,36.82589201493697,0.9608996456319635
1988-09-18,double,30.0,18.40285925431685,64.75,37.801756078546696,-2.321778481656855
1988-09-19,double,29.75,21.18748612837358,65.25,41.20845829356801,0.2539204267615622
1988-09-20,double,29.25,22.61622602289373,65.0,36.380710948597304,4.40857720375061
1988-09-21,double,29.0,20.018477179787375,60.25,26.83243005925959,8.336893515153365
1988-09-22,double,32.5,18.73462555625222,58.75,26.04360632462935,8.727988589893688
1988-09-23,double,32.25,20.213543631813742,55.5,24.634910410100762,8.590884642167525
1988-09-24,double,31.25,19.001334970647637,53.0,30.941869909113105,7.420206503434614
1988-09-25,double,29.75,17.335364948619496,51.5,30.016315286809746,6.688349333676425
1988-09-26,single,48.75,33.378970406272195,,,
1988-09-27,single,49.0,35.42026138305664,,,
1988-09-28,double,49.0,35.27484685724432,71.25,16.824987584894355,7.503951809623024
1988-09-29,double,52.5,28.757848913019355,67.25,15.591495860706676,10.534003257751465
1988-09-30,single,58.5,28.26620795510032,,,
1989-05-01,double,38.0,20.77944564819336,58.75,21.074493581598457,3.9248176271265205
1989-05-02,double,32.75,21.19615468111905,63.0,19.83386161110618,9.966376738114791
1989-05-03,double,31.25,19.25140346180309,59.25,25.191328222101387,2.8440544605255127
1989-05-04,double,31.0,24.651317076249555,59.25,34.60496590354226,-0.43825191394849256
1989-05-05,double,29.75,26.38544394753196,61.5,24.043960744684394,0.9660525809634816
1989-05-06,double,22.5,28.586444507945668,63.0,23.15315229242498,6.7813169739463115
1989-05-07,double,23.5,28.09998217496005,62.0,28.620370344682172,1.9914863543076948
1989-05-08,double,22.75,29.6915976784446,59.5,30.088171872225676,-7.518777977336537
1989-05-09,double,23.75,30.268803683194246,61.25,27.564219908280805,-8.33548029986295
1989-05-10,double,24.0,32.530309503728695,59.0,28.79007200761275,-2.8904206319288774
1989-05-11,double,24.75,30.071847742254082,57.0,30.956641110506926,0.13168308003382248
1989-05-12,double,25.0,27.361980958418414,53.25,34.58912519975142,-1.6600291295485063
1989-05-13,double,29.25,25.213172219016336,52.0,35.955801877108485,3.0555210330269555
1989-05-14,double,20.75,20.40599187215169,55.25,26.862089503895152,10.010245323181152
1989-05-15,double,22.0,19.159761082042348,52.5,23.44878560846502,11.61410851912065
1989-05-16,double,22.0,18.368501143022016,55.0,26.27436741915616,9.562943805347789
1989-05-17,double,36.0,19.879304192282937,57.75,28.210688157515094,9.051005623557351
1989-05-18,double,34.5,18.166733481667258,54.0,22.732880852439187,9.052765672857111
1989-05-19,double,26.0,18.487537037242543,60.75,25.381286447698418,10.207023794000799
1989-05-20,single,27.75,18.449670618230645,,,
1989-05-21,single,29.75,19.85198229009455,,,
1989-05-22,double,34.75,19.34330264004794,54.0,15.756066929210316,6.746825261549517
1989-05-23,double,22.0,20.36562902277166,55.5,18.480791785500266,5.531936428763649
1989-05-24,double,32.5,20.750913446599785,61.75,21.634891336614434,3.886688059026545
1989-05-25,double,20.75,22.50841310289171,61.5,24.4279842376709,2.536648056723855
1989-05-26,double,30.25,20.232922293923117,64.75,26.16674839366566,0.8248121684247797
1989-05-27,double,28.25,20.371959686279297,67.75,24.573352813720703,-0.09444614923135801
1989-05-28,double,20.25,27.438466208321707,67.0,19.08199691772461,1.618312120437622
1989-05-29,double,22.25,25.784994645552203,60.25,21.35640352422541,-2.9360674728046763
1989-05-30,double,32.75,30.71668884970925,71.5,17.351294430819426,-0.8912765031511133
1989-05-31,double,30.5,30.366729216142133,73.5,18.692725615067914,0.2970331893725829
1989-06-01,double,32.0,31.924358541315254,69.0,17.03261999650435,-0.5423290521245111
1989-06-02,double,27.25,32.00143814086914,61.75,21.134633671153676,-2.836319923400879
1989-06-03,double,29.0,29.81769440390847,63.0,21.46253793889826,3.2353130253878506
1989-06-04,single,30.5,28.127877495505594,,,
1989-06-05,double,30.25,28.162366000088777,47.0,17.726344888860528,11.282620776783336
1989-06-06,double,31.0,25.792869741266426,49.25,25.823787515813653,11.198311805725098
1989-06-07,double,31.75,22.484128605235707,47.5,26.548958691683683,12.978413408452814
1989-06-08,double,33.0,23.644070885398172,47.5,27.381159522316672,16.910629966042258
1989-06-09,single,49.0,29.06884037364613,,,
1989-06-10,single,46.5,27.20479826493697,,,
1989-06-11,single,40.5,22.241193251176313,,,
1989-06-12,double,23.25,19.176468935879793,41.25,23.22110366821289,12.010185761885209
1989-06-13,double,24.0,21.36450334028764,40.5,21.677941755814985,9.141297427090732
1989-06-14,double,23.5,18.27130265669389,44.75,18.2755654074929,9.82657207142223
1989-06-15,single,47.5,20.78877067565918,,,
1989-06-16,single,42.25,19.413537805730645,,,
1989-06-17,double,37.25,17.18311986056241,65.5,16.69540162519975,3.3251887451518667
1989-06-18,double,29.5,17.18575668334961,62.25,20.38715761358088,-1.888102498921481
1989-06-19,double,31.5,19.09599633650346,64.25,20.329558285799894,-3.4489219188690186
1989-06-20,double,32.5,19.065265655517578,58.25,19.24793642217463,-0.5918689637698911
1989-06-21,double,33.75,21.482389623468574,59.5,21.941015590320934,2.265790679238059
1989-06-22,double,33.75,21.79932178150524,59.5,20.124176545576617,-1.5810820893807844
1989-06-23,double,33.5,21.30533218383789,63.5,23.408580606633965,-1.9983197992498225
1989-06-24,double,33.5,19.512821544300426,60.5,28.585390957919035,-2.2026386802846734
1989-06-25,double,36.25,21.65295514193448,62.5,24.338546059348367,-2.5860368230126123
1989-06-26,double,35.5,20.002277374267578,61.75,25.055079546841707,2.4668669267134233
1989-06-27,double,33.75,19.258417996493254,59.25,25.579465345902875,2.0379463759335605
1989-06-28,double,32.5,18.989873192527078,53.5,26.511574831875887,0.8251697244969282
1989-06-29,double,31.25,15.299088304693049,56.0,24.509888562289152,-0.10632041401483795
1989-06-30,single,54.5,24.28223349831321,,,
1989-07-01,single,60.0,22.45020970431241,,,
1989-07-02,single,60.25,17.732268940318715,,,
1989-07-03,double,38.75,17.214693763039328,65.5,19.421585083007812,9.979346188631924
1989-07-04,double,37.75,16.89843160455877,61.0,19.591985529119317,1.0221553661606528
1989-07-05,double,35.75,16.206031452525746,62.75,25.665618723089043,3.6949827671051025
1989-07-06,double,38.5,15.196274323896928,63.25,19.57063935019753,2.139523051001809
1989-07-07,single,63.25,20.5806002183394,,,
1989-07-08,single,59.75,24.36025081981312,,,
1989-07-09,single,58.25,25.417552427812055,,,
1989-07-10,single,60.0,29.207334518432617,,,
1989-07-11,single,60.0,34.12400089610707,,,
1989-07-12,single,60.5,30.429195750843395,,,
1989-07-13,single,68.25,23.59649554165927,,,
1989-07-14,double,41.25,16.324789220636543,69.0,26.634887521917168,5.688722523775968
1989-07-15,double,50.5,16.623762477527965,71.75,16.410341609608043,8.575235626914285
1989-07-16,single,51.5,17.53568423878063,,,
1989-07-17,single,48.0,24.59817799654874,,,
1989-07-18,single,51.0,23.805482864379883,,,
1989-07-19,single,49.5,22.14493283358487,,,
1989-07-20,single,46.5,22.761091579090465,,,
1989-07-21,single,48.25,24.543692675503817,,,
1989-07-22,single,50.25,23.843291889537465,,,
1989-07-23,single,42.5,25.08779057589444,,,
1989-07-24,double,43.0,23.502013293179598,68.75,17.216636484319512,-1.2984400445764714
1989-07-25,double,50.0,28.54123132879084,71.25,19.8702392578125,-0.41167529579252005
1989-07-26,single,52.5,27.2493953704834,,,
1989-07-27,single,54.25,27.580372376875445,,,
1989-07-28,single,56.5,30.460444710471414,,,
1989-07-29,single,60.0,27.855554407293145,,,
1989-07-30,single,62.75,24.355221141468395,,,
1989-07-31,double,50.5,17.41703276200728,64.75,21.502934195778586,11.940023855729537
1989-08-01,single,36.5,17.58667720447887,,,
1989-08-02,double,36.75,21.680062727494672,61.25,16.76968175714666,5.435056599703702
1989-08-03,double,40.25,24.026858589865945,60.5,15.67747991735285,6.559940945018422
1989-08-04,single,44.25,22.047288027676668,,,
1989-08-05,double,41.25,20.588137539950285,54.0,23.917878064242277,13.274703632701527
1989-08-06,single,53.5,27.950993797995828,,,
1989-08-07,single,56.25,27.900042100386187,,,
1989-08-08,single,55.0,28.916060187599875,,,
1989-08-09,single,55.25,32.2312648079612,,,
1989-08-10,single,55.25,34.46354120427912,,,
1989-08-11,single,52.75,34.82832475142045,,,
1989-08-12,single,49.25,40.40738955411044,,,
1989-08-13,single,50.0,43.38824532248757,,,
1989-08-14,single,49.25,35.43646933815696,,,
1989-08-15,single,50.5,29.51025529341264,,,
1989-08-16,single,56.25,28.131173220547762,,,
1989-08-17,single,57.25,26.670025392012164,,,
1989-08-18,single,52.75,25.14075539328835,,,
1989-08-19,single,61.0,24.908761111172762,,,
1989-08-20,double,56.0,32.1088700727983,72.5,17.177804600108754,1.7241596416993574
1989-08-21,single,56.25,36.8759633844549,,,
1989-08-22,single,57.0,37.59053698453036,,,
1989-08-23,single,58.25,37.633297660134055,,,
1989-08-24,single,57.75,33.90652777931907,,,
1989-08-25,double,37.75,15.991153717041016,54.5,28.060708479447797,6.323135115883567
1989-08-26,single,49.0,20.134747938676313,,,
1989-08-27,double,48.5,26.26958656311035,68.5,27.71263989535245,1.227644069628282
1989-08-28,single,44.5,19.08597079190341,,,
1989-08-29,single,60.0,26.358497099442914,,,
1989-08-30,single,58.5,23.68044020912864,,,
1989-08-31,single,59.25,23.52234562960538,,,
1989-09-01,double,43.0,21.481367978182707,60.75,22.478374481201172,9.764457095753063
1989-09-02,single,70.0,22.42938769947399,,,
1989-09-03,single,55.75,20.62807898087935,,,
1989-09-04,double,44.75,15.29589809070934,58.25,25.888771057128906,8.966755650260232
1989-09-05,double,43.25,17.104928450150922,63.5,30.244576714255594,9.815740672024814
1989-09-06,single,62.25,30.406410217285156,,,
1989-09-07,double,34.75,17.436351255937055,62.0,36.21992007168856,5.242658311670477
1989-09-08,double,39.0,20.597566604614258,61.0,31.781170931729402,4.792986219579523
1989-09-09,double,40.75,19.740381067449395,61.5,30.44068024375222,6.253671516071666
1989-09-10,double,39.0,24.54492985118519,60.25,21.586632468483664,5.3475661277771
1989-09-11,double,39.0,18.88896265896884,56.75,21.812595540826972,7.579443498091265
1989-09-12,single,55.75,22.73486397483132,,,
1989-09-13,single,56.25,29.127620697021484,,,
1989-09-14,single,52.75,31.43604677373713,,,
1989-09-15,double,28.5,15.167467724193227,51.0,34.157811251553625,6.455672480843284
1989-09-16,single,52.0,36.470413554798476,,,
1989-09-17,single,56.5,31.833056709983133,,,
1989-09-18,single,47.5,28.448092200539328,,,
1989-09-19,single,46.75,24.543486681851473,,,
1989-09-20,single,58.75,30.205848000266336,,,
1989-09-21,single,64.5,32.635006644509055,,,
1989-09-22,single,67.0,24.05398195440119,,,
1989-09-23,double,23.5,15.64044865694913,58.75,27.943065469915215,7.779055508700284
1989-09-24,double,24.0,15.811552828008478,60.0,38.786989038640804,4.165764765305952
1989-09-25,double,24.5,15.751385775479404,63.25,32.93736440485174,2.841932925311002
1989-09-26,double,26.5,18.087411880493164,67.5,28.679041602394797,-0.40543043215505103
1989-09-27,double,24.75,16.516835646195844,62.0,34.53721688010476,-1.0510838952931492
1989-09-28,double,23.5,17.90289202603427,67.5,42.74352611194957,-5.718111471696333
1989-09-29,double,25.75,18.59730391068892,71.75,41.06849427656694,-6.21223614432595
1989-09-30,double,35.75,20.47367945584384,64.25,27.26824361627752,-9.192180373451926
1990-05-01,double,31.5,30.185310537164863,73.0,36.89586847478693,-2.835893891074441
1990-05-02,double,22.0,35.55085719715465,72.5,35.682287736372515,-8.184752117503773
1990-05-03,single,22.5,38.95572176846591,,,
1990-05-04,single,22.0,37.840089624578304,,,
1990-05-05,single,27.25,32.839169242165305,,,
1990-05-06,single,28.0,31.78079518404874,,,
1990-05-07,single,29.5,28.23039332303134,,,
1990-05-08,double,30.0,26.670336636629973,74.0,25.688054084777832,-2.1339664459228516
1990-05-09,single,27.75,27.404463507912375,,,
1990-05-10,double,32.5,24.562678250399504,50.5,24.845520886507902,12.220409740101207
1990-05-11,single,35.0,25.198363044045188,,,
1990-05-12,double,30.5,24.598466873168945,68.75,20.855667981234465,1.883144584569064
1990-05-13,double,22.75,26.729827880859375,70.0,23.46580678766424,-5.5251548073508525
1990-05-14,single,31.75,26.344580390236594,,,
1990-05-15,double,30.5,30.42614069851962,47.75,18.890286705710672,12.22792538729581
1990-05-16,double,32.0,31.934182600541547,50.5,21.34371601451527,7.469398628581654
1990-05-17,double,24.75,26.659917658025567,51.75,19.662137291648172,7.982490886341441
1990-05-18,double,28.75,25.101520538330078,51.5,15.873991099270908,8.844358530911533
1990-05-19,single,33.5,25.268237720836293,,,
1990-05-20,single,34.5,30.522105650468305,,,
1990-05-21,double,36.5,32.26287425648082,57.0,17.489518252286043,0.411155297674916
1990-05-22,double,22.5,22.198972702026367,38.0,30.96006948297674,16.061510866338555
1990-05-23,double,38.5,29.558814135464754,57.5,24.440892479636453,4.954775680195201
1990-05-24,double,39.75,25.287462754683062,57.75,20.498403549194336,9.147293784401633
1990-05-25,single,38.5,24.684166127985176,,,
1990-05-26,single,37.0,23.07860599864613,,,
1990-05-27,double,23.0,17.398875843394887,39.25,24.04804819280451,12.113019943237305
1990-05-28,double,42.0,27.553930629383434,72.75,20.845949172973633,3.3372595093467017
1990-05-29,double,26.0,17.255151748657227,43.75,31.011660835959695,9.476874871687455
1990-05-30,double,44.0,22.97534942626953,74.0,22.605497360229492,0.21976189383051611
1990-05-31,double,59.5,18.853362170132723,73.25,20.32031111283736,8.540999932722611
1990-06-01,double,31.25,20.484610644253817,72.25,20.28151616183194,8.577984376387162
1990-06-02,double,30.5,20.95097403092818,53.5,22.365223104303535,8.244257840243252
1990-06-03,double,29.0,18.019521193070844,51.5,26.506053404374555,8.240866834467107
1990-06-04,double,22.0,18.7238282290372,50.0,28.342355554754082,10.922269127585672
1990-06-05,double,20.75,17.130996492173935,51.25,27.992340954867277,9.796209508722479
1990-06-06,double,25.25,15.389920494773172,51.5,27.363109588623047,8.29678708856756
1990-06-07,double,27.0,15.643322424455123,50.25,21.98666000366211,8.669642448425293
1990-06-08,single,46.75,21.08096001364968,,,
1990-06-09,single,45.0,19.841950676657937,,,
1990-06-10,single,44.0,23.238950382579457,,,
1990-06-11,single,44.75,26.679288864135742,,,
1990-06-12,single,44.0,27.253639914772727,,,
1990-06-13,single,44.25,24.43285404552113,,,
1990-06-14,single,41.0,24.30465247414329,,,
1990-06-15,single,38.25,21.410370393232867,,,
1990-06-16,single,51.25,24.027102557095613,,,
1990-06-17,single,50.75,28.914690191095527,,,
1990-06-18,single,48.0,28.08321051164107,,,
1990-06-19,single,53.5,27.473942496559836,,,
1990-06-20,single,53.75,32.253154581243344,,,
1990-06-21,single,50.0,28.262623006647285,,,
1990-06-22,single,49.0,32.24367922002619,,,
1990-06-23,single,50.75,30.26743073896928,,,
1990-06-24,single,51.0,30.319196701049805,,,
1990-06-25,single,51.5,23.27754159407182,,,
1990-06-26,single,48.0,22.424087871204723,,,
1990-06-27,double,43.75,22.08722461353649,54.0,23.102643966674805,16.64611712369052
1990-06-28,single,50.25,23.2385666587136,,,
1990-06-29,single,48.25,23.566706744107332,,,
1990-06-30,single,47.0,28.27233956076882,,,
1990-07-01,single,48.25,31.492125597867098,,,
1990-07-02,single,48.75,33.92195198752663,,,
1990-07-03,single,51.25,34.44051777232777,,,
1990-07-04,single,51.75,37.98230570012873,,,
1990-07-05,single,49.0,29.419448158957742,,,
1990-07-06,single,49.25,25.970997203480113,,,
1990-07-07,single,52.0,25.158986525102094,,,
1990-07-08,double,33.25,16.046406225724652,54.25,33.676023656671696,3.1005627675489946
1990-07-09,single,55.5,27.458382519808683,,,
1990-07-10,single,50.0,23.097131035544656,,,
1990-07-11,single,57.25,24.599041158502754,,,
1990-07-12,single,56.5,22.646543156016957,,,
1990-07-13,double,47.5,27.181905919855293,72.5,19.24957951632413,7.746420426802202
1990-07-14,single,48.0,30.313701803034004,,,
1990-07-15,single,47.5,29.807142084295098,,,
1990-07-16,single,48.75,25.759245959195223,,,
1990-07-17,single,51.75,25.34981848976829,,,
1990-07-18,single,48.0,23.08641953901811,,,
1990-07-19,single,52.5,20.328502655029297,,,
1990-07-20,single,57.5,20.99182787808505,,,
1990-07-21,single,49.0,20.067230918190695,,,
1990-07-22,single,49.75,26.120969772338867,,,
1990-07-23,single,49.75,29.224462855945934,,,
1990-07-24,single,49.0,28.649703459306195,,,
1990-07-25,single,46.5,21.278420881791547,,,
1990-07-26,double,42.75,22.02924953807484,72.5,15.583760955116965,-3.538801670074463
1990-07-27,single,49.0,21.73415652188388,,,
1990-07-28,single,46.75,23.38468950445002,,,
1990-07-29,single,50.25,22.57544534856623,,,
1990-07-30,single,49.5,21.345013878562234,,,
1990-07-31,single,57.25,18.015940926291726,,,
1990-08-01,double,37.75,15.025140502236106,59.5,21.66667990251021,4.775152249769731
1990-08-02,single,60.25,28.980625325983222,,,
1990-08-03,single,60.25,28.63100814819336,,,
1990-08-04,single,59.0,26.847389221191406,,,
1990-08-05,single,55.5,22.465241345492277,,,
1990-08-06,double,55.5,18.020705483176492,69.0,20.87501473860307,10.771064671603115
1990-08-07,single,66.0,16.54527542807839,,,
1990-08-08,double,34.0,15.665443853898482,56.25,20.823040181940254,4.477268999273127
1990-08-09,double,55.5,22.138930234042082,72.25,16.761506860906426,9.370170766657049
1990-08-10,double,55.25,23.916601181030273,71.75,19.57804263721813,1.6800243746150623
1990-08-11,double,54.75,25.971987811001863,73.5,21.24333919178356,-2.971019062128934
1990-08-12,single,57.25,30.382158626209606,,,
1990-08-13,single,55.75,31.424673080444336,,,
1990-08-14,single,53.25,38.30396340110085,,,
1990-08-15,single,52.25,34.33314375443892,,,
1990-08-16,single,52.0,28.195260654796254,,,
1990-08-17,single,53.25,27.30234146118164,,,
1990-08-18,single,54.0,34.237723263827235,,,
1990-08-19,single,55.0,33.237835970791906,,,
1990-08-20,single,51.5,27.930337732488457,,,
1990-08-21,single,51.75,22.384884227405895,,,
1990-08-22,double,38.75,15.266921997070312,61.25,27.66049714521928,5.853116208856756
1990-08-23,double,36.5,15.227701967412775,54.75,26.85748967257413,5.007270509546453
1990-08-24,single,60.0,22.782543008977715,,,
1990-08-25,single,60.0,21.28400334444913,,,
1990-08-26,single,56.5,23.954485112970527,,,
1990-08-27,single,57.25,22.947633916681465,,,
1990-08-28,single,63.0,18.785679036920722,,,
1990-08-29,single,53.5,17.674077814275567,,,
1990-08-30,single,54.0,21.428668455644086,,,
1990-08-31,single,56.25,25.623564806851473,,,
1990-09-01,single,58.75,26.388166601007637,,,
1990-09-02,single,59.5,22.16219121759588,,,
1990-09-03,double,53.75,22.213164589621805,72.75,15.842832045121627,5.206238313154741
1990-09-04,single,50.25,25.38400598005815,,,
1990-09-05,single,49.0,26.702821904962715,,,
1990-09-06,double,29.5,16.761248675259676,46.5,28.621998526833274,4.3356290297074755
1990-09-07,double,29.75,17.695758646184746,48.25,28.347273219715465,4.218464114449241
1990-09-08,single,59.25,25.73722301829945,,,
1990-09-09,double,44.5,16.658302307128906,62.75,19.142751867120918,10.22913898121227
1990-09-10,double,43.0,16.924536444924094,58.25,16.398762876337226,7.789399537173185
1990-09-11,double,35.5,16.72422183643688,60.25,25.026806571266867,9.140568473122336
1990-09-12,double,32.5,16.309073621576484,63.5,29.826453295621004,5.115141825242476
1990-09-13,single,63.25,27.496261423284356,,,
1990-09-14,double,40.0,17.03561852195046,62.25,23.090058240023527,8.637656298550693
1990-09-15,single,57.0,25.420108968561347,,,
1990-09-16,single,62.25,29.419634212147106,,,
1990-09-17,single,62.75,29.560475782914594,,,
1990-09-18,single,57.75,35.62165347012606,,,
1990-09-19,single,59.5,32.917804371226914,,,
1990-09-20,double,26.75,17.357752886685457,53.0,23.857039364901457,-0.6600964123552496
1990-09-21,double,26.0,19.65421520579945,53.5,36.4934116710316,-0.4236781452517872
1990-09-22,double,25.0,18.136165098710492,51.25,36.87290781194513,4.2047881213101475
1990-09-23,double,24.75,17.183665362271395,51.0,36.445479999889024,7.7886061668396
1990-09-24,double,24.75,16.745609630237926,51.0,30.279272079467773,5.479491407221014
1990-09-25,double,25.0,16.293268723921344,50.0,25.18104379827326,5.391448237679222
1990-09-26,single,61.0,25.459880828857422,,,
1990-09-27,single,59.5,33.334820140491836,,,
1990-09-28,single,59.5,33.10036364468661,,,
1990-09-29,single,54.0,31.836834994229402,,,
1990-09-30,single,51.5,30.088578137484465,,,
1991-05-01,double,22.0,27.86297503384677,68.5,18.749460220336914,-1.3621056946841152
1991-05-02,double,35.5,30.602665294300426,66.25,20.923790498213336,-1.763631517236883
1991-05-03,double,35.0,30.80168949473988,67.75,25.533891851251777,-3.599275979128751
1991-05-04,double,29.25,28.3845232183283,69.5,22.93908032503995,3.47320801561529
1991-05-05,double,28.5,26.664209365844727,73.5,17.969403526999734,4.817172440615567
1991-05-06,double,28.5,28.874461954290215,71.75,18.999788110906426,2.1368893926793877
1991-05-07,double,29.0,30.440643830732867,64.0,17.03267305547541,9.04792681607333
1991-05-08,double,27.5,33.153230146928266,61.25,17.711530685424805,10.323349952697754
1991-05-09,double,27.25,32.31682205200195,60.5,21.597987608476117,11.019340775229715
1991-05-10,double,28.0,30.25910689614036,58.25,25.549236644398082,7.095303665507924
1991-05-11,double,24.25,30.130240353670988,56.25,24.617325175892223,8.61238939111883
1991-05-12,double,24.25,31.21257192438299,57.0,27.578448208895598,9.672490726817738
1991-05-13,double,25.0,29.059384779496625,58.75,30.43977858803489,8.110704378648238
1991-05-14,double,27.25,27.32379861311479,63.5,22.610083666714754,8.075931549072266
1991-05-15,double,25.5,25.46648528359153,70.0,16.7898946241899,5.698597994717685
1991-05-16,single,24.5,26.5875788601962,,,
1991-05-17,double,26.0,27.824468092484906,51.5,19.172128677368164,10.737211054021662
1991-05-18,double,25.75,30.956782427701082,55.0,25.993893189863726,5.014075712724165
1991-05-19,double,26.0,31.09696353565563,59.75,32.421490235762164,1.930847092108293
1991-05-20,double,26.75,29.999963760375977,60.75,34.403810327703304,-1.5773575089194558
1991-05-21,double,30.0,31.341452858664773,58.0,30.792978980324484,-7.275284507057884
1991-05-22,double,28.0,27.903921127319336,56.75,32.3935661315918,0.30443181385370816
1991-05-23,double,25.25,24.355234666304156,66.25,24.028589942238547,7.335097052834251
1991-05-24,double,28.75,27.752865878018465,67.0,23.113248131491922,6.105271252718839
1991-05-25,double,29.75,29.98739988153631,71.0,18.96576534618031,5.473198673941872
1991-05-26,single,31.25,28.997033726085316,,,
1991-05-27,double,27.0,30.504105134443805,69.5,20.500965465198863,1.3609362949024548
1991-05-28,double,25.0,30.834064483642578,71.25,22.282847491177645,-6.435479684309526
1991-05-29,double,27.25,28.40875833684748,71.0,25.442201614379883,-12.483338876204057
1991-05-30,double,36.75,27.990056818181817,69.25,18.98824067549272,-10.344574234702371
1991-05-31,single,36.0,28.29498828541149,,,
1991-06-01,double,34.25,26.72709256952459,60.75,16.03055494481867,-1.2046976197849621
1991-06-02,single,33.25,23.76651815934615,,,
1991-06-03,single,47.75,22.757077650590375,,,
1991-06-04,single,47.75,32.88965658708052,,,
1991-06-05,single,47.5,38.77000531283292,,,
1991-06-06,single,47.5,36.93215422196822,,,
1991-06-07,single,44.75,34.74405878240412,,,
1991-06-08,single,49.5,35.01453815806996,,,
1991-06-09,single,47.75,38.31016540527344,,,
1991-06-10,single,49.0,35.6298169222745,,,
1991-06-11,double,20.25,15.689883368355888,49.5,34.94429675015536,4.4662698398936875
1991-06-12,double,22.5,17.233653328635476,52.25,36.21268844604492,6.718036998401988
1991-06-13,double,24.5,17.859282753684305,52.25,34.38204019719904,7.018338593569669
1991-06-14,double,25.25,18.36642802845348,52.5,32.26386677135121,8.852255734530361
1991-06-15,double,31.75,18.222338242964312,51.75,26.786343834616922,7.1631528680974785
1991-06-16,double,33.0,18.22083351828835,45.0,18.77874114296653,10.475184093822133
1991-06-17,double,44.75,23.076750668612394,72.25,19.23676889592951,-2.275410370393233
1991-06-18,double,45.5,28.35274384238503,73.0,21.09810360995206,-3.4845194816589355
1991-06-19,double,47.5,28.697716973044656,71.25,18.394607890735973,-12.308690071105957
1991-06-20,double,27.75,16.71905448219993,45.75,32.22673416137695,8.433123068376021
1991-06-21,double,46.0,34.7903920953924,74.5,16.876214027404785,-4.307034774260088
1991-06-22,single,45.5,32.69111321189187,,,
1991-06-23,single,45.0,28.977222616022285,,,
1991-06-24,single,45.75,28.823949467052113,,,
1991-06-25,single,49.25,32.55640064586293,,,
1991-06-26,single,50.0,32.696495749733664,,,
1991-06-27,single,48.0,24.868548133156516,,,
1991-06-28,double,45.5,24.09634919600053,66.0,16.763046958229758,6.153523965315386
1991-06-29,double,43.75,21.840881174260918,70.25,20.384593096646395,-1.1056378483772278
1991-06-30,double,44.75,18.380716150457207,72.75,20.231490221890535,0.6995702385902405
1991-07-01,double,49.25,17.159062645652078,72.0,24.4177584214644,-2.179907896301963
1991-07-02,single,69.5,26.65896883877841,,,
1991-07-03,single,39.0,15.650703603571111,,,
1991-07-04,double,39.25,21.28838400407271,69.5,27.99265636097301,-5.213492957028476
1991-07-05,double,40.0,24.501705863259055,72.25,35.09828498146751,-8.919151999733664
1991-07-06,double,41.75,21.505850531838156,73.25,32.30823360789906,-3.074057102203369
1991-07-07,double,41.25,22.134210759943183,72.0,25.961813839999113,-4.315344767137007
1991-07-08,double,47.5,27.652306643399324,72.25,27.458422227339312,-10.601021853360264
1991-07-09,double,48.75,27.337187853726473,71.5,24.349683241410688,-8.72052340074019
1991-07-10,single,50.25,19.51214460893111,,,
1991-07-11,single,49.75,19.188899820501153,,,
1991-07-12,single,49.25,27.762251593849875,,,
1991-07-13,single,51.0,31.908154227516867,,,
1991-07-14,single,49.0,27.95425137606534,,,
1991-07-15,single,53.25,31.139401695945047,,,
1991-07-16,single,48.75,31.904728455977008,,,
1991-07-17,single,52.25,35.58802171186967,,,
1991-07-18,single,52.25,38.10459032925692,,,
1991-07-19,single,52.75,33.53565562855113,,,
1991-07-20,single,51.5,27.92283855785023,,,
1991-07-21,single,50.0,29.729477275501598,,,
1991-07-22,single,49.75,29.341453378850762,,,
1991-07-23,single,47.25,22.287472811612215,,,
1991-07-24,double,48.25,27.529028979214754,64.25,16.44927978515625,2.6302156881852583
1991-07-25,single,49.0,28.76242342862216,,,
1991-07-26,single,47.75,26.503061294555664,,,
1991-07-27,single,41.0,21.912048513239082,,,
1991-07-28,double,40.0,23.322220195423473,63.5,22.84019626270641,2.7356285507028755
1991-07-29,double,39.5,24.965726852416992,66.5,23.59021828391335,0.5104173178022559
1991-07-30,double,42.25,24.507079904729668,69.25,21.296395561911844,-3.3767586838115347
1991-07-31,single,43.25,28.62125691500577,,,
1991-08-01,single,42.75,29.292308460582387,,,
1991-08-02,single,42.0,28.529123653065074,,,
1991-08-03,single,42.0,26.02488101612438,,,
1991-08-04,single,43.0,23.950259988958184,,,
1991-08-05,single,46.25,25.554031892256305,,,
1991-08-06,single,52.75,25.281018343838777,,,
1991-08-07,single,55.0,27.37974045493386,,,
1991-08-08,single,56.75,24.956450202248313,,,
1991-08-09,single,55.25,28.245255730368875,,,
1991-08-10,single,55.0,35.4106164412065,,,
1991-08-11,single,54.75,40.30783427845348,,,
1991-08-12,single,54.5,34.92379448630593,,,
1991-08-13,single,51.5,33.21599752252752,,,
1991-08-14,single,52.25,33.19243066961115,,,
1991-08-15,single,54.75,34.23594942959872,,,
1991-08-16,single,56.25,33.12560133500533,,,
1991-08-17,single,53.25,29.322356657548383,,,
1991-08-18,single,53.75,27.463479822332207,,,
1991-08-19,single,58.25,28.217866724187676,,,
1991-08-20,single,53.0,29.98473982377486,,,
1991-08-21,double,48.5,19.08097926053134,65.75,25.5170204856179,10.02158329703591
1991-08-22,double,45.5,20.62483041936701,65.25,29.49776874889027,4.456124565818093
1991-08-23,double,48.25,16.90568559820002,67.75,26.588268106633965,7.93225249377164
1991-08-24,double,50.5,24.295598810369317,72.75,21.15620196949352,10.447347554293545
1991-08-25,single,49.25,25.205557736483488,,,
1991-08-26,single,52.75,22.833581924438477,,,
1991-08-27,single,59.5,26.031816309148613,,,
1991-08-28,double,33.25,15.063737175681375,66.0,26.267637079412285,9.008138396523215
1991-08-29,double,40.25,17.779576561667703,67.5,21.614858453924004,5.7954631285233935
1991-08-30,double,40.5,16.331588051535867,68.5,21.963261691006746,4.61699290709062
1991-08-31,single,68.0,24.506136287342418,,,
1991-09-01,single,61.0,23.75259035283869,,,
1991-09-02,single,65.75,36.529802495783024,,,
1991-09-03,double,34.25,17.81138697537509,66.5,52.92298819802024,-12.542353196577592
1991-09-04,double,33.75,17.8482327894731,66.0,37.992882468483664,-11.389460043473678
1991-09-05,single,38.5,19.151294708251953,,,
1991-09-06,double,37.5,20.657062183726918,67.25,16.877582376653496,6.067616159265691
1991-09-07,double,38.0,18.978174903176047,68.75,18.2692928314209,8.251403678547252
1991-09-08,double,40.75,17.727182561700996,65.75,20.428350275213067,9.926104198802602
1991-09-09,double,43.0,21.04573007063432,63.75,26.922331723299894,6.205991614948619
1991-09-10,double,44.0,23.413359728726473,65.25,19.779789317737926,5.086588252674449
1991-09-11,double,47.5,28.092730955644086,68.25,17.41981905156916,4.998167861591686
1991-09-12,double,48.75,29.7967586517334,71.75,18.713369889692828,1.9833187731829556
1991-09-13,double,48.25,20.38231624256481,70.75,25.204455982555043,12.43162033774636
1991-09-14,single,71.25,23.140671123157848,,,
1991-09-15,double,46.25,21.833491412076082,66.5,21.854231921109285,13.735566919500178
1991-09-16,double,52.75,29.91022526134144,67.25,19.58433047207919,12.965068470348012
1991-09-17,single,55.5,28.35466090115634,,,
1991-09-18,single,50.0,27.09191929210316,,,
1991-09-19,single,54.75,28.602990063753996,,,
1991-09-20,single,55.5,36.645545959472656,,,
1991-09-21,single,54.75,42.45143994418058,,,
1991-09-22,single,56.0,37.66933857310902,,,
1991-09-23,single,56.25,33.51414836536754,,,
1991-09-24,single,56.0,33.62740083174272,,,
1991-09-25,single,56.75,33.3128100308505,,,
1991-09-26,single,57.5,37.63881093805487,,,
1991-09-27,double,22.5,15.819636518304998,55.25,34.21176875721324,0.6374657154083252
1991-09-28,double,23.0,15.657981872558594,58.0,34.291845148259945,-0.29067973589355295
1991-09-29,double,23.0,16.148703141645953,59.25,39.48631113225763,1.9236581867391414
1991-09-30,single,56.0,40.57837538285689,,,
1992-05-01,double,22.5,29.612045981667258,51.5,24.876576163552024,4.918839671395042
1992-05-02,double,21.75,28.334598714655097,63.25,23.381263039328836,12.371172904968262
1992-05-03,double,22.5,26.164900519631125,50.0,22.896834980357777,7.766510746695778
1992-05-04,single,54.25,28.021587371826172,,,
1992-05-05,double,23.0,24.693166039206766,59.0,34.562924124977805,3.500884034416892
1992-05-06,double,26.5,25.51323751969771,60.25,34.693645824085586,-0.2908385856585069
1992-05-07,double,28.0,27.409521969881926,54.5,38.91509801691229,-3.281288753856312
1992-05-08,double,25.25,31.110097885131836,52.75,42.80991640957919,-2.051975792104548
1992-05-09,double,26.0,32.876195734197445,50.75,43.8026008605957,-0.273638709702275
1992-05-10,double,26.5,27.737891110506926,50.75,46.17223635586825,5.305842616341331
1992-05-11,double,20.5,25.674769163131714,51.25,37.66556930541992,9.141666845841842
1992-05-12,double,25.0,29.371694391424004,56.5,35.88920974731445,8.381865328008478
1992-05-13,double,25.0,33.3144812150435,60.25,29.14801129427823,5.796883626417681
1992-05-14,double,25.0,30.572328567504883,63.5,27.362273302945223,4.620863437652588
1992-05-15,double,25.25,31.073347958651457,66.0,29.44545485756614,2.801658261906017
1992-05-16,double,26.25,29.16661921414462,67.75,25.502927086570047,2.378982413898815
1992-05-17,double,25.5,27.33474436673251,69.0,29.91607128490101,6.902577010068026
1992-05-18,double,24.0,28.53763337568803,70.0,28.767499403520063,4.685755296186968
1992-05-19,double,23.75,28.71959911693226,70.25,26.539995193481445,1.3508909723975442
1992-05-20,double,25.5,28.866922205144707,68.25,17.64662777293812,0.2962359259942208
1992-05-21,single,26.25,27.490509379993785,,,
1992-05-22,single,36.25,25.16923106800426,,,
1992-05-23,double,31.5,28.263320576060902,72.75,23.369860562411223,-5.320008104497736
1992-05-24,double,31.5,25.25752674449574,72.0,30.563786766745828,-0.5161651420322332
1992-05-25,double,26.75,22.563061107288707,74.75,29.563526153564453,0.6457649875770916
1992-05-26,single,24.75,22.1338228745894,,,
1992-05-27,single,29.0,23.541898380626332,,,
1992-05-28,single,28.5,24.745534550059926,,,
1992-05-29,double,26.75,20.923512545498934,43.5,17.881393259221856,11.936434398997914
1992-05-30,double,22.75,19.296220952814277,43.5,19.521277687766336,10.299761512062766
1992-05-31,double,41.0,19.27431938864968,73.25,19.23488859696822,1.4443136778744785
1992-06-01,single,39.0,20.795835321599785,,,
1992-06-02,double,31.5,19.50568979436701,55.25,18.286360307173297,13.08998914198442
1992-06-03,single,43.25,18.38262939453125,,,
1992-06-04,single,40.5,18.431863264604047,,,
1992-06-05,double,39.0,18.8743088462136,72.25,16.577728965065695,3.8503661155700684
1992-06-06,double,41.5,18.448271838101473,71.25,20.390776720913973,3.1831927949732
1992-06-07,single,37.75,21.1054951060902,,,
1992-06-08,single,27.5,25.907033920288086,,,
1992-06-09,double,28.0,25.704645850441672,74.5,16.397263526916504,-10.63199823552912
1992-06-10,single,28.25,24.74254660172896,,,
1992-06-11,single,29.0,22.60002188249068,,,
1992-06-12,double,29.5,22.6223425431685,70.25,15.904455184936523,6.35598577152599
1992-06-13,double,31.5,23.005094528198242,58.75,17.575560656460848,3.6469822363419966
1992-06-14,double,33.0,21.52995386990634,59.5,20.491804816506125,3.557120821692727
1992-06-15,double,33.5,25.34551377729936,61.75,21.601056012240324,-2.2631205970590766
1992-06-16,double,32.5,24.179831764914773,60.5,29.052507747303356,-1.112365809353915
1992-06-17,double,32.5,29.72495460510254,62.25,29.107637405395508,-4.200655763799494
1992-06-18,double,32.25,31.33577485518022,72.75,21.649762933904473,-3.238159027966586
1992-06-19,double,32.0,28.079125837846235,65.0,32.277264855124734,-4.729833646254106
1992-06-20,double,32.0,24.357055837457832,66.0,40.593758669766515,-9.637865846807307
1992-06-21,double,31.0,20.21891975402832,66.0,33.533884568647906,-7.911584203893488
1992-06-22,double,32.0,23.051928780295633,63.25,28.213195974176582,0.06527287486559627
1992-06-23,double,33.75,23.262474060058594,59.75,27.370146664706144,2.804187449541959
1992-06-24,double,33.75,23.614239779385652,58.75,20.329952586780895,-0.7864551618695259
1992-06-25,double,34.5,27.3031888441606,56.5,15.344423900951039,1.5542777993462302
1992-06-26,double,33.5,28.821503552523527,57.5,16.857730692083184,2.150777903470126
1992-06-27,double,37.75,25.9070706800981,58.75,20.81249895962802,-3.950593254782937
1992-06-28,double,37.5,26.729150598699395,60.75,24.303108388727363,-6.626438357613304
1992-06-29,double,40.0,29.64425208351829,60.5,22.26182885603471,-0.5159632973372936
1992-06-30,double,39.75,26.45953993363814,61.0,25.03509521484375,0.6453841700303283
1992-07-01,double,40.5,22.869681445035067,62.25,24.449878345836293,2.8195784958926113
1992-07-02,double,46.25,25.132361151955344,63.5,17.450496846979316,3.0765313018452036
1992-07-03,single,51.75,20.498396960171785,,,
1992-07-04,single,57.25,20.18305882540616,,,
1992-07-05,double,41.0,23.405011783946644,68.25,26.142989245328035,2.748503706671975
1992-07-06,double,40.25,23.95052753795277,71.75,25.337830456820402,2.5388190746307373
1992-07-07,single,47.5,16.156200755726207,,,
1992-07-08,double,53.5,20.229616858742453,65.75,23.101550362326883,12.152549396861684
1992-07-09,single,63.75,26.0265849720348,,,
1992-07-10,single,64.25,23.397357593883168,,,
1992-07-11,double,49.25,22.167836275967684,63.75,19.630341616543856,12.311759255149148
1992-07-12,double,43.75,22.422049088911578,73.5,16.94985008239746,4.90407774665139
1992-07-13,double,41.25,22.630821054632012,72.25,21.457251982255414,0.6714090244336561
1992-07-14,double,37.75,19.38901710510254,52.5,22.147418629039418,13.90053688396107
1992-07-15,single,45.25,23.943437056107953,,,
1992-07-16,single,46.25,32.85195021195845,,,
1992-07-17,single,46.25,28.86771184747869,,,
1992-07-18,single,51.25,28.43300299210982,,,
1992-07-19,single,50.75,26.070844823663887,,,
1992-07-20,single,49.0,23.70623779296875,,,
1992-07-21,double,47.5,22.826723618940875,62.0,15.479885708202016,8.072847149588846
1992-07-22,single,49.25,22.87056454745206,,,
1992-07-23,single,50.25,23.59214921431108,,,
1992-07-24,single,48.25,30.705753846602008,,,
1992-07-25,single,49.5,32.05013639276678,,,
1992-07-26,single,51.0,32.42974350669167,,,
1992-07-27,single,52.25,32.310668598521836,,,
1992-07-28,single,52.75,28.994191429831766,,,
1992-07-29,single,58.0,29.411374352195047,,,
1992-07-30,single,59.75,29.711609406904742,,,
1992-07-31,single,52.75,27.619424646550957,,,
1992-08-01,single,51.0,36.899039181795985,,,
1992-08-02,single,51.25,35.32685852050781,,,
1992-08-03,single,50.5,30.386355313387785,,,
1992-08-04,single,51.75,28.907188068736684,,,
1992-08-05,single,50.25,31.17066816850142,,,
1992-08-06,single,52.25,27.14987546747381,,,
1992-08-07,single,50.0,26.623845187100496,,,
1992-08-08,double,48.25,26.56181560863148,70.0,19.006099874323066,13.12796705419367
1992-08-09,single,46.5,23.413821307095613,,,
1992-08-10,single,43.5,27.734553943980824,,,
1992-08-11,single,46.25,23.825085033069957,,,
1992-08-12,single,52.75,29.756386496803977,,,
1992-08-13,single,52.5,31.235165335915305,,,
1992-08-14,single,49.0,30.88838837363503,,,
1992-08-15,single,49.0,39.89841669256037,,,
1992-08-16,single,47.5,40.03378053144975,,,
1992-08-17,single,51.0,41.20704893632369,,,
1992-08-18,single,54.25,36.0023439580744,,,
1992-08-19,single,53.75,39.08278274536133,,,
1992-08-20,single,53.75,33.95144133134322,,,
1992-08-21,single,50.25,31.635528391057793,,,
1992-08-22,single,49.0,29.760012539950285,,,
1992-08-23,single,50.0,31.248579718849875,,,
1992-08-24,single,52.75,35.62357399680398,,,
1992-08-25,single,50.75,37.24828616055575,,,
1992-08-26,single,48.75,38.0107456554066,,,
1992-08-27,single,55.0,33.115904027765446,,,
1992-08-28,single,54.25,39.263045917857774,,,
1992-08-29,single,50.75,31.687016747214578,,,
1992-08-30,single,47.75,31.170202775435015,,,
1992-08-31,single,47.75,31.82162267511541,,,
1992-09-01,single,47.0,37.40213740955699,,,
1992-09-02,single,48.25,38.8591062372381,,,
1992-09-03,single,50.0,36.19305142489347,,,
1992-09-04,single,46.25,27.923837488347832,,,
1992-09-05,single,42.75,30.653389150446113,,,
1992-09-06,double,41.75,27.203725814819336,60.25,25.157099810513582,5.632730007171631
1992-09-07,double,37.25,21.02914706143466,57.75,21.77151974764737,10.376226598566229
1992-09-08,double,34.75,18.877790797840465,55.75,31.174068104137074,11.721575043418191
1992-09-09,single,54.25,29.29838041825728,,,
1992-09-10,single,45.5,20.435708826238457,,,
1992-09-11,double,48.25,23.554081656716086,70.5,17.871159987016156,10.955639665777033
1992-09-12,single,55.25,27.41065926985307,,,
1992-09-13,single,55.25,33.10083632035689,,,
1992-09-14,single,53.25,29.700043764981356,,,
1992-09-15,single,55.75,37.78656075217507,,,
1992-09-16,single,53.75,27.952984202991832,,,
1992-09-17,single,48.75,27.447900598699395,,,
1992-09-18,single,47.75,26.206485921686347,,,
1992-09-19,single,48.25,23.30496770685369,,,
1992-09-20,double,22.25,15.663202199068936,49.25,19.99844082919034,6.301796176216819
1992-09-21,single,56.0,22.185489134355024,,,
1992-09-22,double,22.75,15.278075564991344,57.5,23.625475449995562,5.858099243857644
1992-09-23,double,24.75,15.897804693742232,65.25,18.69820352034135,4.912703427401456
1992-09-24,double,24.5,16.936971837824043,68.0,18.460542678833008,4.640073386105624
1992-09-25,double,23.75,18.726525566794656,63.5,17.62888578935103,7.585303870114413
1992-09-26,double,23.0,19.30250462618741,55.75,17.213262037797406,7.052565054460005
1992-09-27,double,20.75,19.15506108601888,38.25,18.943736856633965,8.83514386957342
1992-09-28,single,39.5,16.90034259449352,,,
1992-09-29,double,45.0,24.124665867198598,73.25,26.474152478304777,-7.920016808943315
1992-09-30,single,50.75,29.42213110490279,,,
1993-05-01,double,25.5,32.88662546331232,64.0,17.79186352816495,4.962404944679954
1993-05-02,double,20.75,33.712985568576386,32.75,33.00639551336115,27.43394660949707
1993-05-03,double,30.75,32.57764434814453,57.75,23.882496920498934,3.540067499334162
1993-05-04,double,29.75,35.54919641668146,56.75,18.614932320334695,2.209206624464555
1993-05-05,double,24.25,40.08827452226119,58.25,17.369021502408113,2.447587663477117
1993-05-06,double,25.25,43.4165583523837,57.0,17.180207165804777,-0.36813239177519624
1993-05-07,double,26.25,41.252598155628554,66.25,18.119476491754707,2.551182898608121
1993-05-08,double,27.25,40.126042105934836,71.75,25.183378392999824,2.155683073130521
1993-05-09,double,26.5,39.5409330888228,72.5,23.973569349809125,2.05566021529111
1993-05-10,double,27.5,38.136531136252664,71.75,29.364872498945758,-3.3906128623268823
1993-05-11,double,27.0,34.6647817438299,69.25,33.93526111949574,-7.076203086159446
1993-05-12,double,35.5,33.41988546198065,66.75,20.51026222922585,-13.23504994132302
1993-05-13,single,36.25,36.17919262972745,,,
1993-05-14,single,36.75,34.487337285822086,,,
1993-05-15,single,33.0,31.222613247958098,,,
1993-05-16,double,32.5,29.94862105629661,51.75,16.03347327492454,8.990703322670676
1993-05-17,single,28.0,29.603117335926402,,,
1993-05-18,single,28.5,31.624747363003817,,,
1993-05-19,double,26.25,31.476117567582563,73.0,19.81551014293324,-5.664168791337446
1993-05-20,double,25.75,29.933386369185015,46.5,20.76372753490101,8.222041476856578
1993-05-21,double,23.0,24.3653489893133,43.5,23.43988141146573,7.967134865847501
1993-05-22,double,23.0,23.321345762772992,42.25,22.736615787852894,9.022123510187322
1993-05-23,single,25.5,25.198050585660067,,,
1993-05-24,single,25.5,23.916601527820934,,,
1993-05-25,single,26.75,26.65574247186834,,,
1993-05-26,single,36.75,27.57291689786044,,,
1993-05-27,double,40.25,26.166303981434215,66.25,16.138003089211203,-7.773106358268044
1993-05-28,single,39.0,30.836333014748313,,,
1993-05-29,single,38.75,30.263799147172406,,,
1993-05-30,single,39.75,25.424041748046875,,,
1993-05-31,single,37.75,28.58782334761186,,,
1993-06-01,single,35.5,26.757827065207742,,,
1993-06-02,single,50.75,24.01965921575373,,,
1993-06-03,single,39.25,24.542150844227184,,,
1993-06-04,double,37.75,25.063626896251332,53.75,23.202610189264472,11.943062695589932
1993-06-05,double,36.75,22.96965286948464,58.5,25.111816579645332,7.513820214705034
1993-06-06,double,42.75,18.28378053144975,57.5,18.50937999378551,8.642296704378994
1993-06-07,single,54.75,20.594540856101297,,,
1993-06-08,double,23.0,17.15956618569114,60.0,19.194738908247515,9.943105350841176
1993-06-09,double,37.0,22.016782240434125,62.25,17.4310509074818,4.089845245534724
1993-06-10,single,40.5,25.07432920282537,,,
1993-06-11,single,41.5,24.681419545953926,,,
1993-06-12,single,41.5,25.3619310205633,,,
1993-06-13,single,36.75,21.311622793024238,,,
1993-06-14,single,36.5,22.161681955510918,,,
1993-06-15,single,35.25,19.520728544755414,,,
1993-06-16,double,33.25,17.919613057916816,49.0,24.78364233537154,9.652030077847568
1993-06-17,double,33.5,18.76526468450373,50.75,22.133567983453926,9.262066234241832
1993-06-18,double,34.75,18.790747729214754,52.0,23.15698883750222,10.384575323625045
1993-06-19,double,34.75,19.921567916870117,52.0,26.551282362504438,8.430259011008523
1993-06-20,double,34.25,20.556603171608664,53.5,22.85067367553711,10.444739601828836
1993-06-21,double,37.5,23.739931453358043,60.0,19.50483374162154,9.331339142539285
1993-06-22,single,38.5,24.985695058649238,,,
1993-06-23,double,38.5,23.623891657049004,51.5,20.970942063765094,15.455353129993785
1993-06-24,single,52.0,25.60181322964755,,,
1993-06-25,single,55.5,23.38926211270419,,,
1993-06-26,double,32.75,16.948867797851562,57.25,25.15189552307129,5.159881548448042
1993-06-27,double,32.75,15.84004696932706,53.0,21.346358385953035,8.343123175881125
1993-06-28,single,50.0,20.255530444058504,,,
1993-06-29,single,43.0,20.224482623013582,,,
1993-06-30,double,40.75,18.415042010220613,57.25,21.004914543845437,11.21241656216708
1993-07-01,single,57.75,25.270708430897106,,,
1993-07-02,double,41.0,15.175488125194203,58.25,28.161508386785332,6.299761988899925
1993-07-03,single,58.0,31.542335683649238,,,
1993-07-04,single,59.0,31.833996165882457,,,
1993-07-05,single,59.25,31.029936356977984,,,
1993-07-06,double,34.75,18.46625328063965,60.25,30.41054170781916,6.0905959822914815
1993-07-07,double,35.0,22.575712550770152,59.25,28.800081253051758,1.2745326486500828
1993-07-08,double,36.0,25.08287845958363,58.0,28.457089164040305,2.7239528352564033
1993-07-09,double,36.25,20.851797277277168,56.5,19.050629702481356,9.64549428766424
1993-07-10,single,42.5,23.680597825483844,,,
1993-07-11,single,43.25,29.000644857233222,,,
1993-07-12,single,42.25,30.775785099376332,,,
1993-07-13,single,42.5,29.387397939508613,,,
1993-07-14,single,43.25,27.011018753051758,,,
1993-07-15,single,44.0,26.18448153409091,,,
1993-07-16,single,45.5,27.71970696882768,,,
1993-07-17,single,47.5,28.136085163463246,,,
1993-07-18,single,49.25,33.01335698908026,,,
1993-07-19,single,50.75,28.674371892755683,,,
1993-07-20,single,53.75,20.064953890713777,,,
1993-07-21,single,53.25,24.57039486278187,,,
1993-07-22,single,55.25,23.767751346934926,,,
1993-07-23,single,52.5,22.717131527987394,,,
1993-07-24,single,48.5,28.863780455155805,,,
1993-07-25,single,48.25,28.878747073086824,,,
1993-07-26,single,51.0,28.195913314819336,,,
1993-07-27,single,51.75,36.4229340986772,,,
1993-07-28,single,52.0,33.323115608908914,,,
1993-07-29,single,48.75,26.640850934115324,,,
1993-07-30,single,57.0,24.266863909634676,,,
1993-07-31,single,52.25,22.237849148837004,,,
1993-08-01,single,52.25,25.540184714577414,,,
1993-08-02,single,49.5,23.52408825267445,,,
1993-08-03,single,55.75,21.934905138882723,,,
1993-08-04,single,55.75,20.57792993025346,,,
1993-08-05,single,52.75,22.716872475363992,,,
1993-08-06,single,55.75,22.69561628861861,,,
1993-08-07,single,53.75,21.215987812389027,,,
1993-08-08,double,35.75,15.213123061440207,56.0,29.907239393754438,3.787035443566062
1993-08-09,single,55.0,35.24793590198863,,,
1993-08-10,double,34.0,17.854422309181906,51.25,32.76843816583807,-0.29634444551034406
1993-08-11,single,49.75,29.947921232743695,,,
1993-08-12,single,52.0,24.68343804099343,,,
1993-08-13,single,57.75,22.332311283458363,,,
1993-08-14,double,46.5,23.63301727988503,60.0,19.340694427490234,13.692890774119984
1993-08-15,single,60.0,26.0621676011519,,,
1993-08-16,single,54.0,25.255903764204547,,,
1993-08-17,single,52.0,29.699402722445402,,,
1993-08-18,single,54.25,37.467923597856,,,
1993-08-19,single,56.0,37.74022154374556,,,
1993-08-20,single,57.25,38.145029588179156,,,
1993-08-21,single,56.25,31.32945407520641,,,
1993-08-22,single,53.5,20.365975986827504,,,
1993-08-23,double,48.0,21.069854216142133,70.75,22.066104715520684,2.521542332389138
1993-08-24,double,51.5,18.28197617964311,73.25,18.324899846857246,1.1579202034256675
1993-08-25,single,52.0,22.072323192249645,,,
1993-08-26,single,50.25,19.533272309736773,,,
1993-08-27,single,41.0,19.0725584897128,,,
1993-08-28,double,41.5,21.154792959039863,61.75,18.606236717917703,9.256637313149191
1993-08-29,double,41.0,20.102935964410957,62.0,21.518799001520332,6.31923939964988
1993-08-30,double,41.0,21.28662109375,70.5,17.114667372270063,5.285927989266136
1993-08-31,double,40.25,18.937575600363992,72.5,17.379727970470082,4.369482430544767
1993-09-01,double,41.5,19.673900084062055,64.75,19.966496207497336,2.434167276729237
1993-09-02,single,41.5,20.53942836414684,,,
1993-09-03,double,42.25,24.00090182911266,74.5,18.068983793258667,1.1530684720386157
1993-09-04,double,45.25,21.49306141246449,71.75,21.99069560657848,3.1728073466907847
1993-09-05,single,47.75,25.453643278642133,,,
1993-09-06,single,45.0,30.26187619295987,,,
1993-09-07,single,44.75,28.857182069258258,,,
1993-09-08,single,47.75,29.79614986072887,,,
1993-09-09,single,50.25,37.9077113758434,,,
1993-09-10,single,49.5,36.19898570667613,,,
1993-09-11,single,48.75,32.21313181790438,,,
1993-09-12,single,44.25,27.17793083190918,,,
1993-09-13,single,45.25,30.16602932323109,,,
1993-09-14,single,45.25,32.37553561817516,,,
1993-09-15,single,44.5,31.86069211092862,,,
1993-09-16,single,47.75,33.45331400090998,,,
1993-09-17,single,47.75,43.060531269420274,,,
1993-09-18,single,46.75,35.03142235495827,,,
1993-09-19,single,47.75,27.21388886191628,,,
1993-09-20,single,51.5,20.079725092107598,,,
1993-09-21,single,73.5,23.074617212468926,,,
1993-09-22,single,53.25,26.13799407265403,,,
1993-09-23,single,54.25,25.896794405850496,,,
1993-09-24,single,55.25,24.003140709616922,,,
1993-09-25,double,39.25,20.703489650379527,59.75,20.465864701704547,13.0749623558738
1993-09-26,double,43.25,20.897139809348367,66.25,20.267745451493695,5.8679045330394395
1993-09-27,single,46.0,24.194408416748047,,,
1993-09-28,single,43.5,21.621674971147016,,,
1993-09-29,double,54.0,21.737463344227184,71.0,22.70275272022594,14.195319175720215
1993-09-30,double,53.25,29.919796683571555,71.75,20.7164719321511,6.105989196083763
1994-05-01,double,49.0,28.494686300104316,74.5,20.24376153945923,-0.3998591261492534
1994-05-02,double,21.75,26.908778624101117,46.5,28.82457767833363,8.39741238680753
1994-05-03,double,22.5,29.010662599043414,49.25,26.320567911321465,11.509791634299539
1994-05-04,double,24.5,30.422380100597035,48.0,29.70218172940341,9.365337025035512
1994-05-05,double,25.75,30.71226015957919,48.5,31.541662909767844,6.729076255451549
1994-05-06,double,25.5,30.047727238048207,52.75,31.553875663063742,7.240992459383878
1994-05-07,double,24.75,28.77633996443315,50.75,28.039939880371094,10.324567621404475
1994-05-08,double,23.5,24.844124880704012,43.25,26.11359353498979,11.862855651161887
1994-05-09,double,23.5,20.9187556180087,43.25,25.847136930985883,15.764031843705611
1994-05-10,double,22.5,23.80974578857422,66.0,17.70832495255904,1.9151600816033103
1994-05-11,double,22.0,26.983891400423918,42.75,21.839810978282582,15.903627222234553
1994-05-12,double,21.75,31.450035268610176,41.75,23.65485416759144,17.284406661987305
1994-05-13,double,22.0,32.116738926280625,38.0,22.438627416437324,17.29440793124112
1994-05-14,double,22.0,27.22313620827415,38.75,25.70000631159002,17.795087120749734
1994-05-15,single,20.25,24.68830817086356,,,
1994-05-16,single,38.5,24.862957867709074,,,
1994-05-17,single,42.0,27.245075225830078,,,
1994-05-18,single,42.0,28.680983803488992,,,
1994-05-19,single,40.25,33.74245175448331,,,
1994-05-20,double,41.0,40.34121530706232,65.0,18.943843147971414,1.9328915205868809
1994-05-21,double,42.0,39.09323154796254,68.25,16.732821204445578,2.4795558235862036
1994-05-22,single,38.25,31.50312441045588,,,
1994-05-23,double,46.25,30.504027800126508,74.25,17.98780780368381,-3.6472309069199995
1994-05-24,single,44.5,33.30717086791992,,,
1994-05-25,single,42.75,30.603622089732777,,,
1994-05-26,single,42.75,27.63956104625355,,,
1994-05-27,single,42.0,26.804931640625,,,
1994-05-28,double,39.5,20.545954964377664,63.5,18.053052728826348,12.198808756741611
1994-05-29,double,47.0,17.79566591436213,69.25,20.000912232832476,11.02082989432595
1994-05-30,double,30.75,15.084602355957031,60.5,23.879295695911754,6.813634265552867
1994-05-31,double,42.25,19.66030571677468,60.75,25.68330920826305,7.089534412730824
1994-06-01,double,24.5,17.93113292347301,50.5,30.457755002108488,11.34187074141069
1994-06-02,double,24.25,18.575021570379082,54.75,31.141271937977184,6.981876416639849
1994-06-03,double,24.25,19.43279318376021,50.5,36.076039747758344,3.752120754935525
1994-06-04,double,23.25,19.36118004538796,53.5,30.52968285300515,4.7464047778736465
1994-06-05,double,23.5,21.802933086048473,54.0,27.9817702553489,6.301966146989302
1994-06-06,double,22.25,21.73542560230602,55.75,25.41421872919256,9.170098651539195
1994-06-07,double,20.5,20.2733952999115,55.5,29.868552121249113,10.228984485973012
1994-06-08,double,35.25,15.33183696053245,58.0,29.644973928278144,9.670874682339756
1994-06-09,double,31.0,15.340191407637162,59.0,22.39815243807706,9.553594762628729
1994-06-10,double,33.5,16.94380742853338,62.25,21.0358943939209,10.107767538590865
1994-06-11,double,34.5,22.585990732366387,63.5,30.41206186467951,3.3701210021972656
1994-06-12,double,34.25,18.22733653675426,65.0,29.272433020851828,0.17597530155696653
1994-06-13,double,35.0,24.535573439164594,59.25,26.63910553672097,-6.373396483334628
1994-06-14,double,34.5,28.563344088467684,59.75,31.013918789950285,-8.020994316447865
1994-06-15,double,33.75,28.051265196366742,55.75,27.953262502496894,-5.514577475461093
1994-06-16,double,32.75,27.211599870161578,55.0,28.654999993064187,-2.1919665986841377
1994-06-17,double,32.5,28.200037002563477,56.0,37.30468888716264,-3.784336350180886
1994-06-18,double,31.5,25.615835536609996,54.75,37.724733872847125,3.254575490951538
1994-06-19,single,56.5,31.415727441961113,,,
1994-06-20,single,43.0,28.426619443026457,,,
1994-06-21,double,33.75,20.69643142006614,53.5,30.71097755432129,13.245269341902299
1994-06-22,double,34.25,21.78687147660689,55.75,39.94386395541105,8.5955059745095
1994-06-23,double,34.5,20.8800856850364,55.25,27.232879812067207,10.897904049266469
1994-06-24,double,33.5,18.06882164695046,48.5,23.816767779263582,11.697172771800648
1994-06-25,single,43.75,24.82789386402477,,,
1994-06-26,single,55.5,22.24569910222834,,,
1994-06-27,double,39.25,17.36953405900435,59.75,31.14529904452237,9.029671408913352
1994-06-28,double,40.5,15.82186594876376,62.5,26.753874692049894,10.380983612754129
1994-06-29,double,51.75,17.534433538263496,65.0,26.406246878884055,10.955171845176004
1994-06-30,double,48.0,19.12725223194469,65.0,25.303457086736504,9.05280893499201
1994-07-01,double,49.5,20.565094167535957,67.25,27.15889653292569,7.7439846125516025
1994-07-02,double,48.0,19.6132268038663,68.5,19.31906648115678,6.612789197401567
1994-07-03,single,44.0,17.124704187566582,,,
1994-07-04,double,43.5,22.219392256303266,71.25,22.596364107998934,-0.7785330577330156
1994-07-05,double,48.5,24.820524909279563,73.0,32.680634932084516,-7.784389322454279
1994-07-06,single,48.0,31.81407182866877,,,
1994-07-07,single,49.25,36.6422119140625,,,
1994-07-08,double,47.75,34.247346357865766,71.5,20.42943729053844,-9.394902229309082
1994-07-09,single,44.75,25.44657360423695,,,
1994-07-10,single,42.75,16.026450417258523,,,
1994-07-11,double,33.0,15.339980905706232,63.25,20.35913155295632,8.08589709888805
1994-07-12,single,64.75,23.935747320001777,,,
1994-07-13,single,67.75,20.119062423706055,,,
1994-07-14,single,52.5,17.311595049771395,,,
1994-07-15,single,53.25,18.494203567504883,,,
1994-07-16,double,54.0,21.920020536942914,67.75,17.198611172762785,10.422654672102494
1994-07-17,double,51.5,22.510334014892578,70.5,19.015267632224344,7.053446032784202
1994-07-18,single,52.0,22.71004191311923,,,
1994-07-19,single,49.5,24.82177127491344,,,
1994-07-20,single,48.0,20.89843819358132,,,
1994-07-21,single,54.75,19.942422693425957,,,
1994-07-22,single,51.5,20.322575309059836,,,
1994-07-23,single,51.0,23.14386558532715,,,
1994-07-24,single,50.5,27.573240973732688,,,
1994-07-25,single,48.75,23.184812198985707,,,
1994-07-26,single,48.75,17.032317595048383,,,
1994-07-27,single,56.75,19.832298105413262,,,
1994-07-28,single,59.5,22.986500306562945,,,
1994-07-29,single,53.25,22.52101013877175,,,
1994-07-30,double,51.0,19.996167616410688,72.0,16.125826228748668,5.5885554226962
1994-07-31,single,46.25,18.838492826981977,,,
1994-08-01,single,45.25,20.36491654135964,,,
1994-08-02,single,45.0,17.522491281682793,,,
1994-08-03,single,49.25,18.916201504794035,,,
1994-08-04,single,46.75,17.03371706875888,,,
1994-08-05,single,53.0,15.363103866577148,,,
1994-08-06,single,74.75,23.706146512712753,,,
1994-08-07,single,55.25,17.065881729125977,,,
1994-08-08,double,53.0,23.364652286876332,72.5,27.831988074562766,-2.5500165549191562
1994-08-09,double,56.5,17.657042936845258,71.25,26.963360873135652,6.598333185369318
1994-08-10,double,43.25,21.708377838134766,62.0,16.09682187167081,7.832765839316628
1994-08-11,double,44.0,25.142975373701617,62.5,16.504416118968617,7.818443124944514
1994-08-12,double,45.0,28.815387205644086,67.5,16.172994787042793,3.8720466657118364
1994-08-13,single,45.25,30.340560566295277,,,
1994-08-14,single,44.75,30.862514322454278,,,
1994-08-15,single,50.0,29.55508110739968,,,
1994-08-16,single,50.5,28.738812880082563,,,
1994-08-17,single,49.25,30.634301098910246,,,
1994-08-18,single,49.25,34.46970540826971,,,
1994-08-19,single,48.75,36.786494515158914,,,
1994-08-20,single,49.0,32.76184220747514,,,
1994-08-21,single,50.0,30.11606389825994,,,
1994-08-22,single,50.25,28.92759756608443,,,
1994-08-23,double,51.75,32.41759542985396,74.25,16.974370108710396,2.015471263365312
1994-08-24,single,52.5,35.30990357832475,,,
1994-08-25,single,53.0,39.87476348876953,,,
1994-08-26,single,53.0,38.144004821777344,,,
1994-08-27,single,52.0,34.39560109918768,,,
1994-08-28,single,51.75,35.158625169233844,,,
1994-08-29,single,51.75,36.232906341552734,,,
1994-08-30,single,51.25,30.699939901178535,,,
1994-08-31,single,52.0,27.49049897627397,,,
1994-09-01,single,45.25,24.337661049582742,,,
1994-09-02,single,46.5,28.17268909107555,,,
1994-09-03,single,49.5,30.689786564220082,,,
1994-09-04,single,52.25,37.83697925914418,,,
1994-09-05,single,50.0,47.00608201460405,,,
1994-09-06,single,48.75,42.144132440740414,,,
1994-09-07,single,49.25,35.99914828213778,,,
1994-09-08,single,48.25,31.944969003850762,,,
1994-09-09,single,47.0,37.991516460071914,,,
1994-09-10,single,47.25,38.47834327004173,,,
1994-09-11,single,47.25,35.88725731589577,,,
1994-09-12,single,46.25,33.608461206609554,,,
1994-09-13,single,45.25,28.689666574651543,,,
1994-09-14,single,40.75,28.647845008156516,,,
1994-09-15,double,42.5,31.281597657637164,66.75,21.01618818803267,-5.132817268371582
1994-09-16,double,42.75,28.839411648837004,72.5,22.797581932761453,-0.8800447203896262
1994-09-17,double,48.5,21.19619421525435,71.0,23.502022656527433,3.0682069171558726
1994-09-18,double,52.25,23.4121317429976,74.75,25.572221483503068,5.314145478335294
1994-09-19,double,53.25,25.993867527354848,71.25,21.430144049904563,3.8635231148112905
1994-09-20,double,58.75,18.762845646251332,71.75,18.484306162053887,12.401620344682174
1994-09-21,double,23.5,15.832539124922318,63.75,31.278100794011895,1.9581060084429653
1994-09-22,double,21.5,15.977982000871139,64.5,32.915184714577414,7.490342963825572
1994-09-23,double,34.75,16.59096405722878,63.75,38.523028287020594,1.6412838263945146
1994-09-24,double,36.75,15.651486916975541,62.0,39.64786009355025,-3.9176983616568823
1994-09-25,double,33.0,16.12651998346502,62.5,42.9238676591353,2.257571827281605
1994-09-26,double,32.25,15.349960413846103,63.25,38.68899813565341,2.5135830749164927
1994-09-27,single,59.0,33.49549241499467,,,
1994-09-28,single,60.75,26.681685881181195,,,
1994-09-29,single,58.5,21.41620479930531,,,
1994-09-30,single,61.0,19.438156821511008,,,
1995-05-01,single,35.5,33.780735362659804,,,
1995-05-02,single,29.5,31.1858116496693,,,
1995-05-03,double,27.25,32.35590414567427,60.75,15.385801141912287,3.0213623263619165
1995-05-04,double,33.75,30.357291308316317,57.75,15.003220731561834,7.750614773143422
1995-05-05,double,23.75,30.469347520308062,59.0,19.11954082142223,3.5878895196047695
1995-05-06,double,28.25,31.12674799832431,58.0,17.175831187855113,5.488896369934082
1995-05-07,double,23.5,29.72425824945623,55.25,16.851286454634234,5.748451232910156
1995-05-08,double,24.75,28.243079965764824,52.75,15.645714413036,6.035816669464111
1995-05-09,double,26.75,28.65242611278187,48.25,20.01604028181596,13.331422632390803
1995-05-10,double,26.75,27.13363959572532,48.5,23.92922765558416,15.279945373535156
1995-05-11,single,36.75,28.136500098488547,,,
1995-05-12,single,38.25,32.80364400690252,,,
1995-05-13,single,39.75,33.978472622958094,,,
1995-05-14,single,38.75,32.041161797263406,,,
1995-05-15,double,38.5,30.43648737127131,74.5,17.8313946723938,-10.043756484985352
1995-05-16,single,37.5,29.670032154430043,,,
1995-05-17,double,20.5,22.07697582244873,40.25,30.75018310546875,14.058383161371404
1995-05-18,double,21.5,23.79998172413219,42.5,34.30856011130593,11.338848460804332
1995-05-19,double,41.25,29.550566933371805,69.25,15.510993350635875,3.559024702418934
1995-05-20,double,39.25,26.84863419966264,67.25,16.48661084608598,10.489225474270908
1995-05-21,double,47.75,19.966584639115766,68.25,15.939008626070889,8.762638092041016
1995-05-22,double,48.5,24.840111992575906,70.25,16.339417457580566,3.478408163244074
1995-05-23,single,44.5,24.808216788552024,,,
1995-05-24,single,44.0,26.18424588983709,,,
1995-05-25,single,45.5,31.741276307539508,,,
1995-05-26,single,45.0,34.53568233143199,,,
1995-05-27,single,44.25,37.67593730579723,,,
1995-05-28,single,44.5,31.11921518499201,,,
1995-05-29,single,44.25,20.471967003562234,,,
1995-05-30,single,39.75,15.983461293307217,,,
1995-05-31,single,38.25,16.431933229619805,,,
1995-06-01,double,35.25,15.452622933821244,52.5,18.28151356090199,9.309188062494451
1995-06-02,double,22.75,21.053178440440785,54.25,21.62992182644931,4.962646354328502
1995-06-03,double,23.5,23.859045028686523,51.75,18.992176922884855,6.8407580202276055
1995-06-04,double,22.0,25.989656795154918,46.0,15.478644804521041,8.876852642406117
1995-06-05,double,20.5,25.993685960769653,59.5,15.728004455566406,6.454027305949818
1995-06-06,single,40.0,18.05513468655673,,,
1995-06-07,double,36.0,17.763423399491742,74.5,15.154642581939697,-2.174261602488431
1995-06-08,double,20.75,19.842120276557075,33.25,18.980144847523082,13.482975786382502
1995-06-09,double,22.75,20.20410815152255,67.75,23.828830892389472,-2.8264703317122026
1995-06-10,double,29.5,20.998490246859465,68.5,24.753061988136984,-5.29717865857211
1995-06-11,single,29.25,23.35156388716264,,,
1995-06-12,single,23.75,21.292388395829633,,,
1995-06-13,double,25.75,20.926606785167348,72.0,18.515757300636984,7.773887981068004
1995-06-14,double,30.25,20.8878248388117,70.75,15.99002387306907,9.349030494689941
1995-06-15,double,30.0,22.404828505082563,56.25,21.742325869473543,6.343856117942116
1995-06-16,double,29.5,20.338022405450996,56.25,30.13319813121449,4.491950338537043
1995-06-17,double,30.75,18.888304450295188,53.75,36.28403230146928,-0.34519886428659613
1995-06-18,double,30.5,20.04459641196511,53.25,33.23900084062056,6.076631806113503
1995-06-19,double,36.5,22.886972774158824,54.75,30.401688662442293,9.728761412880637
1995-06-20,double,32.75,18.880711121992633,55.0,23.309336922385476,12.546594446355646
1995-06-21,single,46.5,17.356729334050957,,,
1995-06-22,double,38.75,20.93780552257191,70.5,20.849143288352273,4.937401077964089
1995-06-23,double,34.75,22.774948120117188,69.25,23.83504278009588,-0.09059983851726759
1995-06-24,double,31.5,21.75749934803356,69.5,33.15400591763583,-0.5338748422535983
1995-06-25,double,29.5,19.17316298051314,69.25,25.743979020552203,-0.047684473408894104
1995-06-26,double,31.0,15.667818156155674,66.25,23.310504046353426,-0.5540101331743327
1995-06-27,double,34.0,19.167411284013227,66.5,28.54384352944114,-6.944650216536089
1995-06-28,double,33.75,20.80893221768466,66.75,30.677031777121805,-1.9165961308912798
1995-06-29,single,33.25,21.944533261385832,,,
1995-06-30,double,36.0,22.094585938887164,70.75,15.805536356839267,2.9909997203133325
1995-07-01,single,35.0,22.969022924249824,,,
1995-07-02,single,37.75,21.446747693148527,,,
1995-07-03,double,37.5,20.693455262617633,72.0,19.328706394542348,4.5837344256314365
1995-07-04,double,35.25,16.719344399192117,55.5,26.154129028320312,5.827237042513761
1995-07-05,double,33.0,19.282133449207652,59.0,23.684297561645508,9.462848229841752
1995-07-06,double,33.0,22.438420209017668,60.0,22.4191819971258,6.5202460722489795
1995-07-07,double,32.5,24.6920974037864,58.75,29.998552148992363,2.701280962337147
1995-07-08,double,32.0,23.77597392689098,59.5,29.636002800681375,2.767329281026667
1995-07-09,double,31.75,20.870596278797496,59.5,21.896866364912555,4.696098327636719
1995-07-10,double,34.0,19.079918601296164,65.5,18.888093428178266,5.739251006733287
1995-07-11,double,34.25,19.382605812766336,66.75,21.665436657992277,-0.3613086755980145
1995-07-12,double,35.25,18.005443919788707,48.25,17.01152853532271,11.9214824329723
1995-07-13,single,46.0,19.364388379183683,,,
1995-07-14,single,47.0,25.50323347611861,,,
1995-07-15,single,48.0,28.51795907454057,,,
1995-07-16,single,47.75,27.636077013882723,,,
1995-07-17,single,52.5,20.209622990001332,,,
1995-07-18,double,36.25,17.30571868202903,57.0,23.8491153717041,11.040789084001021
1995-07-19,single,58.25,25.71002266623757,,,
1995-07-20,single,56.75,24.851371591741387,,,
1995-07-21,single,58.5,24.167598030783914,,,
1995-07-22,single,55.25,27.156399986960672,,,
1995-07-23,single,54.0,25.00904013893821,,,
1995-07-24,single,55.5,26.186127749356356,,,
1995-07-25,single,56.0,22.94640454378995,,,
1995-07-26,double,42.5,20.861934835260566,61.25,22.33085719021884,8.227285038341176
1995-07-27,single,66.25,17.444500316273082,,,
1995-07-28,double,47.75,18.918453216552734,66.75,16.69021329012784,10.08857536315918
1995-07-29,single,43.75,17.514394413341176,,,
1995-07-30,single,35.75,19.904554193670098,,,
1995-07-31,single,34.5,19.651465502652254,,,
1995-08-01,single,34.5,17.95236691561612,,,
1995-08-02,double,40.0,16.090672146190297,67.5,17.241099617697976,3.012263233011419
1995-08-03,double,39.25,19.530440763993695,68.0,21.59497781233354,-0.15927700926973062
1995-08-04,double,40.5,23.823599208484996,68.25,20.941315390846945,-5.536599636077881
1995-08-05,double,41.25,20.283251675692473,67.5,27.174565575339578,-5.136224269866943
1995-08-06,double,42.0,20.945344231345437,66.0,21.636457963423297,-1.0028213885697452
1995-08-07,double,43.0,24.52887101606889,70.0,17.584287296641957,4.535690957849676
1995-08-08,double,43.25,22.86039213700728,69.5,24.309052554043856,7.580531380393288
1995-08-09,double,40.75,21.783729900013316,74.25,17.13449838426378,7.679243304512718
1995-08-10,single,41.5,21.2392240004106,,,
1995-08-11,single,48.25,20.73715001886541,,,
1995-08-12,single,58.5,21.375985925847832,,,
1995-08-13,single,59.25,26.79206622730602,,,
1995-08-14,single,60.25,23.288176796653055,,,
1995-08-15,single,65.0,25.435287302190606,,,
1995-08-16,single,67.0,26.030711780894887,,,
1995-08-17,double,40.25,17.71250499378551,69.75,24.77717416936701,-0.673595327545296
1995-08-18,double,35.0,18.459956255826082,65.5,25.495028235695578,0.7318257044323466
1995-08-19,double,42.5,19.203204935247246,66.5,19.558240717107598,3.2469355409795586
1995-08-20,double,34.75,16.501727537675336,72.25,18.05591479214755,9.920120499350809
1995-08-21,double,52.5,17.216907154430043,74.5,18.971100568771362,10.12741669741544
1995-08-22,single,63.5,25.782522374933418,,,
1995-08-23,single,62.25,26.439645073630594,,,
1995-08-24,single,57.0,28.443507974798028,,,
1995-08-25,single,59.0,29.087896173650567,,,
1995-08-26,single,59.5,30.028850555419922,,,
1995-08-27,double,30.25,15.795775326815518,60.25,21.1602840423584,7.647495789961382
1995-08-28,double,45.0,19.176978891546074,66.75,27.75998271595348,5.082331223921343
1995-08-29,single,40.0,16.299977129155938,,,
1995-08-30,double,38.25,21.538855639371004,66.75,18.67844148115678,7.484565864909779
1995-08-31,double,37.75,24.32686389576305,64.25,16.67816890369762,6.080089308998802
1995-09-01,double,36.75,24.08418846130371,70.25,21.223221171985973,2.9150795503096147
1995-09-02,double,47.5,22.00838349082253,72.5,22.99001763083718,-1.5628283348950474
1995-09-03,single,47.5,30.52631204778498,,,
1995-09-04,single,46.5,32.94415161826394,,,
1995-09-05,single,46.0,37.05720832131126,,,
1995-09-06,single,44.5,40.883921189741656,,,
1995-09-07,single,43.75,37.553431424227625,,,
1995-09-08,single,43.75,33.306732177734375,,,
1995-09-09,single,42.5,27.023007826371625,,,
1995-09-10,single,51.5,30.59111352400346,,,
1995-09-11,single,48.25,25.316457748413086,,,
1995-09-12,single,47.0,26.094806324351918,,,
1995-09-13,single,49.5,22.66616370461204,,,
1995-09-14,single,42.25,20.189960479736328,,,
1995-09-15,double,41.5,19.66473995555531,57.0,18.50791462984952,6.968454144217751
1995-09-16,double,37.25,21.440933400934394,74.5,16.785959482192993,3.9791657707907935
1995-09-17,double,39.25,24.405073339288887,64.25,19.165231011130594,3.3347726951945913
1995-09-18,double,37.25,23.825645620172676,64.0,22.989334626631305,5.222324674779719
1995-09-19,double,38.0,21.290026578036223,66.25,32.530054265802555,6.173493428663774
1995-09-20,double,37.5,23.20466457713734,69.25,28.37090440229936,4.1329897967251865
1995-09-21,double,37.0,21.55386040427468,58.5,29.64436010880904,7.181351054798473
1995-09-22,double,38.0,19.982119473544035,58.25,35.70978684858842,4.671330625360662
1995-09-23,double,34.75,18.049103823575106,58.75,45.07260235873136,2.3512746420773594
1995-09-24,double,29.0,18.509370283647016,60.25,42.23986677689986,-0.9012341384183277
1995-09-25,double,28.25,16.343742197210137,59.0,47.113706762140446,5.020791964097456
1995-09-26,single,56.0,46.89986905184659,,,
1995-09-27,single,54.0,44.75044978748668,,,
1995-09-28,single,50.0,37.42674948952415,,,
1995-09-29,single,52.0,30.29865143515847,,,
1995-09-30,double,24.0,15.461213111877441,50.25,26.470885710282758,4.818827065554532
1996-05-01,double,26.0,39.52204097401012,59.75,23.628583387895063,-1.1046893921765415
1996-05-02,double,28.5,39.95280872691762,62.75,20.898470618508078,-0.046482270752841774
1996-05-03,double,30.25,37.61397483132102,65.25,24.889240264892578,2.1766516945578833
1996-05-04,double,28.25,34.80266605723988,67.25,20.518618670376863,3.4612316218289463
1996-05-05,double,34.25,33.51628286188299,49.5,20.276601444591176,9.072915077209473
1996-05-06,double,25.0,32.90357693758878,52.0,18.588504444469105,12.304526935924184
1996-05-07,single,23.75,34.124422246759586,,,
1996-05-08,double,23.25,33.3578631661155,58.0,15.671269763599742,6.391726407137784
1996-05-09,single,35.25,34.82190912420099,,,
1996-05-10,single,33.5,34.36915172230113,,,
1996-05-11,double,33.0,31.70715193314986,72.25,24.257858623157848,-4.884225238453258
1996-05-12,double,22.25,30.880881569602273,36.5,27.550463242964312,20.82510081204501
1996-05-13,double,20.5,28.79313325881958,36.0,27.549653313376687,20.240628675981
1996-05-14,single,22.25,27.274452556263316,,,
1996-05-15,single,33.0,29.16712778264826,,,
1996-05-16,double,32.25,29.13305594704368,60.75,20.19438899647106,-1.7767156145789407
1996-05-17,double,32.0,30.643402619795367,62.25,19.430384722622957,2.208314462141557
1996-05-18,single,22.25,28.501970984719016,,,
1996-05-19,single,22.75,26.884652571244672,,,
1996-05-20,double,24.5,25.14243524724787,49.25,25.36311947215687,15.831754337657582
1996-05-21,double,25.0,22.424135728315875,47.5,29.54700383273038,14.343523459001021
1996-05-22,double,23.25,21.033859079534356,49.25,33.595672607421875,11.562052813443271
1996-05-23,double,22.5,20.614011417735707,49.5,33.648408369584516,10.833681019869717
1996-05-24,double,21.75,20.526364586570047,49.75,32.73973881114613,11.834285736083984
1996-05-25,double,23.25,22.12501959367232,47.25,30.040497866543856,10.696850169788707
1996-05-26,double,25.5,19.499866832386363,49.5,32.70807647705078,8.703494505448775
1996-05-27,double,22.25,16.635638670487836,51.0,26.70102969082919,8.427905559539795
1996-05-28,double,23.0,16.893196972933683,42.25,25.735352429476652,7.418082280592485
1996-05-29,double,44.0,27.25125434181907,56.5,27.469820716164328,20.212989633733574
1996-05-30,double,23.25,16.025085969404742,57.5,25.30582636052912,6.982798489657315
1996-05-31,single,51.25,30.11116530678489,,,
1996-06-01,double,24.5,15.440902970053934,54.75,30.981822794133965,1.2968513694676487
1996-06-02,double,22.5,18.74883304942738,52.75,26.369597521695223,-0.823366950858723
1996-06-03,double,22.5,17.8543701171875,50.25,27.165489023382012,4.350264072418213
1996-06-04,double,24.25,15.2910663431341,55.25,29.40286601673473,6.551868872209028
1996-06-05,single,54.5,25.47901743108576,,,
1996-06-06,double,21.75,17.3638033433394,50.0,21.139991933649238,8.038848270069469
1996-06-07,double,24.25,20.405374006791547,48.25,21.08163660222834,8.765901478854092
1996-06-08,double,25.25,22.640136545354668,47.25,22.53359603881836,8.338945995677602
1996-06-09,double,45.25,26.83901665427468,63.25,21.89778622713956,5.293237339366566
1996-06-10,double,26.0,20.48049562627619,45.0,21.31538824601607,6.5263002135536885
1996-06-11,double,25.5,20.034071835604582,51.75,24.18391245061701,6.029215075752952
1996-06-12,double,27.5,20.649085131558504,54.75,22.460499676791105,5.564108588478782
1996-06-13,double,27.25,20.4285906011408,51.25,19.432618748057973,5.961300719868053
1996-06-14,double,27.5,21.526504516601562,61.25,17.012693751942027,5.739663991061124
1996-06-15,double,27.25,21.245892784812234,65.25,20.0461144880815,7.94629599831321
1996-06-16,double,27.0,19.649995630437676,69.5,18.231137362393465,2.716030857779763
1996-06-17,double,38.25,19.398609161376953,72.5,15.04801013252952,0.6706717745824293
1996-06-18,double,40.75,19.999349767511543,72.75,16.02349055897106,-0.6025547358122739
1996-06-19,single,43.5,22.944975592873313,,,
1996-06-20,single,43.5,21.716163808649238,,,
1996-06-21,single,43.0,25.552743564952504,,,
1996-06-22,double,39.0,23.57737922668457,68.0,19.623606595126066,-5.237893191250888
1996-06-23,double,40.5,22.90325355529785,61.75,17.311901786110617,-0.15865995601581578
1996-06-24,double,36.5,17.793724927035246,72.25,15.063642415133389,5.739429213783958
1996-06-25,single,35.75,15.159684788097035,,,
1996-06-26,single,39.5,18.24854677373713,,,
1996-06-27,double,39.0,17.958103700117633,56.5,18.99456683072177,11.26528245752508
1996-06-28,single,55.25,19.265770478682086,,,
1996-06-29,single,52.5,28.471391677856445,,,
1996-06-30,single,51.25,39.679779746315695,,,
1996-07-01,single,49.25,33.67944960160689,,,
1996-07-02,single,51.5,35.9109018499201,,,
1996-07-03,single,51.75,38.525602860884234,,,
1996-07-04,single,52.75,31.90863037109375,,,
1996-07-05,single,56.0,28.57163030450994,,,
1996-07-06,single,60.0,22.367326736450195,,,
1996-07-07,single,57.5,20.502037395130504,,,
1996-07-08,single,48.5,18.547107696533203,,,
1996-07-09,single,64.25,20.610089215365324,,,
1996-07-10,single,57.0,22.208859183571555,,,
1996-07-11,single,58.5,27.600562182339754,,,
1996-07-12,single,59.5,26.938756942749023,,,
1996-07-13,single,59.0,32.142884341153234,,,
1996-07-14,single,58.5,35.41061054576527,,,
1996-07-15,single,57.5,29.612228740345348,,,
1996-07-16,double,52.5,24.075345472856,70.0,23.03877813165838,-0.598332403735681
1996-07-17,single,49.75,19.475651654330168,,,
1996-07-18,single,50.25,21.42287653142756,,,
1996-07-19,single,48.75,24.066843206232246,,,
1996-07-20,single,50.25,19.680725964632902,,,
1996-07-21,single,59.5,20.504784497347746,,,
1996-07-22,double,61.25,23.360598477450285,74.75,15.968911715916224,6.9229702082547275
1996-07-23,single,49.75,18.52566250887784,,,
1996-07-24,single,50.5,25.209101416847922,,,
1996-07-25,single,47.5,23.29300984469327,,,
1996-07-26,single,49.25,20.731509295376863,,,
1996-07-27,single,52.25,26.810304988514293,,,
1996-07-28,single,56.25,27.824924989180133,,,
1996-07-29,single,56.75,27.15921401977539,,,
1996-07-30,single,50.5,26.21541907570579,,,
1996-07-31,single,51.5,27.486323963512074,,,
1996-08-01,single,55.25,26.99544941295277,,,
1996-08-02,single,56.0,29.359194322065875,,,
1996-08-03,single,56.0,27.799779198386453,,,
1996-08-04,single,47.0,29.77457792108709,,,
1996-08-05,double,46.5,25.166778737848457,70.25,18.377317775379527,8.024683518843217
1996-08-06,single,44.0,23.395185297185723,,,
1996-08-07,single,49.75,22.26049943403764,,,
1996-08-08,double,45.0,20.082692753184926,70.25,15.44692022150213,3.942244464700872
1996-08-09,single,45.0,18.22597174210982,,,
1996-08-10,single,59.0,18.96226865595037,,,
1996-08-11,single,47.0,17.67607168717818,,,
1996-08-12,single,54.5,17.616687081076883,,,
1996-08-13,single,58.25,19.310136448253285,,,
1996-08-14,single,48.0,19.800065647472035,,,
1996-08-15,double,48.0,24.249971389770508,69.25,17.53491800481623,8.382118831981312
1996-08-16,double,45.25,28.230877616188742,72.5,18.857490712946113,9.987452246926047
1996-08-17,double,44.0,20.75828725641424,62.5,18.66144405711781,13.360164468938654
1996-08-18,double,41.0,20.36533147638494,66.0,20.958913803100586,10.93061603199352
1996-08-19,double,39.25,21.108217586170543,68.25,22.624150709672406,6.411884221163663
1996-08-20,double,39.5,19.876746090975676,69.0,22.853826002641156,1.600455479188399
1996-08-21,double,40.5,21.807479338212445,67.75,26.478906978260387,0.5937616527080536
1996-08-22,double,40.75,22.004012714732777,69.25,24.205419193614613,1.304597263986414
1996-08-23,double,46.25,19.345626137473367,71.0,18.130122791637074,6.556695591319691
1996-08-24,double,32.75,20.08572058244185,70.75,20.038722124966707,2.3833503506400366
1996-08-25,double,31.0,19.261640722101387,43.75,20.393441633744672,10.28644761172208
1996-08-26,double,30.75,17.28310810435902,47.5,19.253293297507547,11.952484477650035
1996-08-27,single,47.75,20.083351482044566,,,
1996-08-28,single,44.75,16.792041951959785,,,
1996-08-29,double,35.0,16.14857734333385,60.75,19.336464968594637,10.622883189808238
1996-08-30,double,33.25,15.941844246604226,60.5,21.31040503761985,9.203214385292746
1996-08-31,double,32.0,17.00759436867454,59.5,20.18749410455877,5.3347859382629395
1996-09-01,double,31.25,18.608180132779207,62.25,21.47728087685325,4.1582182970913975
1996-09-02,double,33.0,19.177887829867277,62.75,23.01491269198331,3.286102056503296
1996-09-03,double,35.0,20.55725635181774,63.75,19.337574178522285,2.6708848042921587
1996-09-04,double,38.0,23.81503503972834,74.75,17.47382381984166,1.2569900209253484
1996-09-05,single,38.0,27.387414758855645,,,
1996-09-06,double,36.75,25.547215028242633,65.25,18.066985043612394,-2.323266397822987
1996-09-07,double,40.25,31.843886982310902,69.25,30.22494836287065,-7.7329771301963115
1996-09-08,double,38.0,30.27492367137562,71.75,34.81297926469283,-8.263631083748557
1996-09-09,double,37.75,25.599016016179863,70.25,30.169489773837004,-8.928150350397283
1996-09-10,double,40.0,18.22596654024991,67.0,24.425547513094816,-4.1022564497861
1996-09-11,double,42.25,18.303389462557707,73.0,25.59166682850231,2.5043152679096568
1996-09-12,single,36.0,19.97940340909091,,,
1996-09-13,double,47.75,20.44307465986772,70.5,21.64415203441273,3.077174750241366
1996-09-14,double,46.0,24.192142139781605,71.5,29.05828319896351,-6.009813958948309
1996-09-15,double,37.5,24.778030048717152,74.25,32.265900717841255,-3.014655763452703
1996-09-16,single,38.0,26.42622982371937,,,
1996-09-17,double,41.25,30.244834206321023,74.75,25.385190963745117,-6.806285944851962
1996-09-18,single,43.0,31.516807556152344,,,
1996-09-19,single,46.75,26.2714637409557,,,
1996-09-20,single,45.75,30.410457264293324,,,
1996-09-21,single,47.75,27.45921585776589,,,
1996-09-22,single,48.0,30.546632073142312,,,
1996-09-23,double,49.75,28.207157308405097,69.75,19.86252836747603,-1.771645567633889
1996-09-24,double,45.75,25.24728185480291,71.0,18.008514577692207,6.836712403730913
1996-09-25,single,45.0,31.468061620538887,,,
1996-09-26,single,48.0,34.82729825106534,,,
1996-09-27,single,47.75,33.081538460471414,,,
1996-09-28,single,54.25,35.58142644708807,,,
1996-09-29,double,28.5,15.007598443464799,55.75,38.239404851740055,1.1562779112295671
1996-09-30,double,22.25,15.022275751287287,55.75,42.70288363370028,-1.429257717999545
1997-05-01,double,34.0,32.99658619273793,61.75,26.959731015292082,0.31456230174411426
1997-05-02,double,32.0,29.03718480196866,61.75,32.56031487204812,-1.9243672435933894
1997-05-03,double,29.0,27.183976953679863,60.75,28.85512265292081,2.863616206429221
1997-05-04,double,26.5,20.953006917780097,61.5,22.932495637373492,14.11717718297785
1997-05-05,double,35.0,25.703796560114082,58.25,24.059831792658027,11.396880236538975
1997-05-06,double,34.5,27.623042019930754,60.25,18.37786969271573,9.52208224209872
1997-05-07,double,34.0,29.29568134654652,57.25,16.91665961525657,10.547878525473855
1997-05-08,single,36.25,27.15687422318892,,,
1997-05-09,single,37.0,26.884443976662375,,,
1997-05-10,double,20.5,30.437025547027588,43.0,25.177977301857688,19.860632636330344
1997-05-11,double,45.0,23.780637220902875,73.5,15.427569822831588,-3.0098556821996514
1997-05-12,single,48.75,21.20138185674494,,,
1997-05-13,single,46.5,22.516998464410957,,,
1997-05-14,double,20.25,19.665037972586497,51.25,21.469663619995117,14.014654593034225
1997-05-15,double,20.25,22.505347660609655,61.5,20.86112403869629,11.590756936506791
1997-05-16,single,36.25,20.691637212579902,,,
1997-05-17,single,38.75,23.851259578358043,,,
1997-05-18,single,40.0,26.196442170576617,,,
1997-05-19,single,40.0,26.17864244634455,,,
1997-05-20,single,42.75,28.627235759388316,,,
1997-05-21,single,42.0,28.917193672873758,,,
1997-05-22,single,42.25,26.545535347678445,,,
1997-05-23,single,52.25,22.32912202314897,,,
1997-05-24,double,32.75,20.143660978837445,59.75,21.52659762989391,10.643642685630105
1997-05-25,double,32.0,17.652060422030363,62.25,27.33442601290616,4.422444300218062
1997-05-26,double,30.75,17.49071658741344,64.5,24.520691091364082,4.919929417696866
1997-05-27,double,28.25,18.82024470242587,68.75,18.914342880249023,11.317536960948598
1997-05-28,double,23.25,20.498897379094903,64.0,20.438701976429332,10.477205709977584
1997-05-29,single,37.0,18.694819016890094,,,
1997-05-30,single,36.0,20.660267569802024,,,
1997-05-31,double,35.0,28.015038576993074,71.5,24.043405532836914,-4.109950802542946
1997-06-01,double,35.75,28.357671564275567,69.0,25.50991457158869,-16.443930192427203
1997-06-02,double,38.0,26.015762502496894,69.25,30.039805152199484,-21.058082753961738
1997-06-03,double,43.5,30.12732002951882,69.5,21.053648688576438,-19.826570510864258
1997-06-04,single,41.75,35.14074637673118,,,
1997-06-05,double,39.25,38.56635839288885,69.5,20.867660002274945,-4.103170113130049
1997-06-06,double,36.75,30.87908172607422,66.5,22.97839979691939,-3.630268031900579
1997-06-07,double,37.25,29.868074417114258,68.75,19.683868234807793,-1.336820970882069
1997-06-08,single,38.5,30.011700890280984,,,
1997-06-09,single,37.5,29.90926170349121,,,
1997-06-10,double,37.0,27.07225123318759,56.0,15.075701800259678,9.415840582414107
1997-06-11,single,39.25,26.118790193037555,,,
1997-06-12,single,42.0,28.74581388993697,,,
1997-06-13,single,44.25,30.454518231478605,,,
1997-06-14,single,45.0,26.578871640292082,,,
1997-06-15,single,50.5,22.275141455910422,,,
1997-06-16,single,51.0,22.69474289634011,,,
1997-06-17,single,53.0,25.464703993363813,,,
1997-06-18,double,20.5,15.01104998588562,49.75,24.278169978748668,5.014873287894509
1997-06-19,double,23.25,15.029488563537598,52.5,27.74443886496804,4.879868550734087
1997-06-20,double,23.75,18.407184254039418,49.25,24.21796191822399,6.361201806501909
1997-06-21,double,24.5,17.153663461858574,47.75,26.031950517134234,6.613382686268199
1997-06-22,double,27.75,17.90097895535556,51.75,24.420950109308418,6.6467883370139385
1997-06-23,double,29.5,17.53611235185103,52.5,22.7422098679976,6.5385261448946865
1997-06-24,double,30.0,19.974228598854758,53.25,22.872509002685547,7.560289946469394
1997-06-25,double,29.0,25.059269471602008,59.0,18.04185849970037,7.134295550259677
1997-06-26,single,29.75,27.214535626498137,,,
1997-06-27,double,30.75,26.563433907248758,72.0,17.061993165449664,0.30302360315214505
1997-06-28,double,38.75,24.27974336797541,72.0,16.913660396229137,1.4462541016665371
1997-06-29,double,38.25,28.6941914991899,63.25,18.60800725763494,-4.362052657387474
1997-06-30,double,37.25,24.900067589499734,64.25,20.204593485051934,-2.2711181098764595
1997-07-01,double,33.5,21.803055676546965,69.25,19.788083683360707,0.12438797036355193
1997-07-02,double,33.5,21.21638124639338,70.25,17.790999499234285,4.554943734949285
1997-07-03,single,37.5,20.839168548583984,,,
1997-07-04,double,40.0,18.224428176879883,58.5,20.39050986550071,11.008244601162998
1997-07-05,double,42.75,20.03797756541859,59.25,21.509144176136363,9.39222275127064
1997-07-06,single,42.75,20.65373992919922,,,
1997-07-07,double,42.25,19.995981389825996,61.25,16.53355381705544,4.386031194166704
1997-07-08,double,41.5,21.438441016457297,63.25,15.706524848937988,2.3327095291831275
1997-07-09,single,40.5,22.232458461414684,,,
1997-07-10,single,39.5,20.237646796486594,,,
1997-07-11,single,40.5,19.491097710349344,,,
1997-07-12,single,48.75,20.81357817216353,,,
1997-07-13,single,50.75,24.156156193126332,,,
1997-07-14,single,44.25,21.002207842740145,,,
1997-07-15,single,42.5,21.231093666770242,,,
1997-07-16,single,38.75,19.855100458318535,,,
1997-07-17,single,39.0,18.17984979802912,,,
1997-07-18,double,45.75,25.450862537730824,71.25,22.94570558721369,-1.3155613595789128
1997-07-19,single,44.5,24.22136878967285,,,
1997-07-20,single,44.0,22.220170454545453,,,
1997-07-21,double,44.5,22.462162538008258,70.0,17.479324861006305,0.2839302886700766
1997-07-22,double,46.0,21.91217682578347,71.0,18.622927405617453,0.017654334956949406
1997-07-23,single,49.5,25.62676828557795,,,
1997-07-24,single,51.0,30.192567478526723,,,
1997-07-25,single,51.25,29.936247045343574,,,
1997-07-26,single,51.25,29.835308595137164,,,
1997-07-27,single,51.25,29.02120624889027,,,
1997-07-28,single,52.0,27.701135461980645,,,
1997-07-29,single,50.75,26.51219541376287,,,
1997-07-30,single,52.75,26.589846177534625,,,
1997-07-31,single,54.5,25.310109225186434,,,
1997-08-01,single,55.0,24.833519848910246,,,
1997-08-02,single,50.25,24.44338642467152,,,
1997-08-03,double,49.25,21.54647012190385,62.0,19.560769167813387,14.498401121659713
1997-08-04,double,49.5,19.5485369942405,66.0,18.857281944968484,11.811334696683017
1997-08-05,double,53.5,19.98012230613015,72.0,19.075529618696734,10.088108582930131
1997-08-06,single,58.5,21.59908103942871,,,
1997-08-07,single,57.0,23.26868282664906,,,
1997-08-08,single,55.5,19.04514069990678,,,
1997-08-09,single,47.25,21.33176664872603,,,
1997-08-10,double,45.25,20.659977826205168,65.0,29.42623606595126,2.7810520475560967
1997-08-11,double,40.0,20.235300237482246,68.5,27.329221205277875,-6.982224854555997
1997-08-12,single,39.5,19.60362538424405,,,
1997-08-13,single,45.25,17.905315919355914,,,
1997-08-14,single,47.0,18.810260079123758,,,
1997-08-15,single,45.0,18.694135145707563,,,
1997-08-16,single,44.75,21.4391207261519,,,
1997-08-17,single,48.75,21.5791709206321,,,
1997-08-18,single,48.75,22.156930056485262,,,
1997-08-19,single,48.25,23.757052161476828,,,
1997-08-20,double,51.25,20.99671103737571,72.75,17.595545508644797,2.8954810445958916
1997-08-21,single,53.75,23.06728068265048,,,
1997-08-22,single,56.25,24.009953585537996,,,
1997-08-23,single,55.0,22.720101616599344,,,
1997-08-24,single,51.25,26.475434043190695,,,
1997-08-25,single,49.25,28.505035920576617,,,
1997-08-26,double,46.75,31.524007970636543,68.25,20.32210298018022,4.664104071530429
1997-08-27,double,44.25,33.10653339732777,67.25,21.818058707497336,1.1591875932433389
1997-08-28,double,45.0,32.00487622347745,71.75,21.566567507657137,3.820728388699618
1997-08-29,single,47.0,28.382992310957476,,,
1997-08-30,double,41.0,24.009583039717242,52.75,26.731777017766778,18.780990080399945
1997-08-31,single,42.0,20.752843163230203,,,
1997-09-01,single,46.5,22.9969144300981,,,
1997-09-02,single,43.5,21.994474064220082,,,
1997-09-03,single,43.75,19.9310847195712,,,
1997-09-04,single,47.25,21.807692787863992,,,
1997-09-05,single,61.0,21.254942633888938,,,
1997-09-06,single,64.5,29.70694489912553,,,
1997-09-07,single,61.5,38.18297299471769,,,
1997-09-08,double,32.25,15.90434455871582,60.0,44.34135437011719,-10.814824537797408
1997-09-09,single,61.25,29.734406211159445,,,
1997-09-10,single,63.5,30.27369464527477,,,
1997-09-11,single,62.0,26.103943738070402,,,
1997-09-12,double,32.0,15.59351582960649,56.5,28.638606331565164,9.190910686146129
1997-09-13,double,31.75,16.878788514570758,55.5,34.011327570134945,8.557720791209828
1997-09-14,single,55.75,35.799490148370914,,,
1997-09-15,single,56.0,37.283465298739344,,,
1997-09-16,double,36.75,16.594512245871805,57.0,34.37686122547496,9.269665544683283
1997-09-17,double,38.5,16.931624152443625,58.0,36.02651700106534,5.012289610776034
1997-09-18,single,57.75,32.81911347129128,,,
1997-09-19,double,54.5,20.46162813360041,71.75,28.356272957541726,12.592633767561479
1997-09-20,double,46.25,17.748641620982777,72.5,33.2191706570712,8.275994907725941
1997-09-21,double,46.0,19.009611476551402,67.75,27.46866399591619,8.964326511729848
1997-09-22,double,44.25,18.286188819191672,69.25,31.542330308394,4.068653410131281
1997-09-23,double,22.25,19.322912736372515,43.75,18.983853600241922,7.753137675198642
1997-09-24,double,22.25,18.659387068314985,39.0,17.64085544239391,9.311032208529385
1997-09-25,double,23.25,19.446280566128817,62.5,20.811756134033203,9.096148664301092
1997-09-26,double,24.0,18.94872405312278,49.75,20.07362192327326,8.144138596274637
1997-09-27,double,22.75,18.770064267245207,53.25,22.168977564031426,4.43379731611772
1997-09-28,single,45.75,21.32987005060369,,,
1997-09-29,double,20.75,17.24243206448025,56.0,35.80704012784091,7.845685091885653
1997-09-30,double,28.0,19.6290019642223,58.0,44.70978996970437,-8.702315503900701
1998-05-01,double,22.0,34.88903045654297,63.5,27.362051183527168,-4.466261863708496
1998-05-02,double,24.25,35.28631661155007,69.5,17.53165227716619,6.796899795532227
1998-05-03,double,28.25,40.71266902576793,57.5,20.521585291082207,5.694449338045987
1998-05-04,double,28.0,39.85377155650746,57.5,33.8447810086337,-0.19612429968335413
1998-05-05,double,27.25,39.5563999522816,55.25,30.86509097706188,-1.3966164914044468
1998-05-06,double,25.75,39.65089277787642,53.5,28.973234696821734,1.6663259051062844
1998-05-07,double,25.25,37.85278181596236,54.75,24.117605729536578,7.083127672022039
1998-05-08,double,26.25,35.4587534124201,58.25,21.402864109386098,8.679284876043146
1998-05-09,double,26.0,33.70208948308771,59.5,21.39780686118386,8.961983507329768
1998-05-10,double,27.0,31.34155377474698,54.25,19.208480661565606,3.0871626030315054
1998-05-11,double,31.0,30.439198927445844,50.75,19.01999993757768,4.7269933006980205
1998-05-12,double,22.75,28.965628363869406,57.0,21.978649486194957,5.880228822881525
1998-05-13,single,22.25,28.227624026211824,,,
1998-05-14,double,22.75,28.208155371926047,33.5,28.15860280123624,22.554293199019
1998-05-15,single,26.5,27.502897435968574,,,
1998-05-16,double,29.0,31.622258446433328,64.5,17.75805039839311,5.026162971149791
1998-05-17,double,32.0,33.65409608320756,66.25,20.69511638988148,-2.1831179315393623
1998-05-18,double,31.5,33.813993280584164,61.5,23.20933133905584,-5.557599978013472
1998-05-19,double,27.75,32.78849202936346,72.75,23.113420313054863,-7.280773813074285
1998-05-20,double,24.5,31.421254071322355,73.5,26.708789825439453,1.2890503189780496
1998-05-21,single,23.75,31.74585671858354,,,
1998-05-22,single,22.25,27.35056565024636,,,
1998-05-23,double,33.0,28.922659960660067,62.25,15.763320662758566,5.0432257652282715
1998-05-24,double,20.5,27.10193634033203,65.0,18.598309603604402,2.937214656309648
1998-05-25,double,28.75,27.108243942260742,72.75,18.23594838922674,4.4828010472384365
1998-05-26,single,29.75,26.566448905251242,,,
1998-05-27,single,24.0,26.307546962391246,,,
1998-05-28,double,37.5,30.194685675881125,72.75,18.496691963889383,-5.354287884452126
1998-05-29,double,25.75,27.489796725186434,39.25,28.433042006059125,21.03548986261541
1998-05-30,double,24.5,28.11916559392756,39.75,25.066002759066496,19.958629261363637
1998-05-31,double,22.25,25.25033898787065,40.25,26.605066126043145,20.226003300059926
1998-06-01,double,24.75,24.21464105085893,41.75,23.90067638050426,17.08473049510609
1998-06-02,double,24.5,26.078326485373758,42.0,23.51851411299272,13.900970805775035
1998-06-03,double,23.0,25.230145367709074,49.5,23.229814009232953,13.874366413463246
1998-06-04,double,22.75,21.329022667624734,48.75,21.582436995072797,11.970265995372426
1998-06-05,double,23.5,17.374964453957297,40.0,19.827037464488637,11.975735144181685
1998-06-06,double,40.25,25.331667639992453,59.75,18.274742993441496,8.441305463964289
1998-06-07,double,42.5,24.943781766024504,61.0,16.81784439086914,7.640723661942915
1998-06-08,single,46.5,27.849035783247515,,,
1998-06-09,single,47.5,30.772994648326527,,,
1998-06-10,single,44.75,25.31322548606179,,,
1998-06-11,single,43.25,25.820513985373758,,,
1998-06-12,single,49.5,26.160402991554953,,,
1998-06-13,double,30.5,18.760103919289328,48.0,27.67952520197088,13.567553693597967
1998-06-14,single,45.5,26.08646635575728,,,
1998-06-15,single,43.25,26.645462209528144,,,
1998-06-16,double,46.0,25.12230734391646,71.75,15.673399665138938,-8.495017181743275
1998-06-17,single,42.75,17.33211829445579,,,
1998-06-18,single,42.25,15.878805594010787,,,
1998-06-19,none,,,,,
1998-06-20,double,29.25,15.061466217041016,53.0,19.240093231201172,6.098878513682973
1998-06-21,single,51.5,22.920398018576883,,,
1998-06-22,single,51.25,26.106129386208274,,,
1998-06-23,single,51.75,22.27498834783381,,,
1998-06-24,single,50.5,18.477744362571023,,,
1998-06-25,double,29.25,17.40271533619274,50.5,20.339907732876863,6.9070893200961025
1998-06-26,double,31.25,18.026370655406605,50.5,25.08144794810902,5.569538419896906
1998-06-27,double,31.75,17.89922506159002,49.0,26.32582595131614,6.666747353293679
1998-06-28,double,32.5,15.985218134793369,50.5,28.13857546719638,5.19610613042658
1998-06-29,single,51.75,27.884138107299805,,,
1998-06-30,double,34.75,15.429337674921209,50.75,22.013879082419656,8.113968502391469
1998-07-01,double,51.0,22.109737569635566,71.5,20.703366886485707,-1.662581438368017
1998-07-02,double,40.5,21.89479047601873,63.5,15.353976076299494,6.519695715470747
1998-07-03,double,40.25,21.268567171963777,60.75,22.812048478560015,6.541895172812722
1998-07-04,double,41.0,20.752050573175605,60.25,27.852720954201438,3.1588035063310103
1998-07-05,double,38.0,23.221200769597832,57.25,26.1630933934992,3.24706448208202
1998-07-06,double,37.0,18.138411608609285,53.5,22.348135341297496,12.409636584195225
1998-07-07,double,40.25,21.359716762195934,51.75,21.299826188520953,14.48815224387429
1998-07-08,double,37.5,25.80027372186834,53.25,25.574165864424273,10.457826614379883
1998-07-09,double,36.5,25.995514436201617,54.0,33.45068844881925,10.223236170682041
1998-07-10,double,35.0,19.050410357388582,54.5,35.05051768909801,11.23727070201527
1998-07-11,double,35.25,15.07914196361195,51.5,32.94242616133256,9.087590390985662
1998-07-12,single,50.0,40.13916223699396,,,
1998-07-13,single,50.0,37.95593989979137,,,
1998-07-14,single,52.0,36.28876980868253,,,
1998-07-15,single,51.0,33.62221353704279,,,
1998-07-16,single,50.0,29.794000799005683,,,
1998-07-17,single,51.5,26.416703310879793,,,
1998-07-18,single,46.75,25.934716137972746,,,
1998-07-19,single,47.0,27.566496415571734,,,
1998-07-20,single,45.5,28.288138129494406,,,
1998-07-21,single,46.5,29.16891167380593,,,
1998-07-22,single,47.75,30.034521969881926,,,
1998-07-23,single,48.25,31.743248159235176,,,
1998-07-24,single,51.0,32.23189509998668,,,
1998-07-25,single,52.5,33.18571714921431,,,
1998-07-26,single,51.75,31.03038874539462,,,
1998-07-27,single,53.25,34.39086151123047,,,
1998-07-28,single,55.25,34.55254364013672,,,
1998-07-29,single,52.5,32.22239060835405,,,
1998-07-30,single,50.0,31.792837489734996,,,
1998-07-31,single,49.0,28.180712959983133,,,
1998-08-01,single,53.25,29.519714182073418,,,
1998-08-02,single,55.75,32.90602892095392,,,
1998-08-03,single,55.25,37.903599132191054,,,
1998-08-04,single,54.75,32.333925767378375,,,
1998-08-05,single,55.5,28.918853412974965,,,
1998-08-06,single,56.5,31.547992706298828,,,
1998-08-07,double,42.0,18.819979060779918,56.75,35.12935811823065,8.487787333401767
1998-08-08,double,40.0,17.093951138583098,57.25,29.76293910633434,6.930532108653676
1998-08-09,double,38.5,17.019433801824395,53.25,22.787838155573066,9.330612702803178
1998-08-10,single,51.0,25.333758440884676,,,
1998-08-11,single,54.25,32.18285231156783,,,
1998-08-12,single,57.0,29.451095234264027,,,
1998-08-13,single,54.75,28.403527173128996,,,
1998-08-14,single,55.0,22.84062454917214,,,
1998-08-15,single,63.5,22.16379113630815,,,
1998-08-16,single,57.25,25.22648135098544,,,
1998-08-17,double,39.5,17.810341921719637,59.0,25.804987127130683,11.257411089810459
1998-08-18,double,37.75,17.135645606301047,56.5,25.448129827325996,10.847417571327902
1998-08-19,double,36.5,19.54256820678711,56.75,34.26010964133523,6.449935046109286
1998-08-20,double,36.75,19.4288347417658,57.0,40.88400650024414,4.217211138118397
1998-08-21,single,55.25,33.095946225253016,,,
1998-08-22,single,52.25,31.15500883622603,,,
1998-08-23,single,53.5,31.656862605701793,,,
1998-08-24,single,52.0,32.35285065390847,,,
1998-08-25,single,55.5,30.476532676003195,,,
1998-08-26,double,38.75,17.352473345669832,54.5,26.4814940365878,11.09549349004572
1998-08-27,single,47.75,28.1638710715554,,,
1998-08-28,single,45.75,26.415055014870383,,,
1998-08-29,single,46.75,26.386302774602715,,,
1998-08-30,single,45.0,29.785445993596856,,,
1998-08-31,single,44.75,33.49360968849876,,,
1998-09-01,single,46.25,38.05799588290128,,,
1998-09-02,single,46.0,35.71909609707919,,,
1998-09-03,single,47.0,34.35895746404474,,,
1998-09-04,single,44.75,33.643585205078125,,,
1998-09-05,double,44.75,32.05973087657582,69.75,20.622431494972922,2.1663319414312188
1998-09-06,double,44.25,32.8502082824707,70.5,22.089881550181996,6.3550756627863105
1998-09-07,double,45.0,34.04309706254439,69.75,25.53556251525879,-0.048442972993308846
1998-09-08,double,47.75,35.302819685502485,72.0,24.847061677412555,-2.1082064021717417
1998-09-09,double,51.0,27.85763255032626,71.5,18.33338910883123,8.16669511795044
1998-09-10,double,56.75,35.56638440218839,74.75,15.82823440006801,5.85366153717041
1998-09-11,single,58.5,37.412571993741125,,,
1998-09-12,double,57.5,31.843205538662996,73.0,16.331594987349078,6.3359550562771885
1998-09-13,double,43.5,25.098819732666016,59.0,17.120052684437145,9.594059510664506
1998-09-14,single,44.0,28.169354005293414,,,
1998-09-15,double,32.5,21.736642490733754,48.75,24.46384638006037,15.52072793787176
1998-09-16,double,50.75,25.409405448219992,69.25,16.882816921580922,-5.4187234531749375
1998-09-17,double,46.0,29.05120676214045,66.75,18.166010076349433,-0.43393206697973336
1998-09-18,single,43.0,22.61604222384366,,,
1998-09-19,double,35.5,18.824114019220527,63.75,20.202287500554863,7.392082084308971
1998-09-20,double,33.0,20.3099347894842,65.0,26.975622523914684,2.902610497041182
1998-09-21,double,33.75,21.226010062477805,66.25,36.69735752452504,-1.8659438219937412
1998-09-22,double,34.0,19.5558875690807,65.5,31.226356506347656,-1.1978091380812905
1998-09-23,double,32.5,19.366023323752664,68.75,32.47375696355646,3.506498401815241
1998-09-24,double,42.25,19.215743498368695,67.75,28.415179686112836,1.1341350674629211
1998-09-25,single,41.25,22.138084931807086,,,
1998-09-26,single,44.0,25.228761672973633,,,
1998-09-27,single,45.0,32.56526617570357,,,
1998-09-28,single,42.75,30.880199258977715,,,
1998-09-29,single,45.75,30.222332520918414,,,
1998-09-30,single,40.75,24.72728330438787,,,
1999-05-01,double,41.25,27.793988141146574,57.25,25.152585463090375,7.428361242467707
1999-05-02,double,23.0,19.743235501376066,42.0,30.447722695090555,13.895417820323598
1999-05-03,single,42.0,31.169835697520863,,,
1999-05-04,single,37.0,30.50848215276545,,,
1999-05-05,single,39.25,29.493769385597922,,,
1999-05-06,single,38.0,28.592465140602805,,,
1999-05-07,single,35.5,24.41259696266868,,,
1999-05-08,single,35.0,24.658139488913797,,,
1999-05-09,single,40.25,25.3287428075617,,,
1999-05-10,single,43.75,22.39678192138672,,,
1999-05-11,double,20.75,25.95077387491862,48.0,26.2809720472856,8.41649289564653
1999-05-12,single,44.5,32.45582164417613,,,
1999-05-13,double,45.0,35.141277660023086,65.5,17.324386076493695,-4.348494161259044
1999-05-14,double,20.25,21.955699103219168,43.5,31.481443751942027,12.129392537203701
1999-05-15,double,21.75,21.77546431801536,40.25,25.04573457891291,13.319232940673828
1999-05-16,double,23.25,23.186185490001332,40.0,23.156713485717773,13.13254469091242
1999-05-17,double,21.5,21.736844669688832,67.75,23.198082837191496,3.515055699781938
1999-05-18,double,21.5,20.847654169256035,65.75,29.851865421641957,1.6159487745978616
1999-05-19,double,36.5,21.08688735961914,62.0,22.62868742509322,3.980735020204024
1999-05-20,double,31.0,20.711940245194867,56.5,25.645359559492633,4.040067325938832
1999-05-21,double,23.25,22.454590017145332,56.0,33.34534384987571,-0.729180785742673
1999-05-22,double,26.75,22.714320963079278,55.75,33.561161734841086,1.6024496663700452
1999-05-23,double,26.75,25.707352031360973,55.5,35.74618252840909,1.7932891845703125
1999-05-24,double,27.0,27.30196900801225,53.75,29.443266608498313,3.9855697588487105
1999-05-25,double,26.5,26.301297447898172,55.0,27.358146494085137,5.314039880579168
1999-05-26,double,23.25,25.461451270363547,58.25,25.294926209883258,9.644874919544566
1999-05-27,double,23.5,23.729963129216973,60.0,26.48360148343173,6.728245301680132
1999-05-28,double,24.25,20.824375672773883,62.5,22.008373260498047,10.399958003651012
1999-05-29,double,20.25,20.03927312578474,57.25,22.927018252286043,6.309848178516734
1999-05-30,double,22.5,21.906408309936523,59.75,22.535469922152433,6.594751964915883
1999-05-31,single,50.25,18.779489170421254,,,
1999-06-01,double,49.5,24.32335038618608,60.5,20.17345428466797,14.476696707985617
1999-06-02,single,55.5,21.640017596158113,,,
1999-06-03,single,52.5,25.084102630615234,,,
1999-06-04,double,22.0,16.055594010786578,47.5,24.339413729580965,6.884339029138738
1999-06-05,double,23.5,16.449028275229715,45.5,22.116236079822887,8.965613625266336
1999-06-06,single,41.75,19.37863610007546,,,
1999-06-07,single,28.25,17.31603865189986,,,
1999-06-08,double,47.5,19.307008396495473,61.75,17.11347805369984,6.430346575650302
1999-06-09,double,48.25,19.35650461370295,68.25,20.08887308294123,-1.5466005585410378
1999-06-10,double,33.5,16.473229841752485,72.5,25.910986293445934,1.840288064696572
1999-06-11,single,36.0,20.249053088101473,,,
1999-06-12,double,34.0,19.683330535888672,55.25,15.253797964616256,2.115024956789884
1999-06-13,double,33.5,17.834948799826883,55.75,19.64028046347878,2.911375717683272
1999-06-14,double,33.25,15.525585434653543,56.25,22.439407868818805,4.099895303899592
1999-06-15,single,58.5,31.29153147610751,,,
1999-06-16,single,60.75,28.368981101296164,,,
1999-06-17,single,56.75,23.16408261385831,,,
1999-06-18,single,55.5,32.58962128379128,,,
1999-06-19,single,55.25,39.80354309082031,,,
1999-06-20,single,54.5,31.912988142533735,,,
1999-06-21,single,56.25,23.303867513483222,,,
1999-06-22,single,42.0,21.71593631397594,,,
1999-06-23,single,41.25,22.59985490278764,,,
1999-06-24,single,38.0,21.332663102583453,,,
1999-06-25,double,35.5,24.231614372947,66.75,15.509022452614524,2.746482935818759
1999-06-26,single,39.75,16.3809814453125,,,
1999-06-27,single,43.75,20.403353084217418,,,
1999-06-28,single,48.0,22.609175942160867,,,
1999-06-29,single,48.0,24.295418305830523,,,
1999-06-30,single,48.5,23.03684512051669,,,
1999-07-01,single,52.0,23.696001399647106,,,
1999-07-02,double,48.5,21.059281089089133,74.75,18.8546564919608,-6.312420281496915
1999-07-03,single,50.0,20.0109656940807,,,
1999-07-04,single,45.5,19.31529322537509,,,
1999-07-05,single,45.0,20.74416004527699,,,
1999-07-06,single,44.25,22.765350515192207,,,
1999-07-07,double,42.0,20.359147331931375,61.0,17.89111865650524,12.171829570423473
1999-07-08,single,69.0,16.603104851462625,,,
1999-07-09,single,51.75,16.88263511657715,,,
1999-07-10,single,63.25,21.513966820456766,,,
1999-07-11,single,66.5,24.681161013516512,,,
1999-07-12,double,53.0,22.350526809692383,67.0,24.46008404818448,11.496561483903365
1999-07-13,single,54.25,27.13526587052779,,,
1999-07-14,single,51.0,29.30200992931019,,,
1999-07-15,single,47.0,26.81126767938787,,,
1999-07-16,single,54.5,28.73270208185369,,,
1999-07-17,single,55.75,29.796948519620027,,,
1999-07-18,single,52.75,27.423649874600496,,,
1999-07-19,single,51.0,27.52411062067205,,,
1999-07-20,single,51.75,28.183626868508078,,,
1999-07-21,single,52.25,25.797094518488105,,,
1999-07-22,single,56.75,19.721007780595258,,,
1999-07-23,single,60.5,26.633078835227273,,,
1999-07-24,double,37.25,17.460615331476387,60.0,26.398001584139738,5.427259922027588
1999-07-25,double,36.75,18.527169661088422,57.5,22.912878903475676,8.286009441722523
1999-07-26,double,37.5,20.982833515514027,55.5,18.231148806485262,8.585492827675559
1999-07-27,double,38.0,23.462705265391957,68.25,23.382737419822,1.936363772912459
1999-07-28,double,39.75,23.39979397166859,69.5,29.060742811723188,-1.68330702456561
1999-07-29,double,40.0,23.150188792835582,69.5,21.59600760719993,1.4000864028930664
1999-07-30,double,39.25,22.77948535572399,70.25,20.48754345286976,2.3316949931058017
1999-07-31,double,38.75,20.70642627369274,69.25,22.691076625477184,4.284036809747869
1999-08-01,double,44.0,20.953414916992188,67.25,16.942781795154918,5.679911093278364
1999-08-02,double,42.5,21.582401275634766,68.0,22.015364560213957,1.9260593435981057
1999-08-03,single,44.25,23.06087303161621,,,
1999-08-04,double,45.0,29.47612328962846,71.75,21.801612507213246,-6.26887863332575
1999-08-05,double,47.0,34.922156594016336,73.0,18.21612583507191,-9.884356238625266
1999-08-06,single,47.5,25.565259760076348,,,
1999-08-07,single,40.0,25.496244603937324,,,
1999-08-08,double,42.75,25.03251093084162,63.5,18.677486246282403,7.700161413712935
1999-08-09,double,48.25,27.045433738014914,63.5,17.500089645385742,6.042419867082075
1999-08-10,single,51.0,27.436867107044566,,,
1999-08-11,single,51.75,26.442481821233574,,,
1999-08-12,single,54.25,30.580659692937676,,,
1999-08-13,single,52.5,33.34992876919833,,,
1999-08-14,single,50.0,35.935971693559125,,,
1999-08-15,single,50.5,34.56732316450639,,,
1999-08-16,single,51.25,43.60887562144887,,,
1999-08-17,single,49.0,38.56586282903498,,,
1999-08-18,single,49.0,38.09684233231978,,,
1999-08-19,single,49.75,32.91654049266469,,,
1999-08-20,double,48.25,27.587383270263672,65.0,17.67313679781827,5.314977038990367
1999-08-21,double,46.0,27.63987818631259,65.5,20.855350841175426,5.672322446649725
1999-08-22,double,46.0,26.29252017628063,66.0,21.808442722667348,5.271159432151101
1999-08-23,double,47.5,25.453399831598457,67.5,23.81106255271218,7.261842814358798
1999-08-24,double,50.0,24.25069739601829,69.5,32.825826991688125,3.305989460511641
1999-08-25,double,51.0,22.55465351451527,72.25,24.835080233487215,9.046768708662553
1999-08-26,single,51.75,24.542259389703926,,,
1999-08-27,double,40.75,22.010398864746094,55.25,23.073980158025567,14.803548379377885
1999-08-28,double,40.25,18.759985663674094,58.0,25.413179917769,11.562382177873092
1999-08-29,double,39.5,18.122187874533914,59.0,24.710079539905895,11.032889886335893
1999-08-30,double,38.25,16.180332617326215,55.5,23.087795084173028,10.315645824779164
1999-08-31,double,36.5,15.96567171270197,55.75,27.764190153642133,3.5678618387742476
1999-09-01,double,34.75,17.039043426513672,57.75,30.80641607804732,-2.526588960127397
1999-09-02,double,33.0,15.71440974148837,64.25,36.638797760009766,-6.408555204218084
1999-09-03,single,59.25,35.457298972389914,,,
1999-09-04,double,34.0,15.006590323014693,63.5,34.51970187100497,-4.322295188903809
1999-09-05,double,33.5,15.847689541903408,68.75,21.726944836703215,6.6826301921497695
1999-09-06,single,51.5,25.917849454012785,,,
1999-09-07,single,52.5,31.43113968589089,,,
1999-09-08,double,33.25,15.191702235828746,51.5,23.862258911132812,9.116372975436123
1999-09-09,single,57.5,21.552554910833184,,,
1999-09-10,single,62.5,24.45430426164107,,,
1999-09-11,single,71.0,18.520492553710938,,,
1999-09-12,double,31.5,15.382209691134365,58.5,22.941619699651543,-0.6582883217118003
1999-09-13,single,51.75,21.5020018490878,,,
1999-09-14,single,53.25,22.863358584317293,,,
1999-09-15,single,48.5,23.815378709272906,,,
1999-09-16,single,51.0,32.76251290061257,,,
1999-09-17,single,51.5,37.35533072731712,,,
1999-09-18,single,48.25,25.386401783336293,,,
1999-09-19,single,42.0,29.523949189619586,,,
1999-09-20,single,41.5,30.079086997292258,,,
1999-09-21,single,41.25,34.040495439009234,,,
1999-09-22,double,43.5,23.316404342651367,70.5,17.418176304210316,-2.8890897360715
1999-09-23,single,46.0,24.309690128673207,,,
1999-09-24,single,47.25,31.069260337136008,,,
1999-09-25,double,47.75,36.78145148537376,70.5,21.203156904740766,-0.7148361856287176
1999-09-26,double,48.75,40.57558371803977,72.0,21.084732749245383,-3.269892930984497
1999-09-27,double,45.5,33.59674280340021,69.5,19.642154520208184,-0.1622355363585732
1999-09-28,double,44.25,26.995337919755414,70.75,22.79196461764249,8.828210830688477
1999-09-29,single,59.5,28.46112129905007,,,
1999-09-30,single,56.5,39.2458742315119,,,
2000-05-01,single,22.5,33.71949351917613,,,
2000-05-02,double,23.25,32.60027868097479,66.5,19.187612186778676,2.124838883226568
2000-05-03,double,25.0,33.13025457208807,70.75,21.279577428644355,4.978695739399303
2000-05-04,double,21.75,34.611600702459164,66.25,22.891209515658293,2.6450537985021416
2000-05-05,double,22.0,37.47580060091886,70.0,18.944955479015004,4.8633245988325635
2000-05-06,single,20.75,36.557950761583115,,,
2000-05-07,double,22.0,35.257463628595524,67.25,22.31214783408425,3.9457485892555932
2000-05-08,double,22.25,36.1910944851962,71.75,23.103973735462535,5.77443924817172
2000-05-09,double,22.5,35.49323203346946,64.75,21.746417305686258,3.9281728050925513
2000-05-10,double,23.0,35.45854395086115,68.25,34.306462027809836,-3.277888688174161
2000-05-11,double,20.75,31.71703592936198,73.5,32.424324382435195,-0.8051735711368647
2000-05-12,single,42.25,24.954919815063477,,,
2000-05-13,double,42.0,20.869143572720613,72.75,24.5655534917658,2.943766615607522
2000-05-14,single,74.5,26.41638708114624,,,
2000-05-15,double,20.25,29.311268397739955,58.5,17.22979597611861,2.062060529535467
2000-05-16,double,21.75,26.402910579334606,58.5,23.522019472989168,-2.0979154868559404
2000-05-17,double,25.5,26.573536092584785,58.75,23.849633476950906,2.7196183421395044
2000-05-18,double,26.0,26.063453327525746,48.75,20.746496720747515,4.177582328969782
2000-05-19,double,23.5,27.074677554043856,50.25,21.84356117248535,5.342326641082764
2000-05-20,double,23.0,29.61197905106978,52.25,27.277658462524414,10.564045385880904
2000-05-21,double,22.75,27.850841002030805,52.25,32.03010142933238,10.738289399580522
2000-05-22,double,23.25,22.944027987393465,49.25,33.179568550803445,13.223288102583451
2000-05-23,single,50.25,34.16191898692738,,,
2000-05-24,single,51.25,35.98278531161222,,,
2000-05-25,double,27.0,20.016385685313832,51.0,33.21110066500577,14.44196874445135
2000-05-26,double,26.0,21.1280855699019,49.75,28.297917105934836,8.357946569269354
2000-05-27,double,27.25,21.61122616854581,49.5,32.97543993863192,6.755449598485773
2000-05-28,double,27.25,20.05914480035955,48.0,33.28063409978693,6.87324012409557
2000-05-29,double,26.5,17.11832011829723,48.5,32.406944968483664,5.978603189641779
2000-05-30,single,49.5,33.52082998102362,,,
2000-05-31,single,48.5,27.88372664018111,,,
2000-06-01,single,54.0,26.02540293606845,,,
2000-06-02,double,29.25,16.794383655894887,48.75,24.56107607754794,9.931100758639248
2000-06-03,double,27.0,15.359609430486506,47.0,24.39546741138805,5.040776079351252
2000-06-04,single,49.5,27.296322909268465,,,
2000-06-05,double,21.5,15.978522907603871,50.0,28.889204892245207,2.329045989296653
2000-06-06,double,22.0,16.309254039417613,51.5,30.984604575417258,1.5334006331183694
2000-06-07,double,20.25,17.66109711783273,51.25,33.75089506669478,2.2639149752530185
2000-06-08,double,20.75,18.68212784661187,54.25,30.706395062533293,4.597093192013827
2000-06-09,double,21.75,15.072956952181729,53.5,26.398230465975676,7.266280347650701
2000-06-10,double,49.5,23.621782996437766,72.75,15.451531757007945,5.93026759407737
2000-06-11,single,52.75,27.049799138849433,,,
2000-06-12,single,56.75,27.160008343783293,,,
2000-06-13,single,54.0,28.866452130404387,,,
2000-06-14,single,55.75,30.622385198419746,,,
2000-06-15,single,55.5,27.479616165161133,,,
2000-06-16,single,66.25,19.92437102577903,,,
2000-06-17,double,36.0,16.39164785905318,54.0,19.986746181141246,9.779430736194957
2000-06-18,single,54.75,25.36017539284446,,,
2000-06-19,double,24.5,17.756019072099164,53.0,22.352393410422586,5.465256734327837
2000-06-20,double,49.5,27.626312949440695,64.75,20.778049989180133,5.525324864821001
2000-06-21,double,49.5,32.25612380287864,68.0,15.45081988247958,2.7755297747525303
2000-06-22,single,50.75,23.56867894259366,,,
2000-06-23,single,56.25,22.438364549116656,,,
2000-06-24,single,49.5,19.897905523126777,,,
2000-06-25,single,45.5,21.61922975019975,,,
2000-06-26,single,44.75,19.925661780617453,,,
2000-06-27,single,43.5,25.38248773054643,,,
2000-06-28,single,45.75,25.8410174629905,,,
2000-06-29,double,47.75,24.425322792746805,74.5,17.055046319961548,-9.171830264004795
2000-06-30,single,48.5,23.573717637495562,,,
2000-07-01,single,44.5,23.679134195501153,,,
2000-07-02,single,49.0,26.31298290599476,,,
2000-07-03,single,47.25,30.138485995205965,,,
2000-07-04,single,45.25,30.845108725807883,,,
2000-07-05,single,46.0,31.268823970447887,,,
2000-07-06,double,42.75,23.174328197132457,60.75,18.269366351040926,8.038001450625332
2000-07-07,single,45.0,19.43354571949352,,,
2000-07-08,single,56.75,32.04065669666637,,,
2000-07-09,single,59.5,21.775133653120562,,,
2000-07-10,double,49.5,19.63310259038752,64.25,19.420366460626777,11.307287042791193
2000-07-11,double,43.0,16.92816786332564,59.5,20.947158813476562,10.316594557328658
2000-07-12,single,58.0,21.670351722023703,,,
2000-07-13,double,38.75,20.69975454157049,55.75,23.233645005659625,7.808358322490346
2000-07-14,double,36.25,20.70335544239391,61.25,20.39815399863503,7.321549502286044
2000-07-15,double,40.75,25.399160385131836,67.75,18.592721245505594,2.773264603181319
2000-07-16,double,42.25,32.13638340343129,71.75,19.143396724354137,0.4175488136031411
2000-07-17,double,41.75,32.449311169711024,65.5,16.614332459189676,-2.2542700334028765
2000-07-18,double,41.25,28.580333016135476,64.0,17.635231018066406,3.686980117451061
2000-07-19,double,39.5,23.09757562117143,63.0,15.625607750632547,8.07469367980957
2000-07-20,double,43.75,21.986281655051492,64.25,17.661333777687766,2.3075617335059424
2000-07-21,double,45.0,20.36743268099698,68.25,17.142285086891867,2.1164176789197056
2000-07-22,single,45.25,22.91523551940918,,,
2000-07-23,double,45.0,30.938909010453656,74.0,20.605569458007814,-2.999470689079978
2000-07-24,single,44.25,35.934493671764024,,,
2000-07-25,single,43.0,40.51353558627042,,,
2000-07-26,single,43.5,43.67647275057706,,,
2000-07-27,double,43.0,38.24437852339311,74.5,18.03533363342285,-3.8918810107491235
2000-07-28,double,45.25,33.54696308482777,72.25,21.684233231977984,-2.405074032870206
2000-07-29,double,43.75,25.904201334173028,71.75,20.328249844637785,-3.291716835715554
2000-07-30,single,44.25,22.801701459017668,,,
2000-07-31,single,48.75,23.83078921924938,,,
2000-08-01,double,41.5,20.873895818536933,70.0,20.779786370017312,3.9330398602919145
2000-08-02,double,46.25,23.984224839644,71.75,15.78690919009122,7.403739842501554
2000-08-03,double,45.25,17.681388334794477,63.5,21.935496590354226,8.551188295537775
2000-08-04,single,63.5,24.442367033524945,,,
2000-08-05,single,64.75,26.697481502186168,,,
2000-08-06,single,67.75,18.446319233287465,,,
2000-08-07,single,53.0,25.785722559148613,,,
2000-08-08,single,54.75,24.9876634424383,,,
2000-08-09,single,52.75,22.893407474864613,,,
2000-08-10,single,50.75,24.001635811545633,,,
2000-08-11,single,47.5,24.240732539783824,,,
2000-08-12,single,47.5,27.48224553194913,,,
2000-08-13,single,47.25,29.532038428566672,,,
2000-08-14,single,50.25,26.86301786249334,,,
2000-08-15,single,52.25,28.923928694291547,,,
2000-08-16,single,51.25,31.494896455244586,,,
2000-08-17,single,50.5,24.77449469132857,,,
2000-08-18,single,50.0,19.34938500144265,,,
2000-08-19,single,51.5,18.289786078713156,,,
2000-08-20,single,55.5,23.18410700017756,,,
2000-08-21,single,53.75,22.0142128684304,,,
2000-08-22,single,60.75,17.2616849379106,,,
2000-08-23,double,40.75,16.84250224720348,64.0,21.301871386441317,9.451936721801758
2000-08-24,double,42.5,17.74505441839045,73.0,21.473014311356977,10.272987365722656
2000-08-25,double,44.75,22.174011403864082,69.25,24.278749812733043,6.63028994473544
2000-08-26,double,43.75,23.209637381813742,67.5,21.0057636607777,4.902637134898793
2000-08-27,double,44.25,25.57687065818093,72.0,17.043677936900746,3.1984986608678643
2000-08-28,double,43.5,23.40867736122825,66.5,17.160417383367363,5.355025248094038
2000-08-29,double,44.75,21.14671585776589,68.25,19.034509658813477,8.961806123906916
2000-08-30,double,47.25,17.60590171813965,70.25,21.701129739934746,9.781086314808238
2000-08-31,double,48.0,21.430818384343926,69.0,23.311526732011274,1.9357031475413928
2000-09-01,double,49.5,28.348882501775567,72.75,19.625635493885387,-1.4018944122574546
2000-09-02,double,48.75,32.75787544250488,71.5,17.310711080377754,-0.26083967682312836
2000-09-03,double,28.75,16.787541302767668,47.25,29.42706871032715,11.766253384676846
2000-09-04,double,29.25,16.318998076698996,51.0,30.83075124567205,10.92533319646662
2000-09-05,single,52.25,34.04611102017489,,,
2000-09-06,single,53.0,29.18687577681108,,,
2000-09-07,single,58.25,26.980538454922762,,,
2000-09-08,single,57.75,32.770125995982774,,,
2000-09-09,double,34.0,15.758173162286932,56.75,34.90691063620827,6.135663119229403
2000-09-10,single,58.0,30.952626488425516,,,
2000-09-11,double,39.25,19.077109596946023,62.0,23.9607403495095,13.609208193692295
2000-09-12,double,37.75,18.50508793917569,58.0,25.30502874200994,10.310553290627219
2000-09-13,double,34.75,15.536268494345926,59.0,23.07399489662864,2.771656860004772
2000-09-14,single,53.75,22.984818198464133,,,
2000-09-15,single,54.0,22.762820850719105,,,
2000-09-16,single,57.25,28.88563485579057,,,
2000-09-17,double,53.5,22.693971980701793,70.0,20.35479771007191,14.43934154510498
2000-09-18,single,47.75,17.083565972068094,,,
2000-09-19,single,41.5,20.571441823785957,,,
2000-09-20,single,49.25,26.765384153886274,,,
2000-09-21,double,26.25,16.044424750588156,48.0,23.851896979592063,7.202562418850985
2000-09-22,double,27.0,18.045873641967773,43.0,18.864110946655273,7.740610642866655
2000-09-23,double,26.75,16.420794920487836,43.75,20.51402976296165,8.32682839306918
2000-09-24,double,24.5,15.303212425925516,44.75,25.01002138311213,8.032219063151967
2000-09-25,single,51.25,26.32870136607777,,,
2000-09-26,single,49.0,31.561511646617543,,,
2000-09-27,single,49.75,42.44564021717418,,,
2000-09-28,single,51.25,31.937625538219105,,,
2000-09-29,single,53.75,20.80725739218972,,,
2000-09-30,single,49.75,28.0261173248291,,,
2001-05-01,double,28.25,37.703942732377485,61.25,28.028641440651633,-3.46258562261408
2001-05-02,double,30.75,34.57958360151811,65.0,27.843012549660422,-4.957001079212535
2001-05-03,double,31.0,36.46232292868874,67.0,24.01666866649281,-2.6664754260670054
2001-05-04,double,30.0,37.232274142178625,67.75,20.928834915161133,5.693425135178999
2001-05-05,double,29.25,35.83553626320579,71.5,18.70832564614036,5.9981560707092285
2001-05-06,double,31.75,34.63806082985618,73.25,22.173431569879707,2.3620585311542857
2001-05-07,single,33.0,29.23044898293235,,,
2001-05-08,double,34.5,27.3771485415372,63.5,15.236541227860885,6.809443257071755
2001-05-09,double,34.5,26.308456074107777,70.75,27.375743172385476,-3.47673697905107
2001-05-10,double,34.75,34.61528188532049,74.5,30.718803882598877,-6.607957189733332
2001-05-11,double,34.0,31.652360569347035,66.0,15.75650744004683,-7.626394445245916
2001-05-12,double,26.5,31.841745549982246,67.75,15.466846552762119,-4.437300508672541
2001-05-13,double,24.75,32.43710673939098,69.25,19.310708479447797,-6.4976653619246045
2001-05-14,double,24.0,30.28316203030673,67.25,24.60015331615101,-6.948688767173073
2001-05-15,double,29.0,31.37261251969771,65.25,20.895777095447887,-9.344522909684615
2001-05-16,double,31.75,33.99326220425692,63.0,19.862090370871805,-0.9314994703639637
2001-05-17,double,33.75,32.80009078979492,59.25,22.560034145008434,7.456866177645597
2001-05-18,double,33.25,29.13844940879128,58.75,22.149484634399414,10.820616548711603
2001-05-19,double,31.5,25.80374596335671,54.25,19.004772879860617,13.408543066544967
2001-05-20,double,39.5,27.297585574063387,61.5,18.369220040061258,10.113468777049672
2001-05-21,double,39.0,29.771800127896395,64.0,21.5031268379905,-0.3710605376823382
2001-05-22,double,39.0,29.350337635387074,65.5,25.82499885559082,-5.439016298814253
2001-05-23,double,37.5,34.46884606101296,64.0,21.438659841364082,-0.7533740103244781
2001-05-24,double,36.75,30.508962111039594,65.5,18.065283688631926,2.511426730589433
2001-05-25,double,34.75,26.604941628196023,65.0,16.498225212097168,6.993390733545477
2001-05-26,double,35.75,21.263574947010387,54.25,18.611365404996004,10.532811424948953
2001-05-27,double,31.0,19.219970529729668,56.5,21.61020920493386,9.669693513350053
2001-05-28,double,29.75,18.5991904518821,55.0,23.774464520541105,8.461624232205478
2001-05-29,double,26.25,17.69654672796076,52.5,25.40978327664462,5.309441176327792
2001-05-30,double,25.5,17.15428300337358,50.0,27.461923425847832,4.271912184628573
2001-05-31,double,24.75,18.41712795604359,49.0,26.160985253073953,5.4129462242126465
2001-06-01,double,22.25,17.31516543301669,61.75,25.344403353604402,5.304139614105225
2001-06-02,double,34.75,20.778415853326972,64.5,21.086612528020684,4.724418640136719
2001-06-03,double,37.25,24.251176834106445,63.25,24.770240090110086,2.5813831199299204
2001-06-04,double,40.5,23.68016849864613,61.0,29.457528547807172,-0.984196814623746
2001-06-05,double,40.25,22.958519848910246,60.75,29.146651874889027,3.225827758962458
2001-06-06,double,39.75,26.413896734064277,66.25,17.89744047685103,7.1187546036460185
2001-06-07,single,39.25,33.16340186379173,,,
2001-06-08,single,39.5,33.26795092496005,,,
2001-06-09,double,40.0,31.800506765192207,66.75,15.409894336353648,3.2660821567882192
2001-06-10,single,43.0,28.170338370583274,,,
2001-06-11,single,45.0,31.293060129339043,,,
2001-06-12,single,45.5,29.03177764198997,,,
2001-06-13,single,43.0,28.60317663712935,,,
2001-06-14,single,40.5,29.10125021501021,,,
2001-06-15,single,47.0,26.831354834816672,,,
2001-06-16,single,43.25,27.37642461603338,,,
2001-06-17,single,42.0,23.18903923034668,,,
2001-06-18,double,31.0,18.56829261779785,61.25,22.112876198508523,9.277154402299361
2001-06-19,double,31.5,20.581805662675336,60.5,22.44660932367498,3.1224613839929756
2001-06-20,double,35.75,19.64908357100053,57.0,19.2659912109375,2.4605693383650347
2001-06-21,single,28.5,16.439701080322266,,,
2001-06-22,single,46.75,28.920461307872426,,,
2001-06-23,single,46.5,27.4886211048473,,,
2001-06-24,single,52.0,21.053537888960406,,,
2001-06-25,single,49.0,22.360789212313566,,,
2001-06-26,single,45.0,25.436117345636543,,,
2001-06-27,single,43.5,26.129804437810723,,,
2001-06-28,single,47.75,24.518782355568625,,,
2001-06-29,single,48.75,25.56726004860618,,,
2001-06-30,double,36.0,15.377165967767889,50.0,21.196929584849965,9.158685164018111
2001-07-01,single,50.0,19.561393217606977,,,
2001-07-02,single,50.5,21.856835798783735,,,
2001-07-03,single,63.5,20.79831140691584,,,
2001-07-04,double,43.75,16.609985871748492,66.5,19.04370255903764,7.964957107197154
2001-07-05,single,54.5,15.328706047751687,,,
2001-07-06,single,54.0,20.197925220836293,,,
2001-07-07,single,53.75,24.26915897022594,,,
2001-07-08,double,46.75,23.180411252108488,72.5,17.20723602988503,4.017990805886009
2001-07-09,double,50.0,28.603219639171254,72.75,16.76767852089622,-0.7048577419058843
2001-07-10,single,50.75,32.487375779585406,,,
2001-07-11,single,50.25,35.41304883089933,,,
2001-07-12,single,50.0,34.640047246759586,,,
2001-07-13,single,49.5,35.76627107100053,,,
2001-07-14,single,51.0,34.046416542746805,,,
2001-07-15,single,52.75,29.5126259543679,,,
2001-07-16,single,52.0,29.302656347101387,,,
2001-07-17,single,46.5,27.69005047191273,,,
2001-07-18,single,45.75,28.498252695257012,,,
2001-07-19,single,45.25,25.377349680120293,,,
2001-07-20,single,44.75,24.854747078635476,,,
2001-07-21,double,42.25,23.50716885653409,53.0,25.46321712840687,17.69942821155895
2001-07-22,double,42.5,21.542456886985086,54.0,25.122290524569426,13.01377097043124
2001-07-23,double,42.25,19.31275783885609,53.5,22.347976337779652,12.940831010991877
2001-07-24,double,42.5,18.938505346124824,55.25,22.274536306207832,11.50704375180331
2001-07-25,single,58.5,19.10010424527255,,,
2001-07-26,double,48.25,21.468398354270242,65.25,23.909882978959516,7.480321060527455
2001-07-27,double,52.75,23.577166644009676,67.0,20.2694768038663,6.753230658444491
2001-07-28,single,58.25,23.15484653819691,,,
2001-07-29,single,56.25,27.76841891895641,,,
2001-07-30,single,57.75,31.3743352023038,,,
2001-07-31,single,57.75,30.21230056069114,,,
2001-08-01,single,55.0,25.289547833529387,,,
2001-08-02,single,46.5,23.05668778852983,,,
2001-08-03,single,54.25,21.936897451227363,,,
2001-08-04,single,48.75,26.60929454456676,,,
2001-08-05,single,49.0,32.63176848671653,,,
2001-08-06,single,48.75,32.681388508189805,,,
2001-08-07,single,50.5,28.594308159568094,,,
2001-08-08,single,50.25,25.2734713120894,,,
2001-08-09,single,46.75,27.3989481492476,,,
2001-08-10,single,52.75,26.560915860262785,,,
2001-08-11,single,54.0,32.81793091513894,,,
2001-08-12,single,54.75,30.490996274081144,,,
2001-08-13,single,57.0,27.471811814741656,,,
2001-08-14,single,58.75,22.948472109707918,,,
2001-08-15,single,52.25,27.1547926122492,,,
2001-08-16,single,50.75,27.70773870294744,,,
2001-08-17,single,53.75,26.818645477294922,,,
2001-08-18,single,55.25,23.7845235304399,,,
2001-08-19,single,45.75,26.236785888671875,,,
2001-08-20,double,45.25,27.626999594948508,56.25,19.50840083035556,14.485465396534313
2001-08-21,single,54.75,21.511169260198418,,,
2001-08-22,single,50.75,23.556321404197,,,
2001-08-23,single,49.0,24.91873585094105,,,
2001-08-24,single,55.25,21.40320483121005,,,
2001-08-25,single,55.75,20.673647793856535,,,
2001-08-26,double,36.75,15.881430972706188,57.25,22.46902777931907,8.121163801713424
2001-08-27,single,55.0,30.59815250743519,,,
2001-08-28,single,55.0,33.132931275801226,,,
2001-08-29,single,53.0,18.07786750793457,,,
2001-08-30,double,45.0,17.48892576044256,65.5,16.30656623840332,10.84343129938299
2001-08-31,single,58.25,18.325078097256746,,,
2001-09-01,single,59.25,26.834211696277965,,,
2001-09-02,double,32.75,15.897682710127397,61.75,26.72717892039906,5.549505060369318
2001-09-03,single,61.5,19.492859060114082,,,
2001-09-04,double,32.0,18.509859605269,59.75,21.792347474531695,3.8770128813656894
2001-09-05,double,33.75,20.317764802412555,59.75,27.568811416625977,6.716801600022749
2001-09-06,double,34.25,20.784645427357066,61.0,30.342269377274945,4.8097241141579365
2001-09-07,double,33.75,22.968297958374023,62.0,30.76051278547807,1.8952052159742876
2001-09-08,double,34.0,24.475539120760832,65.5,16.939352902499113,6.527430924502286
2001-09-09,double,34.0,19.918989354913887,46.5,17.70267174460671,9.205216147682883
2001-09-10,double,33.75,18.453881350430574,57.5,18.2096680727872,8.318055499683727
2001-09-11,double,33.75,17.272173101251777,57.25,21.664865667169746,6.932459657842463
2001-09-12,double,34.5,17.944779135964133,55.75,23.116447275335137,6.794370434500954
2001-09-13,double,34.5,19.616471897472035,53.0,25.20867243680087,2.9533802812749688
2001-09-14,double,34.25,18.715903195467863,58.25,29.787613608620383,3.9162967421791772
2001-09-15,single,60.75,26.931325739080254,,,
2001-09-16,single,43.75,17.6901385567405,,,
2001-09-17,double,43.0,26.78921214017001,67.25,16.700531526045367,1.195237235589461
2001-09-18,double,41.5,24.114259026267312,71.5,21.249853307550605,2.4204147078774194
2001-09-19,single,43.5,23.086806557395242,,,
2001-09-20,double,45.0,23.647811022671785,74.25,20.09413570827908,2.215425588867881
2001-09-21,double,47.5,23.528773394497957,71.0,30.97814143787731,-0.8615509976040233
2001-09-22,double,48.0,24.351945010098543,71.5,24.89075938138095,-3.936795321377841
2001-09-23,double,50.25,25.431090788407758,71.25,22.29550725763494,-7.545431007038463
2001-09-24,double,49.25,22.177772001786664,72.5,31.51433580571955,-7.168758305636319
2001-09-25,double,41.0,22.82271281155673,74.5,28.354504823684692,-10.162235866893422
2001-09-26,double,45.5,24.139285000887785,72.0,21.015674764459785,-5.034865682775324
2001-09-27,double,48.25,27.198618802157316,67.5,18.177297765558418,-0.6949826536530798
2001-09-28,single,46.0,31.143250378695402,,,
2001-09-29,single,46.0,38.53511706265536,,,
2001-09-30,double,44.75,42.23157293146307,71.5,17.958799362182617,0.9342465400695801
2002-05-01,double,22.75,38.78161413019354,52.5,24.83823758905584,10.35399020801891
2002-05-02,single,23.0,38.140057650479406,,,
2002-05-03,double,23.0,35.82995674826882,48.75,20.566942388361152,11.776443221352316
2002-05-04,double,23.25,34.325232765891336,47.25,17.652528069236062,10.550249273126775
2002-05-05,double,24.0,33.74630355834961,62.5,24.256026874889027,3.6326790289445356
2002-05-06,double,25.0,34.510746695778586,70.25,18.245774355801668,-0.18070330436934123
2002-05-07,double,25.0,32.04328016801314,70.5,23.256472674283113,0.34538519924337213
2002-05-08,double,27.75,27.099292755126953,67.0,24.148612109097567,5.674767407503995
2002-05-09,double,33.25,26.6929444399747,65.75,22.088796442205254,6.26328368620439
2002-05-10,double,29.5,27.205184069546785,70.0,19.50739253651012,2.030050104314631
2002-05-11,double,30.0,28.32653167031028,69.75,23.318628657947887,-2.209641207348217
2002-05-12,double,27.0,28.53658173301003,43.5,25.440054806795988,18.631501631303266
2002-05-13,double,29.5,26.384584080089223,42.5,29.295514540238813,17.98702517422763
2002-05-14,single,44.25,25.92011867869984,,,
2002-05-15,single,35.75,21.00528300892223,,,
2002-05-16,single,33.0,21.426029031926934,,,
2002-05-17,single,39.75,23.569176240400836,,,
2002-05-18,single,45.25,28.141832871870562,,,
2002-05-19,double,47.0,29.43221005526456,73.25,28.143521915782582,-8.09228212183172
2002-05-20,single,48.0,37.30858334628019,,,
2002-05-21,single,46.5,34.799827575683594,,,
2002-05-22,single,45.25,32.320982846346766,,,
2002-05-23,single,48.5,34.237573103471235,,,
2002-05-24,single,50.75,34.41176397150213,,,
2002-05-25,single,47.5,26.629224257035688,,,
2002-05-26,single,33.75,20.679469888860528,,,
2002-05-27,single,50.0,22.365513368086383,,,
2002-05-28,single,48.25,26.818544387817383,,,
2002-05-29,double,20.25,18.914803641183035,47.0,26.294869336214933,13.10047808560458
2002-05-30,double,34.75,24.156394611705434,50.25,23.59843704917214,14.269892172379928
2002-05-31,double,31.75,22.419949791648172,53.25,24.641693982211027,12.57105844671076
2002-06-01,single,55.0,20.372677542946555,,,
2002-06-02,double,27.5,18.792069348421965,46.5,18.318361629139293,9.849208571694113
2002-06-03,double,26.25,18.913686405528676,52.25,22.966143521395598,6.624522252516313
2002-06-04,double,27.0,18.135865471579812,52.5,17.252603010697797,9.925444776361639
2002-06-05,double,27.5,17.525714527476918,44.25,18.266631213101473,8.318719603798606
2002-06-06,double,27.5,17.421621322631836,46.75,22.87971132451838,8.28616948561235
2002-06-07,double,26.5,16.789290514859285,45.5,25.754547119140625,6.174052585255016
2002-06-08,double,26.75,16.682121103460137,50.5,31.496728723699395,5.556798414750532
2002-06-09,double,34.0,17.318363883278586,49.75,38.2731819152832,11.94548294760964
2002-06-10,single,49.75,32.44013439525258,,,
2002-06-11,double,36.75,24.31638596274636,50.25,28.359489267522637,18.091015555641867
2002-06-12,single,51.75,25.149479779330168,,,
2002-06-13,single,44.0,23.02532213384455,,,
2002-06-14,single,44.75,27.91006261652166,,,
2002-06-15,single,44.75,30.047577424482867,,,
2002-06-16,single,49.5,24.418128793889824,,,
2002-06-17,single,46.0,20.58588842912154,,,
2002-06-18,single,46.75,27.180620366876777,,,
2002-06-19,single,46.0,30.56720768321644,,,
2002-06-20,double,44.75,28.826154188676313,60.75,17.775868502530184,9.59331009604714
2002-06-21,single,50.0,21.306867599487305,,,
2002-06-22,single,53.5,34.161384929310195,,,
2002-06-23,single,54.5,35.233515305952594,,,
2002-06-24,single,54.25,37.533234336159445,,,
2002-06-25,double,34.0,15.146706060929732,58.75,30.178793820467863,5.560044245286421
2002-06-26,double,35.75,16.124824437228117,57.5,21.038860841230914,10.550715966658158
2002-06-27,single,52.0,22.842459765347567,,,
2002-06-28,double,31.25,18.051259127530184,52.25,27.730514352971856,8.59498119354248
2002-06-29,double,31.75,19.283526507290926,52.25,24.959019574252043,4.524473016912287
2002-06-30,double,31.25,20.87064118818803,56.25,31.297942421653055,3.6007450710643423
2002-07-01,double,30.75,16.511562260714445,56.25,32.67616011879661,5.544792998920787
2002-07-02,double,31.5,16.267628236250445,55.25,27.55735275962136,8.162237687544389
2002-07-03,double,31.75,17.642404036088422,55.75,28.056483008644797,7.559453574093905
2002-07-04,double,32.25,16.950610074129973,56.0,21.061317097056996,7.6914239363236865
2002-07-05,double,32.5,15.77794127030806,55.0,29.52317931435325,5.924852587959983
2002-07-06,double,32.75,16.30769868330522,55.0,37.04436631636186,5.726664933291349
2002-07-07,double,33.75,18.986832532015715,54.0,34.81729958274148,2.1961188966577705
2002-07-08,double,33.25,18.43233143199574,52.0,20.975095228715375,6.335489273071289
2002-07-09,single,44.0,19.545798561789773,,,
2002-07-10,single,46.0,26.632551366632637,,,
2002-07-11,single,49.75,26.704593138261274,,,
2002-07-12,single,53.0,22.63952740755948,,,
2002-07-13,single,56.0,21.703188982876863,,,
2002-07-14,single,57.75,22.96314100785689,,,
2002-07-15,single,59.75,24.07067333568226,,,
2002-07-16,single,60.0,22.119348526000977,,,
2002-07-17,single,61.5,22.286631150679156,,,
2002-07-18,single,64.5,20.63748550415039,,,
2002-07-19,none,,,,,
2002-07-20,double,52.25,16.583221955732867,72.0,15.800668889825994,5.527164849368009
2002-07-21,single,51.75,19.756058086048473,,,
2002-07-22,double,38.5,15.60794786973433,56.0,27.353463779796254,9.269361756064676
2002-07-23,single,56.25,33.5648193359375,,,
2002-07-24,single,58.0,30.502959338101473,,,
2002-07-25,double,37.5,16.836504676125266,60.5,28.335302526300605,3.16697697205977
2002-07-26,double,32.5,16.163461338390004,60.5,27.423288171941582,7.525247963992032
2002-07-27,double,29.75,15.22426631233909,64.0,22.055336692116477,9.602996566078879
2002-07-28,single,68.5,21.01909030567516,,,
2002-07-29,single,65.75,25.585636659102008,,,
2002-07-30,single,67.25,24.60193668712269,,,
2002-07-31,single,67.0,25.163231069391426,,,
2002-08-01,double,37.25,15.42121627114036,68.0,23.04273657365279,0.32704938744956796
2002-08-02,double,44.75,18.06661623174494,69.75,19.23577117919922,1.0867222276600925
2002-08-03,single,63.0,16.960675152865324,,,
2002-08-04,double,46.0,16.07438087463379,63.0,15.481110746210272,4.1742164655165235
2002-08-05,single,48.25,20.282876794988457,,,
2002-08-06,double,42.5,19.601274490356445,71.0,16.383280754089355,-6.114056673916903
2002-08-07,double,39.0,21.414874163540926,55.75,23.578994750976562,9.031252514232289
2002-08-08,double,37.75,15.49425168470903,58.25,21.947898517955434,6.580662900751287
2002-08-09,single,58.25,22.040551792491566,,,
2002-08-10,single,56.25,26.376724763350055,,,
2002-08-11,single,55.5,26.69668925892223,,,
2002-08-12,single,50.5,21.739071412519976,,,
2002-08-13,single,47.0,21.86817706714977,,,
2002-08-14,single,44.5,22.200898603959516,,,
2002-08-15,single,41.75,20.168772784146395,,,
2002-08-16,double,30.25,16.395613063465465,58.5,18.135370948097922,10.133368058638139
2002-08-17,double,28.75,18.770888588645242,65.75,17.81321248141202,5.909477363933217
2002-08-18,double,28.75,20.15420896356756,70.0,23.787723888050426,-0.11863624541596933
2002-08-19,double,29.0,20.562712756070223,71.75,18.194828553633258,5.29877892407504
2002-08-20,double,29.0,20.619098143144086,46.5,16.091508865356445,4.308717901056463
2002-08-21,double,29.0,19.454879240556195,47.75,20.04359245300293,4.6533331871032715
2002-08-22,double,29.5,20.169313777576793,49.25,17.647869283502754,3.317307862368497
2002-08-23,double,28.0,18.54901192405007,49.25,19.525042447176848,3.6136979189786045
2002-08-24,single,49.0,16.781861565329812,,,
2002-08-25,double,52.25,15.961285591125488,71.75,17.636761231855914,8.509401321411133
2002-08-26,single,57.0,18.734672026200727,,,
2002-08-27,single,64.25,21.28788254477761,,,
2002-08-28,double,52.75,21.01148865439675,65.0,21.16499900817871,15.453072894703258
2002-08-29,single,54.5,24.825742374766957,,,
2002-08-30,single,58.5,32.655308116566054,,,
2002-08-31,double,34.25,16.012267806313254,59.5,30.044253609397195,5.175581671974876
2002-09-01,double,32.75,17.922561298717152,59.5,30.079605969515715,1.7317260178652676
2002-09-02,double,34.75,15.061798009005459,64.5,35.92639576305043,-0.3100603371858597
2002-09-03,double,35.25,18.36263656616211,65.5,32.09583074396307,-2.7303483594547617
2002-09-04,double,35.75,18.143875295465644,63.5,22.24681906266646,5.003719676624645
2002-09-05,double,56.25,20.86249351501465,70.5,20.45057452808727,8.78629120913419
2002-09-06,double,32.25,19.101153633811258,71.5,24.646160645918414,6.651961760087446
2002-09-07,double,34.5,21.159684961492363,74.75,27.297188350132533,5.674005031585693
2002-09-08,double,33.0,22.2223708412864,74.5,31.25893759727478,-1.7889257344332608
2002-09-09,single,42.75,23.92930967157537,,,
2002-09-10,single,46.75,22.343048269098457,,,
2002-09-11,single,42.75,22.689848639748313,,,
2002-09-12,double,43.25,22.05142576044256,69.75,22.756387190385297,-1.5819876844232732
2002-09-13,single,41.75,21.906756487759676,,,
2002-09-14,single,38.75,20.927655306729402,,,
2002-09-15,double,34.5,16.94200359691273,67.5,16.527876073663887,1.6995236440138384
2002-09-16,double,36.25,17.060583288019355,67.25,27.27788682417436,1.636284893209284
2002-09-17,double,35.75,18.278583526611328,62.0,21.501063086769797,4.65784215927124
2002-09-18,double,36.25,17.17700836875222,56.25,21.27505146373402,5.358040592887185
2002-09-19,double,32.0,18.90259447964755,58.75,23.35007598183372,8.769147786227139
2002-09-20,double,36.0,19.28668247569691,63.75,18.36129517988725,8.566527713428844
2002-09-21,single,35.75,20.961293654008344,,,
2002-09-22,single,35.5,18.31776306845925,,,
2002-09-23,double,32.25,17.94684410095215,62.5,17.017547780817207,6.105103969573975
2002-09-24,double,32.25,17.716622786088422,62.75,23.099944201382723,2.6949764598499644
2002-09-25,double,38.25,20.04118537902832,60.75,30.2581804448908,-0.922108379277316
2002-09-26,double,35.75,21.126835909756746,61.5,24.640901912342418,6.41850436817516
2002-09-27,double,36.0,23.49008542841131,65.5,24.887293902310457,3.912528059699319
2002-09-28,double,35.25,18.871841083873402,61.5,28.102760488336738,8.674210028214889
2002-09-29,double,37.25,16.633102070201527,63.75,31.50468600880016,11.566105755892666
2002-09-30,double,38.75,23.64754434065385,71.25,21.343188199129973,7.8046746253967285
2003-05-01,double,24.75,22.047968430952594,46.0,31.171546069058504,15.77006704157049
2003-05-02,double,21.75,22.473370985551313,44.75,30.36447438326749,13.12943545254794
2003-05-03,single,53.5,29.58725322376598,,,
2003-05-04,single,55.25,27.322492946277965,,,
2003-05-05,single,50.25,24.812941811301492,,,
2003-05-06,single,53.75,31.336029919711027,,,
2003-05-07,single,55.25,31.08682667125355,,,
2003-05-08,single,52.5,27.124914516102184,,,
2003-05-09,single,50.5,26.3818697495894,,,
2003-05-10,single,54.0,29.979455427689985,,,
2003-05-11,double,22.25,25.04030990600586,53.75,25.56907081604004,11.831474477594549
2003-05-12,double,21.75,24.086088527332652,51.25,20.528503938154742,11.335839878429066
2003-05-13,double,45.5,23.32959053733132,63.5,17.155588150024414,11.862115859985352
2003-05-14,double,46.25,30.24464988708496,69.0,16.136177583174273,3.8019993521950464
2003-05-15,double,21.75,27.09716103293679,45.75,32.178512226451524,3.856679222800515
2003-05-16,single,47.5,30.2848313071511,,,
2003-05-17,double,20.25,26.44956316266741,42.75,31.307248895818535,10.797409837896174
2003-05-18,single,43.25,31.829864848743785,,,
2003-05-19,single,44.75,26.555851676247336,,,
2003-05-20,double,21.75,23.026716405695137,53.25,21.788783506913617,10.443065990101207
2003-05-21,double,23.5,23.501723202792082,54.25,16.916258205067027,11.413719003850764
2003-05-22,double,23.75,23.504503770308062,54.75,19.94292623346502,9.951056393710049
2003-05-23,double,23.75,22.659618204290215,55.75,23.08169971812855,8.091999964280562
2003-05-24,double,23.25,19.867585962468926,57.0,25.937077262184836,8.464144013144754
2003-05-25,double,23.25,18.99316336891868,58.0,19.76860063726252,10.619815913113682
2003-05-26,double,23.5,20.904049439863726,57.5,21.76864207874645,12.704229008067738
2003-05-27,double,23.75,24.032380884343926,60.25,21.037926240400836,13.472862070257014
2003-05-28,double,24.5,23.4663630398837,62.75,16.702652324329723,11.049987186085094
2003-05-29,double,23.0,23.046769575639203,64.25,19.403182983398438,9.605429649353027
2003-05-30,double,23.0,21.360288619995117,46.25,22.673811825838957,8.123448328538375
2003-05-31,double,20.75,19.99742253621419,47.5,24.043432235717773,11.487505565990102
2003-06-01,double,22.75,19.639034618030895,46.75,23.922157287597656,12.41509316184304
2003-06-02,double,22.0,20.041627190329812,44.0,21.276391983032227,13.04143038662997
2003-06-03,double,23.0,18.20084467801181,43.0,18.9681660045277,11.377634915438565
2003-06-04,double,23.75,18.34513456171209,44.5,25.047156420621004,6.20687705820257
2003-06-05,single,44.5,27.755793311379172,,,
2003-06-06,single,44.25,24.50470664284446,,,
2003-06-07,single,47.75,22.587323102084074,,,
2003-06-08,single,45.25,27.92369409040971,,,
2003-06-09,single,42.75,28.16860684481534,,,
2003-06-10,single,52.25,22.580722982233222,,,
2003-06-11,single,50.75,27.524357882412996,,,
2003-06-12,single,51.0,26.535376288674094,,,
2003-06-13,single,54.25,24.350055521184746,,,
2003-06-14,single,53.0,24.004054156216707,,,
2003-06-15,single,44.75,22.95827692205256,,,
2003-06-16,single,46.0,25.875395514748313,,,
2003-06-17,single,51.25,28.044559825550426,,,
2003-06-18,single,49.75,26.895877317948774,,,
2003-06-19,double,28.5,15.037389235063033,55.25,35.07124328613281,3.339526956731623
2003-06-20,double,26.5,15.409360798922451,54.25,31.701491962779652,4.461048212918368
2003-06-21,single,52.75,24.095836986194957,,,
2003-06-22,single,53.25,27.794798590920188,,,
2003-06-23,single,50.75,29.289506218650125,,,
2003-06-24,single,52.5,25.055242365056817,,,
2003-06-25,single,45.0,24.255706093528055,,,
2003-06-26,single,47.0,25.52373643354936,,,
2003-06-27,single,49.0,23.917129689996894,,,
2003-06-28,single,47.0,16.33346921747381,,,
2003-06-29,single,41.0,22.289655338634144,,,
2003-06-30,single,42.75,24.673168182373047,,,
2003-07-01,single,43.75,21.72316447171298,,,
2003-07-02,single,39.0,24.095983852039684,,,
2003-07-03,single,43.0,23.158796830610797,,,
2003-07-04,single,41.5,24.280900608409535,,,
2003-07-05,single,40.25,25.383179577914152,,,
2003-07-06,single,40.75,24.973759911277078,,,
2003-07-07,single,40.5,22.673377470536664,,,
2003-07-08,single,38.0,20.86021752790971,,,
2003-07-09,single,48.75,20.486298474398527,,,
2003-07-10,single,51.5,23.24854191866788,,,
2003-07-11,single,47.75,22.25869265469638,,,
2003-07-12,single,56.5,23.32299874045632,,,
2003-07-13,single,57.0,18.22973667491566,,,
2003-07-14,single,51.25,18.94199666109952,,,
2003-07-15,double,41.75,18.824935392899945,73.5,18.046266208995473,3.4536551345478403
2003-07-16,double,42.25,20.789160121570934,73.0,21.878380515358664,-3.9459105838428843
2003-07-17,double,44.5,24.879112070257012,67.75,21.509383114901457,-7.371948935768821
2003-07-18,double,44.25,24.2032883384011,67.5,21.31420308893377,-5.531171018427068
2003-07-19,double,41.75,18.446876005692914,71.25,19.20190464366566,-0.7672183879397132
2003-07-20,double,49.0,18.01723272150213,71.75,17.57563764398748,3.471643469550393
2003-07-21,double,52.25,22.82806327126243,72.5,16.041115934198555,2.5432014248587866
2003-07-22,single,50.5,27.94335209239613,,,
2003-07-23,single,51.0,26.72871138832786,,,
2003-07-24,single,51.0,31.94928516041149,,,
2003-07-25,single,48.5,31.827078559181906,,,
2003-07-26,single,49.5,29.60589773004705,,,
2003-07-27,single,48.75,30.293674642389472,,,
2003-07-28,single,47.75,28.174790122292258,,,
2003-07-29,single,48.5,25.0619779066606,,,
2003-07-30,single,50.25,24.5710861899636,,,
2003-07-31,single,50.5,26.744083577936347,,,
2003-08-01,single,49.5,21.466480775312945,,,
2003-08-02,single,54.0,24.01076819679954,,,
2003-08-03,single,57.0,21.80093730579723,,,
2003-08-04,double,46.0,15.061900398947976,58.25,16.23903734033758,9.910144199024547
2003-08-05,single,45.5,16.75149744207209,,,
2003-08-06,double,45.5,17.526855642145332,71.75,15.782734350724654,6.290611310438677
2003-08-07,double,44.25,18.12494642084295,67.75,16.813303167169746,3.5588330138813364
2003-08-08,double,42.75,20.36936499855735,69.25,15.551155957308682,3.167308200489391
2003-08-09,single,45.5,17.24001034823331,,,
2003-08-10,none,,,,,
2003-08-11,single,52.25,19.988791379061613,,,
2003-08-12,single,55.5,22.09817296808416,,,
2003-08-13,single,55.25,23.791684757579457,,,
2003-08-14,single,54.0,22.252497586337004,,,
2003-08-15,single,54.25,22.04748604514382,,,
2003-08-16,single,55.0,21.625524867664684,,,
2003-08-17,double,35.75,16.508893619884144,55.25,19.745609283447266,10.592939550226385
2003-08-18,single,58.75,20.83458761735396,,,
2003-08-19,single,58.0,23.225522128018465,,,
2003-08-20,single,59.5,20.23177216269753,,,
2003-08-21,single,55.0,23.792443015358664,,,
2003-08-22,single,54.75,22.61810268055309,,,
2003-08-23,single,65.75,17.60328552939675,,,
2003-08-24,double,40.25,15.62341646714644,70.75,23.471031535755504,3.8921195593747226
2003-08-25,double,44.5,17.803140466863457,73.25,27.380490909923207,-6.858518080277876
2003-08-26,single,45.25,21.878039620139383,,,
2003-08-27,single,44.5,16.595827449451793,,,
2003-08-28,double,41.0,19.00959014892578,54.75,21.031517722389914,10.32927400415594
2003-08-29,single,42.5,18.237071297385476,,,
2003-08-30,double,47.0,20.657974936745383,70.75,15.082205512306906,1.6536973931572654
2003-08-31,single,45.5,20.153653404929422,,,
2003-09-01,double,40.75,22.567958658391778,68.5,15.741136290810324,7.735088348388672
2003-09-02,double,42.5,26.39240941134366,68.25,15.09613305872137,8.16604978388006
2003-09-03,double,42.25,26.531354904174805,64.5,20.526282397183504,8.700813466852361
2003-09-04,single,49.0,24.544246326793324,,,
2003-09-05,single,49.5,27.480786410245027,,,
2003-09-06,single,50.5,29.518053228204902,,,
2003-09-07,single,50.25,31.508716756647285,,,
2003-09-08,single,47.0,24.721953131935813,,,
2003-09-09,double,41.25,25.393399498679422,70.5,16.657959504560992,0.636744616383856
2003-09-10,double,48.25,24.03160320628773,74.25,25.481369654337566,-8.573405265808105
2003-09-11,single,46.75,27.888511310924184,,,
2003-09-12,double,41.25,21.73410380970348,55.25,22.498648383400656,13.697746190157803
2003-09-13,single,57.75,20.105057109485973,,,
2003-09-14,single,60.25,24.26548940485174,,,
2003-09-15,single,60.25,30.593547821044922,,,
2003-09-16,double,57.5,28.511731581254438,70.75,25.350780487060547,13.429922710765492
2003-09-17,double,32.0,15.424365390430797,70.25,28.684594761241566,0.09875232277607376
2003-09-18,double,32.0,16.60632948441939,71.5,29.51860844005238,2.388605226169933
2003-09-19,double,32.5,19.38378802212802,69.75,26.60686718333851,2.6271476962349634
2003-09-20,double,30.75,22.414946816184305,65.25,34.22479664195668,-3.050426959991455
2003-09-21,double,32.5,21.899347478693183,61.25,32.08970763466575,-0.19764167417518116
2003-09-22,double,35.0,21.337135488336738,61.75,31.199438441883434,-0.17689708383245903
2003-09-23,double,33.75,22.88402557373047,59.5,30.9108605818315,2.234142368490046
2003-09-24,double,32.75,23.919268348000266,60.25,33.89369860562411,1.159079605882818
2003-09-25,double,30.25,16.876848047429863,62.0,33.55724681507457,3.4226822419600054
2003-09-26,single,60.5,26.31658363342285,,,
2003-09-27,single,58.0,26.815746133977715,,,
2003-09-28,double,35.25,18.692488063465465,58.0,28.229441556063566,8.18410587310791
2003-09-29,double,36.25,20.700644753196023,62.75,20.106138055974785,5.94934064691717
2003-09-30,double,35.75,19.718996568159625,68.5,27.867373379794035,4.53721319545399
2004-05-01,double,25.75,38.55168394608931,60.5,26.580385728315875,-8.58304249156605
2004-05-02,double,26.25,40.14588130604137,60.5,31.58697371049361,-2.273481943390586
2004-05-03,double,27.5,41.59608043323863,59.0,33.82603073120117,-1.6150150407444348
2004-05-04,double,27.25,41.6108117537065,60.25,29.240123228593305,-1.8752379417419434
2004-05-05,double,26.75,37.1843015497381,39.75,19.06962949579412,13.445148901505904
2004-05-06,double,26.75,33.43323655561967,41.25,26.845421357588336,17.95565310391513
2004-05-07,double,29.25,33.21913251009855,43.5,29.942326459017668,12.417725823142312
2004-05-08,double,28.0,32.08657368746671,44.5,26.591204383156516,15.997426119717685
2004-05-09,double,27.75,29.451811530373313,43.5,23.824326255104758,18.78111596540971
2004-05-10,single,32.75,28.013958844271574,,,
2004-05-11,single,32.25,29.27348344976252,,,
2004-05-12,single,23.25,31.677850896661933,,,
2004-05-13,double,23.5,32.65845628218217,62.5,15.002160679210316,9.148370049216531
2004-05-14,double,23.5,35.8381198536266,58.0,18.54715260592374,6.143928354436701
2004-05-15,double,24.0,38.623979741876774,60.25,23.74912418018688,-2.853872212496671
2004-05-16,double,23.75,38.49651128595526,55.75,25.9202863519842,-7.998198595913974
2004-05-17,double,23.25,36.39115246859464,56.75,24.734769994562324,-4.409977566112172
2004-05-18,double,27.25,34.363249345259234,58.5,30.137447010387074,-4.710337162017822
2004-05-19,double,23.75,33.9778227372603,58.0,34.13402696089311,-3.833230408755216
2004-05-20,double,25.5,38.052392439408735,55.25,27.716101386330344,2.568813345649026
2004-05-21,double,24.75,37.530805414373226,62.25,18.02835429798473,7.660810427232222
2004-05-22,single,24.5,34.127666820179336,,,
2004-05-23,single,26.0,28.02056312561035,,,
2004-05-24,single,29.75,31.15623491460627,,,
2004-05-25,double,30.25,30.231015118685637,47.5,26.721324227072976,12.964221174066717
2004-05-26,double,30.5,27.956978711214933,47.75,29.824410872025922,13.387941707264293
2004-05-27,double,30.0,25.596276369961824,48.25,27.756961822509766,16.045351201837715
2004-05-28,single,47.75,26.045055216008965,,,
2004-05-29,single,49.0,22.840775056318805,,,
2004-05-30,double,53.75,19.373915932395242,73.25,17.664250287142668,-11.122785308144309
2004-05-31,double,37.0,16.207669778303668,54.5,21.41154046492143,10.98428691517223
2004-06-01,double,32.5,16.46662356636741,55.5,19.243846719915215,11.151118711991744
2004-06-02,single,48.5,18.434178265658293,,,
2004-06-03,single,56.25,18.856356013904918,,,
2004-06-04,single,38.0,17.80298493125222,,,
2004-06-05,double,42.75,21.190931146795098,65.25,16.637920726429332,7.460494604977694
2004-06-06,double,41.25,26.61162740534002,59.0,17.812618082219903,6.229989832097834
2004-06-07,double,40.25,27.100309371948242,59.5,21.91388581015847,5.011266621676358
2004-06-08,double,38.25,22.70578453757546,64.0,17.09331737865101,6.957322640852495
2004-06-09,double,36.75,18.56859675320712,50.25,16.92042177373713,11.871235240589488
2004-06-10,double,22.5,18.948413848876953,48.5,27.994237552989613,7.319402174516157
2004-06-11,double,50.0,29.266188361428,70.5,21.22649539600719,-0.24467666108499875
2004-06-12,double,22.75,19.736486088145863,49.25,24.096785805442117,5.708613829179243
2004-06-13,double,22.5,17.084103497591887,62.5,26.1271015514027,7.1649065451188525
2004-06-14,double,27.5,15.854194814508611,61.75,41.667958693070844,-3.7009596824645996
2004-06-15,double,30.25,18.193105871027168,59.5,33.685552076859906,-2.561999624425715
2004-06-16,double,30.75,18.65325234153054,57.25,22.61665916442871,5.191330259496516
2004-06-17,double,31.0,23.26995208046653,50.25,18.765547839078035,5.685531876303933
2004-06-18,single,32.25,24.6022966558283,,,
2004-06-19,single,41.75,26.255393288352273,,,
2004-06-20,single,42.25,30.754079645330254,,,
2004-06-21,single,41.0,34.201731248335406,,,
2004-06-22,single,42.0,33.06656820123846,,,
2004-06-23,single,44.0,31.61178346113725,,,
2004-06-24,single,44.25,35.76611397483132,,,
2004-06-25,single,40.5,29.667126742276277,,,
2004-06-26,single,47.0,31.108671188354492,,,
2004-06-27,single,49.0,41.54284078424627,,,
2004-06-28,single,48.25,39.552393826571375,,,
2004-06-29,single,47.75,40.59658848155629,,,
2004-06-30,single,48.75,44.68315505981445,,,
2004-07-01,single,48.75,47.88258465853605,,,
2004-07-02,single,48.25,41.08525189486417,,,
2004-07-03,single,47.0,33.40899103338068,,,
2004-07-04,single,47.5,29.37277551130815,,,
2004-07-05,single,49.5,27.465517737648703,,,
2004-07-06,single,50.0,20.957014430652965,,,
2004-07-07,single,41.25,18.959929552945223,,,
2004-07-08,single,48.5,21.82721744884144,,,
2004-07-09,single,50.25,20.430077292702414,,,
2004-07-10,single,52.75,23.45994932001287,,,
2004-07-11,single,47.25,21.043946873057973,,,
2004-07-12,single,40.0,24.96642528880726,,,
2004-07-13,double,39.25,25.45376864346591,54.75,20.467445200139824,11.820049719376998
2004-07-14,double,38.0,23.82532397183505,54.75,27.63475296714089,8.95413589477539
2004-07-15,single,54.5,26.6879412911155,,,
2004-07-16,single,54.75,27.31771399758079,,,
2004-07-17,single,52.0,26.796275919133965,,,
2004-07-18,single,50.0,26.72195989435369,,,
2004-07-19,single,46.25,25.203988855535332,,,
2004-07-20,single,52.75,27.77129502729936,,,
2004-07-21,single,49.75,26.415830612182617,,,
2004-07-22,single,47.25,22.813352238048207,,,
2004-07-23,single,59.25,21.616219607266512,,,
2004-07-24,single,58.25,26.53811160000888,,,
2004-07-25,single,58.25,22.538589477539062,,,
2004-07-26,single,58.0,20.247329885309394,,,
2004-07-27,double,47.75,19.13266199285334,62.5,22.148515181107953,11.954712174155496
2004-07-28,double,44.5,20.713403701782227,66.5,16.826573285189543,10.923835234208541
2004-07-29,double,54.25,23.58241844177246,73.0,16.90307027643377,-1.6192308230833574
2004-07-30,single,53.75,22.732769012451172,,,
2004-07-31,single,53.0,26.922156940806996,,,
2004-08-01,single,50.25,21.57820562882857,,,
2004-08-02,single,48.5,24.03439018943093,,,
2004-08-03,single,46.25,22.623235008933328,,,
2004-08-04,single,46.25,19.995889490300957,,,
2004-08-05,single,48.25,21.345997897061434,,,
2004-08-06,single,50.75,25.966433785178445,,,
2004-08-07,single,47.75,24.153119520707563,,,
2004-08-08,single,45.5,19.469349774447355,,,
2004-08-09,double,40.5,18.740875244140625,72.0,27.071598052978516,-4.690917448564009
2004-08-10,double,42.5,26.325617530129172,71.75,23.948484247381035,-13.22468159415505
2004-08-11,single,44.5,26.63587223399769,,,
2004-08-12,single,44.5,28.664163069291547,,,
2004-08-13,double,45.75,25.728566950017754,71.75,20.225519353693183,-1.4992532621730457
2004-08-14,double,46.25,21.928760528564453,69.25,23.00163442438299,2.52307991548018
2004-08-15,double,51.0,21.663087498057973,65.25,19.822029633955523,6.523301774805242
2004-08-16,single,50.75,28.183318918401543,,,
2004-08-17,single,43.5,27.829765146428887,,,
2004-08-18,single,42.5,30.280745766379617,,,
2004-08-19,single,43.5,28.092126326127485,,,
2004-08-20,single,44.25,27.928082552823152,,,
2004-08-21,single,44.5,22.85866338556463,,,
2004-08-22,single,55.25,26.65816237709739,,,
2004-08-23,single,53.25,26.66118084300648,,,
2004-08-24,single,52.5,28.001964048905805,,,
2004-08-25,single,60.0,24.401961066506125,,,
2004-08-26,single,57.25,27.535910172895953,,,
2004-08-27,double,34.75,16.083142020485617,55.5,29.94035530090332,3.8762156529860063
2004-08-28,double,33.75,15.66591739654541,57.5,29.381413373080168,4.44945630160245
2004-08-29,single,54.75,21.01271559975364,,,
2004-08-30,double,51.5,27.489649859341707,68.75,16.963848287409004,7.264563777230003
2004-08-31,single,50.75,30.071970159357246,,,
2004-09-01,single,51.75,27.566987124356356,,,
2004-09-02,single,53.75,26.941050442782316,,,
2004-09-03,single,49.25,24.409371462735262,,,
2004-09-04,double,48.25,20.743223016912285,61.0,19.4621564691717,12.32585386796431
2004-09-05,double,38.25,16.369619022716176,63.75,23.32142413746227,5.870642228560015
2004-09-06,double,37.5,17.793176651000977,61.5,30.681048826737836,-3.475833784450184
2004-09-07,double,36.5,15.761277372186834,68.25,25.66176414489746,-2.610335014083169
2004-09-08,single,71.5,28.323083010586824,,,
2004-09-09,single,71.5,17.533093885941938,,,
2004-09-10,double,55.5,19.681440179998223,65.75,19.136844635009766,13.47873930497603
2004-09-11,single,51.75,30.99375447359952,,,
2004-09-12,single,50.75,35.63239912553267,,,
2004-09-13,single,50.0,35.17135099931197,,,
2004-09-14,single,52.5,31.906146829778496,,,
2004-09-15,single,55.75,33.200352061878554,,,
2004-09-16,single,51.5,30.48600196838379,,,
2004-09-17,single,50.5,28.832928397438742,,,
2004-09-18,single,56.25,32.582414800470524,,,
2004-09-19,single,54.75,39.68048442493785,,,
2004-09-20,single,55.25,47.254235007546164,,,
2004-09-21,double,29.25,16.800701141357422,58.5,33.70836223255504,3.7510005344044077
2004-09-22,single,60.5,26.97428287159313,,,
2004-09-23,single,51.5,22.041164224798028,,,
2004-09-24,double,32.25,18.352948622270063,50.5,24.161222804676402,0.34141956125809386
2004-09-25,double,31.0,19.228830337524414,59.5,29.95984424244274,-1.4712075428529219
2004-09-26,double,33.0,15.482021418484775,59.25,27.61239277232777,2.9272625012831255
2004-09-27,single,55.25,21.866772044788707,,,
2004-09-28,double,54.5,21.23786787553267,73.0,16.120279745622113,5.489487994800914
2004-09-29,single,49.25,30.901288119229402,,,
2004-09-30,single,49.5,34.268990603360265,,,
2005-05-01,double,33.25,25.05938581986861,64.75,23.197374864058062,8.605022430419922
2005-05-02,double,34.75,24.345014398748223,62.5,25.92483191056685,9.238160826943137
2005-05-03,double,22.0,22.639204718849875,40.5,23.28457919034091,13.951820546930486
2005-05-04,double,41.75,24.978213570334695,59.5,25.289427843960848,8.211543516679244
2005-05-05,double,41.0,23.390019156716086,58.0,28.570741653442383,6.1631105596368965
2005-05-06,double,33.25,26.21213860945268,56.0,27.676448995416816,10.240853049538352
2005-05-07,double,29.5,25.200979579578746,58.5,21.86891018260609,15.958618770946156
2005-05-08,double,34.25,29.216747110540215,52.5,21.114440397782758,12.50754451751709
2005-05-09,double,33.25,31.03638423572887,50.5,22.43451031771573,12.68670975078236
2005-05-10,single,26.5,26.27485604719682,,,
2005-05-11,single,41.25,24.969573107632723,,,
2005-05-12,double,36.5,30.43750693581321,70.75,17.107079592618074,6.246076887304133
2005-05-13,double,38.5,29.625457590276543,71.75,30.264341007579457,-3.5268763195384634
2005-05-14,double,39.5,33.31919635425914,69.75,33.550623113458805,-11.807292591441762
2005-05-15,double,39.75,30.545588580044832,65.25,23.391859921542082,-10.132350228049539
2005-05-16,single,39.0,30.10134367509322,,,
2005-05-17,double,23.0,20.958980907093395,42.5,26.264311356977984,14.907476771961559
2005-05-18,single,43.25,27.711631774902344,,,
2005-05-19,single,43.75,25.229982722889293,,,
2005-05-20,single,38.75,24.439522829922762,,,
2005-05-21,single,43.5,27.58301509510387,,,
2005-05-22,single,45.5,28.18763403459029,,,
2005-05-23,single,44.0,24.812481446699664,,,
2005-05-24,single,45.0,20.899091200395063,,,
2005-05-25,double,31.5,19.236463373357598,57.75,19.324289668690074,12.34006101434881
2005-05-26,double,30.0,17.782825643366035,56.25,23.869523828679863,7.442368247292259
2005-05-27,double,30.0,18.654705741188742,60.75,25.255659103393555,9.205327294089578
2005-05-28,double,28.75,21.228477824818004,61.75,22.39906709844416,8.655889164317738
2005-05-29,double,28.0,21.286755301735617,59.75,21.32747372713956,9.911582253196023
2005-05-30,double,29.25,18.677494222467597,58.75,22.748097853227094,9.725591746243564
2005-05-31,single,53.0,21.23563471707431,,,
2005-06-01,single,41.75,22.28175960887562,,,
2005-06-02,single,37.25,21.551635568792168,,,
2005-06-03,single,50.75,25.262027046897195,,,
2005-06-04,single,50.0,32.26442267678001,,,
2005-06-05,double,24.5,18.91390176252885,48.5,35.9621547352184,3.640578790144487
2005-06-06,double,22.25,16.287933002818715,45.5,29.207782225175336,4.8481574058532715
2005-06-07,double,23.0,15.078994577581232,61.5,19.957184878262606,9.201303308660334
2005-06-08,double,23.25,18.27522832697088,66.0,27.553776827725496,3.5536164587194268
2005-06-09,double,35.75,20.480709249323066,68.75,21.928418939763848,2.232041272250089
2005-06-10,single,36.75,20.90619572726163,,,
2005-06-11,single,37.25,20.079970273104582,,,
2005-06-12,single,24.5,21.45295351201838,,,
2005-06-13,single,40.0,23.803511012684215,,,
2005-06-14,single,42.5,26.94161779230291,,,
2005-06-15,double,26.25,20.12452368302779,39.5,21.021731463345613,14.586464535106312
2005-06-16,double,25.5,17.724239696155895,56.0,19.749358957464043,9.68703217939897
2005-06-17,single,58.5,20.13136690313166,,,
2005-06-18,single,50.0,18.56418401544744,,,
2005-06-19,single,50.0,21.122633673928,,,
2005-06-20,single,51.5,20.340694600885566,,,
2005-06-21,double,32.25,16.210252501747824,54.25,21.651627800681375,8.972345785661178
2005-06-22,single,55.25,19.3490930037065,,,
2005-06-23,double,45.5,17.081716710870918,61.75,19.37840444391424,11.810265107588334
2005-06-24,single,61.5,20.067786823619496,,,
2005-06-25,single,59.25,30.145800850608133,,,
2005-06-26,single,62.5,24.85925830494274,,,
2005-06-27,single,49.0,19.468949924815785,,,
2005-06-28,single,55.5,22.382755279541016,,,
2005-06-29,double,31.25,18.307636087590996,53.75,25.134472586891867,6.761895136399702
2005-06-30,double,30.5,17.875815304842863,52.0,33.13627208362926,3.8933484337546607
2005-07-01,double,32.0,16.104558771306817,53.25,34.55222632668235,3.0946558605540884
2005-07-02,double,32.5,16.379166516390715,53.5,28.737424156882547,5.820841225710782
2005-07-03,single,51.0,22.696610364046965,,,
2005-07-04,single,55.0,19.721832622181285,,,
2005-07-05,single,50.0,20.758285349065606,,,
2005-07-06,single,47.0,18.492431467229668,,,
2005-07-07,single,34.25,18.92918517372825,,,
2005-07-08,double,35.0,19.1252235065807,57.25,16.347737138921563,9.19152797352184
2005-07-09,double,38.25,20.51093170859597,60.25,16.92422970858487,6.430629643526944
2005-07-10,double,37.25,19.972571286288176,61.5,16.927433707497336,1.8150483803315596
2005-07-11,double,39.0,20.29278495094993,70.75,23.72932919588956,1.648148168217052
2005-07-12,double,36.5,16.136010690168902,66.5,28.92875688726252,0.25342154485935514
2005-07-13,double,37.25,16.76996387134899,64.0,31.98021021756259,0.6824255260554227
2005-07-14,double,37.5,16.74879264831543,69.0,25.89940209822221,-0.2719147454693236
2005-07-15,single,61.5,20.926399404352363,,,
2005-07-16,double,57.25,20.671823501586914,73.25,20.284060738303445,8.404525366696445
2005-07-17,single,55.0,18.501565759832207,,,
2005-07-18,single,51.0,18.649945865977894,,,
2005-07-19,single,54.25,20.660064003684305,,,
2005-07-20,double,39.5,16.59932483326305,53.75,20.451718070290305,11.507706382057883
2005-07-21,single,48.0,19.54096135226163,,,
2005-07-22,single,50.75,23.25950743935325,,,
2005-07-23,single,48.5,26.359810395674273,,,
2005-07-24,single,47.0,25.390615810047496,,,
2005-07-25,single,44.0,17.19294010509144,,,
2005-07-26,single,39.5,16.560414054177024,,,
2005-07-27,single,53.0,22.625172008167613,,,
2005-07-28,single,55.25,24.152980284257367,,,
2005-07-29,single,55.25,22.011429699984465,,,
2005-07-30,single,50.5,21.85323212363503,,,
2005-07-31,single,49.0,23.965307409113105,,,
2005-08-01,single,51.75,25.84993587840687,,,
2005-08-02,single,53.75,31.769261620261453,,,
2005-08-03,single,53.25,28.783188559792258,,,
2005-08-04,double,39.5,16.11412880637429,55.5,32.74422541531649,9.660634994506836
2005-08-05,single,56.0,26.70331538807262,,,
2005-08-06,single,54.75,22.602074536410246,,,
2005-08-07,single,52.75,19.701589931141246,,,
2005-08-08,single,45.75,24.745922435413707,,,
2005-08-09,single,46.5,20.656109202991832,,,
2005-08-10,double,37.25,20.02831493724476,51.5,19.1312989321622,13.117319453846324
2005-08-11,double,37.0,19.41752641851252,54.0,23.689088821411133,10.398505904457785
2005-08-12,single,50.75,21.010299509221856,,,
2005-08-13,single,51.25,22.644865209406074,,,
2005-08-14,single,50.25,20.856583335182883,,,
2005-08-15,single,50.5,19.790087959983133,,,
2005-08-16,double,33.5,15.455137946388938,52.75,23.845806642012164,10.157694903287021
2005-08-17,single,57.75,21.63613614169034,,,
2005-08-18,double,42.75,18.54505764354359,60.5,20.12186761335893,12.769306876442649
2005-08-19,double,42.75,19.08968734741211,70.5,22.587791442871094,10.998349276455967
2005-08-20,single,57.75,19.742054158991035,,,
2005-08-21,double,40.75,18.287539222023703,56.75,25.398827986283735,11.641571565107865
2005-08-22,double,56.25,27.25089385292747,70.0,15.162841710177334,9.589277961037375
2005-08-23,single,54.25,32.38703103498979,,,
2005-08-24,single,52.0,33.62014579772949,,,
2005-08-25,single,50.25,30.768199227072976,,,
2005-08-26,single,52.75,33.399411634965375,,,
2005-08-27,single,57.25,35.18840408325195,,,
2005-08-28,single,56.5,35.993803544477984,,,
2005-08-29,single,55.0,32.7392692565918,,,
2005-08-30,double,34.25,15.083060784773393,58.0,26.023148103193805,7.351831912994385
2005-08-31,single,47.75,17.314083446155895,,,
2005-09-01,double,45.25,18.203641891479492,68.5,19.729197935624555,6.650138508189809
2005-09-02,double,46.5,16.439300363714043,65.75,20.180947043678977,8.82133587923917
2005-09-03,single,66.0,25.27874790538441,,,
2005-09-04,single,68.0,30.73061284151944,,,
2005-09-05,single,68.5,29.250971534035422,,,
2005-09-06,single,57.5,24.00837655500932,,,
2005-09-07,double,35.75,15.708068414167924,57.5,29.07112624428489,6.9879150390625
2005-09-08,double,35.0,19.765915263782848,60.25,34.601871490478516,7.148770202289928
2005-09-09,double,38.5,20.701428846879438,61.25,32.69774905118075,6.835327625274658
2005-09-10,double,40.75,25.216949636285957,60.75,31.273468537764117,3.633249737999656
2005-09-11,double,40.75,29.198952067982066,62.0,30.674122376875445,-3.766691424629905
2005-09-12,double,33.75,17.209934408014472,66.5,26.2869534925981,9.302551876414906
2005-09-13,double,57.0,26.566036571155895,68.75,26.697544618086383,20.79976931485263
2005-09-14,double,35.75,15.415976871143688,57.75,34.29150321266868,-0.9161053381182931
2005-09-15,double,33.25,16.30911263552579,57.25,31.369584517045453,-0.634674532846971
2005-09-16,single,65.25,25.904680598865856,,,
2005-09-17,single,65.75,32.7808333310214,,,
2005-09-18,single,65.25,30.546566876498137,,,
2005-09-19,single,57.75,29.061804164539684,,,
2005-09-20,single,61.25,31.189903952858664,,,
2005-09-21,single,63.5,31.698320735584606,,,
2005-09-22,double,33.25,19.68903957713734,63.75,27.87089001048695,10.755424152721059
2005-09-23,double,34.75,21.17979032343084,48.75,26.77455589988015,15.219833460721103
2005-09-24,double,30.25,20.410511883822355,48.75,27.791520552201703,15.271110708063299
2005-09-25,double,28.5,18.474187157370828,47.75,27.14327760176225,11.569458961486816
2005-09-26,double,27.75,15.1421010277488,51.5,30.526121833107688,7.318079688332298
2005-09-27,single,53.25,35.506948644464664,,,
2005-09-28,single,53.0,34.68554618141868,,,
2005-09-29,single,56.25,32.357664975253016,,,
2005-09-30,single,58.5,29.908127871426668,,,
2006-05-01,double,23.5,44.367460077459164,48.75,31.033071864734996,4.117514306848699
2006-05-02,double,23.0,33.13866910067472,49.5,29.352672056718305,8.336311253634365
2006-05-03,double,28.0,32.161412325772375,48.5,18.41099132191051,12.598981337113814
2006-05-04,single,26.75,32.404150529341265,,,
2006-05-05,double,26.75,33.16821947964755,73.25,17.21516851945357,-1.2921011664650657
2006-05-06,double,24.5,29.0979342027144,70.5,15.689838669516824,-7.913199164650657
2006-05-07,double,42.0,20.76843157681552,73.25,29.425146623091265,-9.920599070462314
2006-05-08,double,21.75,33.58826862681996,73.0,26.194013075395063,-12.499574401161887
2006-05-09,double,21.0,32.47492637634277,41.5,25.187007383866742,16.791189713911578
2006-05-10,double,20.5,31.016015768051147,39.5,27.28572689403187,20.05221904407848
2006-05-11,double,21.75,31.044520118019797,38.75,31.784571734341707,20.100177764892578
2006-05-12,single,38.5,30.389590523459695,,,
2006-05-13,single,21.5,27.51483778520064,,,
2006-05-14,double,36.25,29.251279310746625,58.0,17.568506934426047,6.4405833157626065
2006-05-15,double,35.0,27.050492893565785,57.25,21.192028392444957,10.901686408303
2006-05-16,single,51.5,27.02939692410556,,,
2006-05-17,single,48.0,30.62232242931019,,,
2006-05-18,single,47.0,39.88212758844549,,,
2006-05-19,single,46.75,41.08051993630149,,,
2006-05-20,single,46.75,38.313980449329726,,,
2006-05-21,single,43.0,37.13845790516246,,,
2006-05-22,single,43.25,34.182256178422406,,,
2006-05-23,single,49.5,30.71971945329146,,,
2006-05-24,single,52.25,35.76051053133878,,,
2006-05-25,single,52.25,33.0646691755815,,,
2006-05-26,double,29.25,16.04467487335205,52.0,37.90158393166282,7.005540891127153
2006-05-27,double,27.75,15.047512141141025,53.25,43.925329034978695,1.8911514498970725
2006-05-28,double,26.75,16.409562197598543,50.75,37.95329770174894,0.37903889607299457
2006-05-29,double,26.5,18.55980734391646,48.0,34.33876696499911,2.531012708490545
2006-05-30,double,26.5,20.2560828815807,46.25,28.413530523126777,6.739207181063565
2006-05-31,double,26.75,23.978131554343484,43.75,19.0223164991899,11.946269728920676
2006-06-01,double,28.0,26.63062165000222,64.25,18.450623772361062,4.152279246937145
2006-06-02,double,29.75,24.62350013039329,61.5,19.83421655134721,2.266094532879916
2006-06-03,double,31.0,24.019444725730203,59.5,17.16434773531827,3.3365916555578057
2006-06-04,double,32.5,20.33001847700639,51.5,22.15912610834295,4.594670339064165
2006-06-05,double,33.0,18.837793176824395,54.25,20.02676010131836,9.345572298223322
2006-06-06,double,34.0,20.23338456587358,57.25,19.082645069469105,7.400877302343195
2006-06-07,double,35.75,19.242700576782227,52.25,15.474627581509678,7.173611554232511
2006-06-08,double,25.0,18.13513148914684,65.75,17.175188584761187,6.501854679801247
2006-06-09,double,41.75,21.573597647927024,67.5,27.695612820712004,-3.4758600755171343
2006-06-10,double,38.25,22.51018610867587,67.75,29.294573003595527,-5.19167388569225
2006-06-11,double,39.75,21.047106309370562,73.5,21.876418373801492,1.169005979191173
2006-06-12,single,36.0,19.37101277438077,,,
2006-06-13,double,28.25,17.5531343980269,71.75,21.498939167369496,6.535176970741966
2006-06-14,double,27.75,18.355178139426492,71.75,22.30692655389959,5.3052002733403985
2006-06-15,single,49.0,19.579541293057527,,,
2006-06-16,single,53.0,20.771169315684926,,,
2006-06-17,double,27.5,16.797514135187324,52.0,25.543398943814363,2.30412017215382
2006-06-18,double,26.5,16.200369488109242,51.0,27.23685784773393,0.3557615259831602
2006-06-19,single,58.5,31.034720160744406,,,
2006-06-20,single,59.0,29.20488062771884,,,
2006-06-21,single,52.25,26.071460377086293,,,
2006-06-22,single,53.25,21.814111709594727,,,
2006-06-23,single,55.25,21.633357828313653,,,
2006-06-24,single,53.25,26.76387509432706,,,
2006-06-25,single,55.25,28.3070011138916,,,
2006-06-26,double,27.25,15.899536913091486,58.0,22.816436767578125,1.5904662283984097
2006-06-27,double,26.5,16.713218342174184,51.5,25.3872952894731,2.4618129946968774
2006-06-28,double,27.0,17.11962821266868,52.5,26.91821185025302,3.619669935920022
2006-06-29,double,26.5,16.43195117603649,52.75,25.083508231423117,3.9612619876861572
2006-06-30,single,53.5,22.91426034407182,,,
2006-07-01,single,58.25,17.867069070989434,,,
2006-07-02,double,35.75,16.163507201454856,62.75,18.627980145541105,10.30862027948553
2006-07-03,single,65.5,23.530945344404742,,,
2006-07-04,double,29.5,17.035931153730914,68.25,17.76238840276545,10.705883806402033
2006-07-05,single,31.5,17.035783074118875,,,
2006-07-06,single,47.75,18.612676447088067,,,
2006-07-07,double,31.75,16.102067080411043,52.5,24.571236697110262,7.69505669853904
2006-07-08,double,30.75,16.524330139160156,51.75,29.28994300148704,4.757216713645241
2006-07-09,single,54.25,29.507929888638582,,,
2006-07-10,double,30.75,16.81155776977539,56.5,33.06753644076261,1.6310081481933594
2006-07-11,single,56.5,32.99981984225187,,,
2006-07-12,single,57.5,32.94169373945756,,,
2006-07-13,single,62.0,21.3591984835538,,,
2006-07-14,double,54.75,20.842157884077594,71.0,18.54647584394975,9.162344325672496
2006-07-15,single,57.5,18.360404794866387,,,
2006-07-16,single,68.0,18.761735569347035,,,
2006-07-17,single,62.25,20.156260230324484,,,
2006-07-18,single,62.75,21.92049928144975,,,
2006-07-19,single,61.75,18.800746744329278,,,
2006-07-20,none,,,,,
2006-07-21,single,44.25,15.647520412098277,,,
2006-07-22,double,34.0,15.184563810175115,51.0,17.658395940607246,9.900928497314453
2006-07-23,single,52.0,19.306834134188566,,,
2006-07-24,single,55.5,23.970598567615856,,,
2006-07-25,single,56.0,21.98220270330256,,,
2006-07-26,single,51.0,24.619031732732598,,,
2006-07-27,single,49.25,25.29873969338157,,,
2006-07-28,single,45.5,24.341738787564363,,,
2006-07-29,single,45.25,23.170441020618785,,,
2006-07-30,single,49.5,26.579990907148883,,,
2006-07-31,single,49.75,27.581762487238105,,,
2006-08-01,single,51.25,26.804353713989258,,,
2006-08-02,single,49.0,26.390104640613902,,,
2006-08-03,single,48.25,23.425195000388406,,,
2006-08-04,single,50.5,19.88281960920854,,,
2006-08-05,single,51.25,15.696761478077281,,,
2006-08-06,single,55.75,17.95932561700994,,,
2006-08-07,double,34.25,17.785023775967684,55.75,20.70554559881037,3.2548700896176426
2006-08-08,double,33.0,16.405814691023394,57.5,20.417634097012606,5.826117038726807
2006-08-09,single,53.75,16.9588416706432,,,
2006-08-10,none,,,,,
2006-08-11,double,37.5,16.96514320373535,65.75,17.183036630803887,5.161702329462225
2006-08-12,double,42.25,15.713841438293457,70.25,20.580238689075816,2.134428956291892
2006-08-13,double,40.75,18.95663174715909,66.0,24.626713839444246,-3.7823353680697354
2006-08-14,double,41.75,19.955738587812945,67.5,21.7892842726274,-5.31098595532504
2006-08-15,double,37.5,19.207322207364168,71.5,19.40499427101829,-4.376158367503773
2006-08-16,single,46.25,17.753555991432883,,,
2006-08-17,single,41.5,19.28554257479581,,,
2006-08-18,single,45.25,18.59575080871582,,,
2006-08-19,single,51.25,23.033295891501687,,,
2006-08-20,double,51.25,25.497584429654207,74.5,24.46134662628174,-2.222991769964045
2006-08-21,single,48.25,27.408705624667082,,,
2006-08-22,single,46.5,28.836519934914328,,,
2006-08-23,single,48.25,29.95674653486772,,,
2006-08-24,single,47.75,31.93994244662198,,,
2006-08-25,single,48.75,30.844654603437945,,,
2006-08-26,single,50.5,32.343175714666195,,,
2006-08-27,single,52.0,37.7906528819691,,,
2006-08-28,single,52.5,32.146686727350406,,,
2006-08-29,single,46.25,27.472585504705254,,,
2006-08-30,single,45.25,32.286842346191406,,,
2006-08-31,single,45.25,29.140030254017223,,,
2006-09-01,single,47.75,26.9110801003196,,,
2006-09-02,single,52.75,27.133399443192914,,,
2006-09-03,single,54.25,35.27080709284002,,,
2006-09-04,single,55.25,37.52625725486062,,,
2006-09-05,single,56.0,30.48786700855602,,,
2006-09-06,single,57.5,28.799685564908113,,,
2006-09-07,single,51.0,26.36884238503196,,,
2006-09-08,double,47.25,25.856192155317828,59.0,22.91077371077104,16.375160217285156
2006-09-09,double,46.25,26.412017302079633,62.25,23.089993736960672,13.21624400398948
2006-09-10,double,46.25,21.25050336664373,67.25,24.082333304665305,13.95606517791748
2006-09-11,double,47.5,26.9621054909446,64.25,20.367276798595082,8.246997963298451
2006-09-12,double,47.75,31.331372000954367,66.25,21.63856419649991,8.083083803003484
2006-09-13,double,44.0,23.6238337430087,71.25,21.642337105490945,11.99371355230158
2006-09-14,single,44.5,19.908797177401457,,,
2006-09-15,single,40.75,20.84946129538796,,,
2006-09-16,single,38.25,22.690838553688742,,,
2006-09-17,double,43.0,22.476863167502664,71.0,20.687963659113105,-4.957186828960072
2006-09-18,single,51.0,30.474582845514472,,,
2006-09-19,single,50.0,29.325835661454633,,,
2006-09-20,single,54.5,23.76267589222301,,,
2006-09-21,double,37.75,24.561409863558683,68.0,26.893873908303,8.685149192810059
2006-09-22,double,34.5,17.898060711947355,69.0,32.83373607288707,2.6114298430356113
2006-09-23,double,47.75,18.355959111993965,71.75,36.65650003606623,0.24465004168450832
2006-09-24,double,51.25,21.17928192832253,72.0,20.36893792585893,0.9149444265799089
2006-09-25,single,43.5,20.850559408014472,,,
2006-09-26,single,47.5,28.60759700428356,,,
2006-09-27,single,46.5,30.67569264498624,,,
2006-09-28,single,46.5,32.61526142467152,,,
2006-09-29,double,43.0,34.15125760165128,67.0,18.283445358276367,6.810499104586515
2006-09-30,double,42.5,27.539261211048473,67.25,24.81196264787154,8.536069869995117
2007-05-01,double,23.5,31.192321603948418,39.25,28.826447400179777,15.829262560064143
2007-05-02,double,23.25,33.30239417336204,40.0,32.478668212890625,16.93347029252486
2007-05-03,double,23.0,34.42674602161754,42.25,27.512137846513227,16.922644701871004
2007-05-04,double,24.0,33.26115174727006,41.5,26.78446353565563,19.225637089122426
2007-05-05,single,24.75,33.6283371665261,,,
2007-05-06,double,24.75,32.494655262340196,53.5,25.452846353704278,12.574973279779607
2007-05-07,double,25.75,32.164590488780625,52.0,33.28983688354492,13.695609352805398
2007-05-08,double,25.75,30.267986644398082,50.5,39.64561566439542,11.515748370777477
2007-05-09,double,26.0,28.861080169677734,49.25,41.825195659290664,5.306128545240923
2007-05-10,single,47.0,42.73584747314453,,,
2007-05-11,double,21.5,30.68902050365101,47.0,38.20886646617543,8.694719314575195
2007-05-12,double,22.5,32.11818851124156,49.25,33.956180572509766,12.390085913918234
2007-05-13,double,24.0,29.126034823330965,51.25,27.148859891024504,12.07448655908758
2007-05-14,double,25.75,29.412947047840465,53.5,28.92313541065563,12.263348579406738
2007-05-15,double,25.75,29.106982838023793,57.5,33.33249074762518,8.454012437300248
2007-05-16,double,25.75,28.166149139404297,59.5,32.33360706676137,3.2534299980510366
2007-05-17,double,24.25,27.313723824240945,50.25,32.839908599853516,0.5413292253559286
2007-05-18,single,50.75,35.720522447065875,,,
2007-05-19,double,22.0,27.731724652377043,53.0,29.3615779876709,6.525295300917192
2007-05-20,double,23.25,28.27848278392445,57.75,33.80298337069425,3.199955116618763
2007-05-21,double,25.0,29.244639483365145,58.25,42.49677970192649,1.9201688116247004
2007-05-22,double,25.0,29.5860538482666,58.25,39.09750539606268,0.9876334721391852
2007-05-23,double,24.75,27.587109305641867,58.25,39.150330630215734,-2.5701299580660733
2007-05-24,double,21.0,26.023012542724608,58.25,42.104035810990766,-4.475435170260343
2007-05-25,double,23.0,22.971010208129883,58.0,38.249058810147375,-0.5714067127343945
2007-05-26,double,27.75,20.56298117204146,59.5,31.195266897028144,5.578821442343972
2007-05-27,double,30.0,25.151961413296785,63.75,23.046154369007457,9.815182599154385
2007-05-28,double,29.0,26.529681986028496,42.5,25.2418963692405,15.56056022644043
2007-05-29,double,27.75,28.41322812167081,41.25,25.546999671242453,16.03073466907848
2007-05-30,double,26.5,27.122421958229758,43.5,31.14870851690119,17.732952638105914
2007-05-31,double,26.75,23.464910333806817,42.0,32.82371573014693,16.439827138727363
2007-06-01,single,41.0,30.8079908544367,,,
2007-06-02,single,43.0,25.729761123657227,,,
2007-06-03,single,45.75,25.539510900324043,,,
2007-06-04,single,34.0,20.19934792952104,,,
2007-06-05,double,35.0,21.634606274691496,72.5,16.467087225480512,4.04874552379955
2007-06-06,single,34.25,23.389704270796344,,,
2007-06-07,single,32.75,23.46744797446511,,,
2007-06-08,double,26.75,24.030147899280895,71.5,20.89789390563965,-0.8889354955066334
2007-06-09,double,29.5,26.347219467163086,68.75,19.932110873135652,-0.8457964983853427
2007-06-10,double,31.5,26.944271434437145,74.25,24.749284744262695,-9.0770507292314
2007-06-11,double,31.25,28.071196989579633,68.75,22.561853062022816,-9.051429401744496
2007-06-12,double,31.25,26.291162490844727,63.75,19.67363808371804,-8.932459917935459
2007-06-13,double,39.0,28.07754221829501,61.5,18.485347401012074,-2.676857124675404
2007-06-14,double,38.25,32.92298993197355,57.75,18.47538948059082,1.257412932135842
2007-06-15,double,38.5,33.12109583074396,58.5,24.029499053955078,1.7064717249436812
2007-06-16,double,36.5,29.22785758972168,61.25,19.639982223510742,8.754748604514383
2007-06-17,double,37.0,24.08523767644709,64.25,18.050433418967508,6.1323888952081855
2007-06-18,double,44.5,22.230172070589933,66.25,15.629303238608621,4.150629737160423
2007-06-19,double,39.25,23.464099537242543,67.0,17.34919409318404,5.234997836026278
2007-06-20,double,38.5,22.130572232333098,68.75,19.600379250266336,4.15497782013633
2007-06-21,double,40.75,21.52685546875,71.5,25.324049689553,-0.3130127550526099
2007-06-22,double,44.0,26.409799229015004,70.5,30.034114837646484,-11.564707669344815
2007-06-23,double,44.25,24.712154041637074,71.75,21.809587305242363,-2.4498339132829146
2007-06-24,double,39.5,21.57358082857999,72.0,15.807290684093129,1.4714100469242444
2007-06-25,single,44.5,27.945763154463336,,,
2007-06-26,single,45.0,25.013832785866477,,,
2007-06-27,single,45.5,28.004609714854848,,,
2007-06-28,single,46.75,29.152849197387695,,,
2007-06-29,double,46.25,30.680807633833453,72.5,15.163543267683549,0.10974668614058332
2007-06-30,double,31.75,21.926633141257547,46.75,32.31446526267312,11.325865051963113
2007-07-01,double,29.75,19.31146933815696,49.0,35.99801392988725,10.802414547313344
2007-07-02,single,48.75,40.55412292480469,,,
2007-07-03,single,48.5,46.05800559303977,,,
2007-07-04,single,46.25,39.14915154196999,,,
2007-07-05,single,45.75,33.53595664284446,,,
2007-07-06,single,49.25,32.47873236916282,,,
2007-07-07,single,49.0,37.46918279474432,,,
2007-07-08,single,48.5,31.909534974531695,,,
2007-07-09,single,46.75,29.274703632701527,,,
2007-07-10,single,44.25,28.854358326305043,,,
2007-07-11,single,45.25,25.556928634643555,,,
2007-07-12,single,44.5,22.291016491976652,,,
2007-07-13,single,43.5,19.46524533358487,,,
2007-07-14,single,50.0,17.185101595791902,,,
2007-07-15,single,55.25,18.314267071810637,,,
2007-07-16,single,43.75,22.4255898215554,,,
2007-07-17,single,47.25,23.186813181096856,,,
2007-07-18,single,49.75,25.431130495938387,,,
2007-07-19,single,51.75,25.08902861855247,,,
2007-07-20,single,53.5,23.263355775312945,,,
2007-07-21,single,54.25,28.830535888671875,,,
2007-07-22,single,47.0,26.769605116410688,,,
2007-07-23,double,44.75,29.099789706143465,67.5,18.214328939264472,3.3342497132041236
2007-07-24,double,48.75,32.67542682994496,69.0,15.101132999766957,4.500732855363325
2007-07-25,single,49.0,35.50497124411843,,,
2007-07-26,single,47.5,34.0251860185103,,,
2007-07-27,single,48.75,30.069122314453125,,,
2007-07-28,single,52.25,27.919212861494586,,,
2007-07-29,single,53.5,28.740523771806195,,,
2007-07-30,single,56.5,23.34651045365767,,,
2007-07-31,single,57.5,27.318525661121715,,,
2007-08-01,single,56.25,32.56273581764915,,,
2007-08-02,single,50.25,26.81578896262429,,,
2007-08-03,single,51.0,30.4385459206321,,,
2007-08-04,single,56.25,21.275733947753906,,,
2007-08-05,single,64.75,19.260657743974164,,,
2007-08-06,double,47.25,16.302051890980113,64.5,20.261879314075816,5.143364342776212
2007-08-07,single,67.5,21.119653354991566,,,
2007-08-08,double,43.5,19.70758784901012,74.5,21.47230076789856,-2.877169598232616
2007-08-09,single,42.25,20.846242384477094,,,
2007-08-10,double,40.75,20.96442846818404,72.75,17.89039559797807,2.9860669049349697
2007-08-11,double,40.25,15.803484136408025,72.0,22.665055361661043,-2.5556845664978027
2007-08-12,double,48.5,19.46094287525524,74.75,17.99127960205078,-6.710977250879461
2007-08-13,double,47.75,26.071289235895332,72.75,23.06647890264338,-8.860597090287643
2007-08-14,double,47.0,26.07627435164018,74.75,15.371505873543876,1.3322000395167957
2007-08-15,single,51.5,22.133563821965996,,,
2007-08-16,single,50.5,22.739140077070758,,,
2007-08-17,single,50.5,31.541039553555574,,,
2007-08-18,single,54.75,30.32327565279874,,,
2007-08-19,single,58.0,30.23394879427823,,,
2007-08-20,single,66.25,19.36033075506037,,,
2007-08-21,double,42.75,27.257579456676137,66.25,24.98353351246227,0.9968456896868619
2007-08-22,double,41.5,19.26448561928489,70.25,22.390261216597125,5.924579533663663
2007-08-23,single,63.0,26.016171021894976,,,
2007-08-24,single,63.0,32.01111273332076,,,
2007-08-25,single,59.25,32.98314389315519,,,
2007-08-26,single,58.25,34.174194682728164,,,
2007-08-27,single,56.75,30.180171099576082,,,
2007-08-28,double,52.25,20.666588176380504,66.5,21.857328935102984,12.363072915510697
2007-08-29,double,37.5,19.18165501681241,68.5,19.664649096402254,4.9296017993580215
2007-08-30,single,59.25,25.686229359019887,,,
2007-08-31,single,56.25,28.023053255948152,,,
2007-09-01,single,59.75,36.71938358653676,,,
2007-09-02,double,33.25,16.987871516834606,59.25,40.757627660577946,2.759589195251465
2007-09-03,double,33.25,18.817788210782137,60.0,26.430023366754707,1.6359505219893022
2007-09-04,double,32.75,17.8194356398149,61.25,27.536215348677203,4.899814388968728
2007-09-05,double,32.5,18.908137408169832,64.5,34.23988827792081,8.146707187999379
2007-09-06,double,32.75,17.184404893354937,63.75,31.085424943403765,-0.28985799476504326
2007-09-07,double,34.5,21.914919246326793,62.75,29.603445226495918,-3.857005097649314
2007-09-08,double,36.5,22.560345389626242,60.5,31.465213428844105,-8.905875032598322
2007-09-09,double,35.25,21.357404708862305,63.75,28.774892286820844,-0.18159713392907922
2007-09-10,double,32.5,20.10487209666859,69.0,27.80440833351829,4.189042134718462
2007-09-11,double,32.75,17.11726327375932,64.5,33.482791900634766,4.061562798239968
2007-09-12,single,66.75,26.120356993241742,,,
2007-09-13,double,58.75,26.47921388799494,71.5,24.53506764498624,18.914477261629973
2007-09-14,single,56.5,30.275568181818183,,,
2007-09-15,single,54.0,31.215866088867188,,,
2007-09-16,single,57.75,30.058083967729047,,,
2007-09-17,double,30.25,15.680180896412242,57.75,35.9522951299494,-0.049229691313071686
2007-09-18,double,29.25,15.865543972362172,56.75,40.0281867980957,1.9624885429035535
2007-09-19,double,27.75,15.888279741460627,56.0,38.44312563809481,3.836777188561179
2007-09-20,double,27.5,15.675487431612881,57.0,36.47670503096147,6.275958494706587
2007-09-21,double,27.0,15.347699945623225,59.0,35.71327070756392,8.531681060791016
2007-09-22,double,27.5,16.667728424072266,52.75,33.03746292807839,6.573557203466242
2007-09-23,single,54.5,27.14692514592951,,,
2007-09-24,single,66.5,26.569264151833274,,,
2007-09-25,double,44.25,18.949778643521395,69.0,28.883250323208895,4.777946732260964
2007-09-26,double,26.0,17.48198925365101,73.5,30.120597665960137,4.200864531777122
2007-09-27,double,26.5,18.085887215354226,42.0,19.81140864979137,5.296759432012385
2007-09-28,double,25.0,16.05655756863681,43.25,23.830832394686613,9.113129529086025
2007-09-29,single,47.75,20.516395222056996,,,
2007-09-30,double,23.75,15.444403128190475,54.0,21.29635169289329,8.91469738700173
2008-05-01,double,29.0,28.910979531028055,42.75,23.365006360140715,18.06608945673162
2008-05-02,single,25.5,29.690236178311434,,,
2008-05-03,single,27.25,29.393070394342597,,,
2008-05-04,single,28.5,27.943128412420098,,,
2008-05-05,double,30.0,28.02586486122825,72.75,21.234200564297762,-2.107096888802268
2008-05-06,single,27.25,32.18257852034135,,,
2008-05-07,double,28.0,34.71217172796076,73.0,27.37692815607244,-4.941672888669101
2008-05-08,double,28.75,35.35997078635476,72.0,23.19493952664462,-4.590208226984197
2008-05-09,double,25.75,30.615074677900836,68.25,24.506282633001153,-6.5431646000255235
2008-05-10,double,22.5,30.477736386385832,69.0,21.804012645374645,1.039019438353452
2008-05-11,double,22.75,29.621956391768023,65.25,21.72162593494762,-1.9357724298130383
2008-05-12,double,23.0,28.228620355779473,70.5,16.662471077658914,1.5033401467583396
2008-05-13,single,20.25,28.442135674612864,,,
2008-05-14,single,20.75,26.801524268256294,,,
2008-05-15,single,22.25,25.99406571821733,,,
2008-05-16,single,23.25,27.5908277684992,,,
2008-05-17,single,23.25,26.841366160999645,,,
2008-05-18,single,22.75,24.375050284645774,,,
2008-05-19,single,34.5,23.538258292458274,,,
2008-05-20,single,37.75,23.22921458157626,,,
2008-05-21,double,26.5,25.716174038973723,43.5,24.695683392611418,17.83291105790572
2008-05-22,double,27.25,27.601104042746805,40.5,22.699312903664328,11.949837337840687
2008-05-23,double,26.25,26.220365524291992,40.25,21.686580137772992,11.013343811035156
2008-05-24,double,25.25,27.25939837369052,39.25,19.911546013572,12.71687464280562
2008-05-25,double,24.5,24.71839575334029,69.75,18.235394564541902,-0.2761094769970937
2008-05-26,double,25.5,23.011375947432086,51.75,21.97393174604936,6.658413756977428
2008-05-27,double,24.75,23.052588376131926,47.5,21.881993553855203,6.1829400496049365
2008-05-28,double,24.25,19.680360967462715,71.75,21.711171236905184,1.463651711290533
2008-05-29,single,28.5,19.170893929221414,,,
2008-05-30,single,26.75,19.66624676097523,,,
2008-05-31,single,45.25,20.092858921397816,,,
2008-06-01,single,45.25,20.89789511940696,,,
2008-06-02,single,47.5,19.599350322376598,,,
2008-06-03,double,28.0,17.006655259565875,49.75,22.41099808432839,10.981213482943447
2008-06-04,double,27.0,19.06328773498535,49.25,27.07317473671653,11.594962206753818
2008-06-05,double,26.25,20.83048334988681,49.0,21.903484344482422,12.488390922546387
2008-06-06,double,25.75,22.50160772150213,48.75,20.088319431651723,10.519139203158291
2008-06-07,double,27.0,24.461069627241656,55.5,16.183918952941895,3.991590738296509
2008-06-08,double,28.75,27.100290471857246,62.0,18.648807872425426,2.4783506285060537
2008-06-09,double,30.75,27.02930415760387,59.25,22.31551638516513,-2.259423315525055
2008-06-10,double,32.75,27.197669982910156,58.0,34.74283495816317,-2.8220428986982866
2008-06-11,double,32.25,26.639565901322797,56.5,28.95512442155318,1.561028534715826
2008-06-12,double,34.25,26.437801707874645,52.25,15.138118917291814,5.856980713930997
2008-06-13,single,36.25,27.685460350730203,,,
2008-06-14,single,36.0,26.004643526944246,,,
2008-06-15,double,37.0,22.109012256969105,66.75,17.93691635131836,-3.867519877173684
2008-06-16,single,39.75,27.449996774846856,,,
2008-06-17,single,41.25,28.219115690751508,,,
2008-06-18,double,42.5,28.317365126176313,55.75,15.0793118910356,8.230826637961648
2008-06-19,single,42.0,23.585643248124555,,,
2008-06-20,single,52.0,25.11579738963734,,,
2008-06-21,single,52.75,30.041216416792437,,,
2008-06-22,single,49.0,26.14315501126376,,,
2008-06-23,single,45.5,25.377713463523172,,,
2008-06-24,single,49.25,27.287986408580434,,,
2008-06-25,single,51.5,32.04432400790128,,,
2008-06-26,single,52.25,32.18042009527033,,,
2008-06-27,single,51.0,34.76041689786044,,,
2008-06-28,single,51.5,33.63759092851119,,,
2008-06-29,single,49.25,30.479178341952238,,,
2008-06-30,single,50.75,29.562916322187945,,,
2008-07-01,single,46.25,23.542848933826793,,,
2008-07-02,single,49.5,25.235334049571644,,,
2008-07-03,single,45.25,26.74489298733798,,,
2008-07-04,single,46.0,27.861821087923918,,,
2008-07-05,single,47.0,29.72328064658425,,,
2008-07-06,single,49.25,25.68075249411843,,,
2008-07-07,single,48.25,25.005542928522285,,,
2008-07-08,double,47.5,26.662831393155184,72.75,15.930855230851607,-9.386927778070623
2008-07-09,double,49.25,23.07267951965332,69.0,15.091631195761941,-8.239700534126975
2008-07-10,single,46.75,18.55767856944691,,,
2008-07-11,double,37.0,17.139686757867988,55.25,18.149063630537555,10.77030441977761
2008-07-12,double,33.0,17.96914378079501,55.25,22.047170118852094,8.657894134521484
2008-07-13,single,58.75,29.321192828091707,,,
2008-07-14,single,58.5,30.433081540194426,,,
2008-07-15,single,57.25,36.101201490922406,,,
2008-07-16,single,57.5,32.9710842479359,,,
2008-07-17,single,56.0,30.271184054287996,,,
2008-07-18,single,53.75,26.526649821888316,,,
2008-07-19,double,36.5,16.099903280084785,50.25,26.395423715764824,9.606289343400435
2008-07-20,double,37.75,17.426671981811523,50.25,24.022957021539863,10.530442064458674
2008-07-21,double,47.5,22.332572763616387,69.0,16.129881251942027,5.646181149916216
2008-07-22,double,49.25,21.44605792652477,63.25,18.786812348799273,6.385235613042658
2008-07-23,double,42.75,19.63540857488459,62.75,16.871295928955078,6.581286170265892
2008-07-24,single,42.25,24.189649061723188,,,
2008-07-25,single,41.5,26.35375387018377,,,
2008-07-26,single,41.5,23.281226244839754,,,
2008-07-27,single,42.0,19.640742908824574,,,
2008-07-28,single,44.75,18.754088141701438,,,
2008-07-29,single,47.5,23.631927490234375,,,
2008-07-30,single,47.0,27.402263641357422,,,
2008-07-31,single,46.25,23.059220920909535,,,
2008-08-01,single,48.0,22.421999844637785,,,
2008-08-02,single,50.5,26.020972511985086,,,
2008-08-03,single,49.75,29.371089761907403,,,
2008-08-04,single,50.5,27.294255343350496,,,
2008-08-05,single,50.25,24.418677763505414,,,
2008-08-06,single,47.75,19.89569681340998,,,
2008-08-07,single,45.25,22.857173226096414,,,
2008-08-08,single,44.0,27.573055787519976,,,
2008-08-09,single,46.5,32.9281871102073,,,
2008-08-10,single,49.0,39.46083554354581,,,
2008-08-11,single,48.0,41.989440571178086,,,
2008-08-12,double,46.25,37.285987854003906,71.5,17.102752858942207,1.3271047852256082
2008-08-13,double,48.5,32.8119120164351,72.0,17.127222754738547,7.3270275376059795
2008-08-14,double,47.5,31.187679984352805,68.0,16.598407745361328,8.197925307533957
2008-08-15,double,46.0,28.220836292613637,69.0,19.18876110423695,10.587948365644975
2008-08-16,double,45.25,27.90573969754306,71.5,17.396832206032492,8.37539157000455
2008-08-17,single,47.5,30.03633533824574,,,
2008-08-18,single,49.25,31.582633105191317,,,
2008-08-19,single,51.0,30.279254219748758,,,
2008-08-20,single,49.0,31.683646288785067,,,
2008-08-21,single,52.0,25.13176016374068,,,
2008-08-22,single,55.5,25.549517371437766,,,
2008-08-23,single,60.0,28.397186279296875,,,
2008-08-24,double,41.75,20.906043312766336,57.75,30.00072531266646,13.682924357327549
2008-08-25,double,41.25,15.088165976784445,56.25,34.05916768854315,8.319067564877598
2008-08-26,single,57.0,36.90100513805043,,,
2008-08-27,double,35.25,16.020558270541105,57.0,37.44897391579368,-2.0592716932296753
2008-08-28,single,58.75,33.54283558238637,,,
2008-08-29,single,55.25,21.69259158047763,,,
2008-08-30,single,52.5,18.2100022055886,,,
2008-08-31,single,48.0,20.83011748573997,,,
2008-09-01,single,47.75,24.41901380365545,,,
2008-09-02,single,50.25,23.881079066883434,,,
2008-09-03,single,55.25,25.537669441916726,,,
2008-09-04,single,46.5,24.530684037642047,,,
2008-09-05,double,44.5,24.96086848865856,70.25,19.48626743663441,7.9705517508766865
2008-09-06,double,49.5,22.80266761779785,74.75,20.336040224347794,8.863776553760875
2008-09-07,single,52.75,27.422903581099078,,,
2008-09-08,single,51.0,34.17735706676137,,,
2008-09-09,single,49.0,37.331398010253906,,,
2008-09-10,single,50.5,33.966522910378195,,,
2008-09-11,single,46.5,27.06262831254439,,,
2008-09-12,double,25.75,15.30394155328924,48.5,26.730690349232066,5.194530313665217
2008-09-13,double,24.25,16.205508839000355,50.0,28.011735742742363,5.860868714072487
2008-09-14,double,24.0,15.681697498668324,49.25,20.22484016418457,6.701774727214467
2008-09-15,double,24.75,17.03083003651012,54.25,22.04269755970348,8.801206762140447
2008-09-16,double,24.0,16.843524325977672,55.0,22.36009441722523,6.153267166831276
2008-09-17,single,58.75,24.603015552867543,,,
2008-09-18,single,58.5,27.57192108847878,,,
2008-09-19,double,41.25,17.31947829506614,61.0,29.513751463456586,11.622848510742188
2008-09-20,double,36.5,18.857778549194336,66.0,25.94812115755948,6.680672602220015
2008-09-21,double,35.0,21.952669143676758,70.25,20.320138237693094,6.119233651594683
2008-09-22,double,35.5,23.02905967018821,70.0,20.845930446277965,7.737171866677024
2008-09-23,double,44.75,21.99677311290394,67.25,27.807180578058418,4.436263214458119
2008-09-24,double,43.5,24.63205996426669,71.0,25.674934560602363,4.580561594529585
2008-09-25,double,36.5,20.117054332386363,64.25,18.49406693198464,4.117664857344194
2008-09-26,double,35.75,22.688094572587445,64.75,29.18040639703924,-1.5824175856330178
2008-09-27,double,32.25,22.77271669561213,66.25,29.80831354314631,-10.58219354802912
2008-09-28,double,31.75,24.67608503861861,57.0,38.16045032848012,-14.89914287220348
2008-09-29,double,29.75,26.443633686412465,58.0,38.2811972878196,-5.884779496626421
2008-09-30,double,27.0,22.71834234757857,57.25,37.796845176003195,3.3352070938457143
2009-05-01,double,26.25,37.23195474798029,50.5,22.572756680575285,11.897493189031428
2009-05-02,double,25.0,32.00095714222301,56.0,24.384047768332742,4.166491855274547
2009-05-03,double,25.25,32.2070347179066,58.25,29.195843609896574,4.0397233963012695
2009-05-04,double,26.25,33.33496579256925,57.5,32.92206538807262,3.6536852446469394
2009-05-05,double,25.0,34.51624124700373,56.25,38.6333174272017,0.5375876602801409
2009-05-06,double,25.0,34.77715648304332,55.0,36.88832508433949,3.3673922365361992
2009-05-07,double,23.5,30.19976737282493,51.5,32.3132192438299,6.267788670279763
2009-05-08,double,24.75,26.574500170621004,50.5,30.887312802401457,10.115768259221857
2009-05-09,double,23.25,24.6013166254217,52.25,25.427738363092597,15.176292592828924
2009-05-10,double,21.25,24.296029177579012,62.0,21.66251425309615,15.640464609319514
2009-05-11,single,41.75,20.585142829201438,,,
2009-05-12,double,20.25,23.429912294660294,45.0,29.21919666637074,10.81313046542081
2009-05-13,double,20.5,22.582809686660767,46.5,33.47119695490057,9.781892863186924
2009-05-14,double,20.5,23.77722716331482,49.5,31.26312255859375,12.429585977034135
2009-05-15,double,29.75,20.24034257368608,48.25,24.655114780772816,10.903562892567027
2009-05-16,double,28.75,20.32144581187855,45.75,25.148706089366566,10.620636333118785
2009-05-17,single,48.25,23.336163260719992,,,
2009-05-18,double,27.75,21.79994635148482,45.25,15.984271569685502,8.98217842795632
2009-05-19,double,29.25,23.170874508944426,57.75,20.95174876126376,4.62643913789229
2009-05-20,double,24.75,26.343333504416726,53.5,25.773930983109906,2.9842446717348965
2009-05-21,double,25.0,25.58998506719416,52.5,29.83917825872248,0.7203083444725383
2009-05-22,single,51.75,34.531179601495914,,,
2009-05-23,double,26.0,23.626887754960492,51.25,37.729108637029476,4.250631202350963
2009-05-24,double,26.75,21.718150398947976,49.25,28.684064518321644,7.25601677461104
2009-05-25,double,23.5,22.283472407947887,49.25,25.269382650201972,9.326951720497824
2009-05-26,double,23.0,21.517856771295722,43.25,21.07440861788663,9.801591873168945
2009-05-27,double,29.5,17.130362423983488,56.5,20.724924954501066,11.670750184492631
2009-05-28,single,20.5,22.828554391860962,,,
2009-05-29,double,43.0,21.088301051746715,69.25,26.435559012673117,3.2455717000094326
2009-05-30,double,38.75,17.964935822920367,70.75,28.08137911016291,0.5422393598339774
2009-05-31,double,36.5,18.351051677357066,71.25,26.816598718816582,0.7128507129170678
2009-06-01,double,35.75,18.770308754660867,71.75,26.254270206798207,-0.9293808341026306
2009-06-02,double,37.25,24.283098394220527,67.25,19.243450164794922,-2.808281096545133
2009-06-03,single,35.0,23.942156531594016,,,
2009-06-04,single,47.0,27.560712120749734,,,
2009-06-05,single,46.75,31.47005861455744,,,
2009-06-06,single,46.0,31.212758150967684,,,
2009-06-07,double,45.25,34.971378326416016,73.25,16.03773897344416,-2.6150017218156294
2009-06-08,single,43.25,34.364111466841265,,,
2009-06-09,single,43.0,34.93758114901456,,,
2009-06-10,double,21.0,21.23127326965332,44.25,32.63155746459961,4.584518085826527
2009-06-11,double,21.5,18.626897118308328,45.25,30.459247589111328,3.895740595730868
2009-06-12,double,21.75,18.09147141196511,45.5,25.761098341508344,4.498739849437367
2009-06-13,double,22.25,19.97732838717374,48.25,25.404916416515004,5.586195685646751
2009-06-14,double,22.5,17.132517727938566,50.5,29.428957505659625,2.990539138967341
2009-06-15,double,23.75,18.880123485218395,50.0,37.090560566295274,1.1830420710823752
2009-06-16,double,22.0,18.334272731434215,49.25,38.081619609485976,-4.2461067113009365
2009-06-17,single,50.75,34.50517342307351,,,
2009-06-18,single,52.25,37.29836689342152,,,
2009-06-19,single,54.5,36.472552906383164,,,
2009-06-20,single,55.25,26.84345054626465,,,
2009-06-21,single,56.25,25.272024848244406,,,
2009-06-22,double,36.75,16.655277252197266,60.0,20.43573743646795,2.968829545107755
2009-06-23,double,38.75,16.021632974798028,58.75,17.881208073009144,2.5330165082758125
2009-06-24,single,36.0,15.39439617503773,,,
2009-06-25,double,36.25,19.481994802301582,69.5,21.623352917757902,4.286294048482722
2009-06-26,double,35.0,19.32954961603338,71.0,23.702462456443094,1.2012093988331882
2009-06-27,double,41.25,18.963434912941672,71.0,17.420249592174184,-0.3970655287531289
2009-06-28,single,36.75,19.269718863747336,,,
2009-06-29,double,35.75,18.661144256591797,65.5,16.444584759798918,-4.015857024626299
2009-06-30,double,39.5,18.92377315868031,69.75,20.938230167735707,-5.6290271932428535
2009-07-01,double,38.5,21.569238315929066,70.0,18.56025678461248,-0.186613308604468
2009-07-02,single,38.75,18.16426519914107,,,
2009-07-03,single,47.5,17.33945551785556,,,
2009-07-04,single,42.25,18.859399101950906,,,
2009-07-05,single,37.75,20.580683621493254,,,
2009-07-06,single,41.75,22.711623798717152,,,
2009-07-07,single,45.5,25.0870137648149,,,
2009-07-08,single,45.75,31.813370617953215,,,
2009-07-09,single,46.25,32.49351570822976,,,
2009-07-10,single,44.25,34.50286587801847,,,
2009-07-11,single,45.0,35.52624026211825,,,
2009-07-12,single,46.5,29.421649239280008,,,
2009-07-13,single,44.0,26.225523341785777,,,
2009-07-14,single,47.25,23.226653012362394,,,
2009-07-15,single,49.25,19.949248400601473,,,
2009-07-16,single,51.75,22.22753836891868,,,
2009-07-17,single,48.25,25.804255225441672,,,
2009-07-18,single,49.0,27.485173312100496,,,
2009-07-19,single,47.75,31.81643121892756,,,
2009-07-20,single,48.75,35.67256546020508,,,
2009-07-21,single,47.5,31.142545700073242,,,
2009-07-22,single,40.5,28.432696602561258,,,
2009-07-23,single,45.0,35.614843888716265,,,
2009-07-24,single,45.75,38.303008339621805,,,
2009-07-25,single,46.5,39.417667388916016,,,
2009-07-26,single,46.5,30.685778877951883,,,
2009-07-27,single,49.0,27.759648062966086,,,
2009-07-28,single,46.0,30.8542537689209,,,
2009-07-29,single,47.0,30.26798005537553,,,
2009-07-30,single,50.5,28.497753836891867,,,
2009-07-31,single,51.75,27.9891414642334,,,
2009-08-01,single,52.75,30.109624689275567,,,
2009-08-02,single,51.5,28.60080406882546,,,
2009-08-03,single,47.75,29.430943055586383,,,
2009-08-04,single,46.25,26.0645545612682,,,
2009-08-05,single,46.25,20.265120939774945,,,
2009-08-06,single,51.5,21.68283462524414,,,
2009-08-07,single,50.75,23.144874225963246,,,
2009-08-08,single,55.0,25.176710995760832,,,
2009-08-09,single,57.0,26.34275904568759,,,
2009-08-10,single,57.0,23.400268728082832,,,
2009-08-11,single,55.5,28.970132307572797,,,
2009-08-12,single,54.25,30.257244977084074,,,
2009-08-13,single,52.75,26.840435201471504,,,
2009-08-14,single,55.25,30.99958575855602,,,
2009-08-15,single,54.75,35.240690057927914,,,
2009-08-16,single,53.5,32.24575701626864,,,
2009-08-17,double,35.0,17.86168844049627,50.75,32.660736083984375,10.249663959849965
2009-08-18,single,53.25,28.480838775634766,,,
2009-08-19,single,52.0,28.222887559370562,,,
2009-08-20,single,49.75,28.49372603676536,,,
2009-08-21,single,49.25,35.10950365933505,,,
2009-08-22,single,52.25,33.995839552445844,,,
2009-08-23,single,52.5,30.913298520174894,,,
2009-08-24,single,53.0,29.60057969526811,,,
2009-08-25,single,50.75,34.515268152410336,,,
2009-08-26,single,51.5,33.636171167547054,,,
2009-08-27,single,51.25,33.56286829168146,,,
2009-08-28,single,51.0,30.67760588906028,,,
2009-08-29,single,49.25,30.40022884715687,,,
2009-08-30,single,51.5,33.307025562633164,,,
2009-08-31,double,25.25,15.367536718195135,48.75,26.903803912076082,-1.8187084523114292
2009-09-01,single,50.0,36.76285830411044,,,
2009-09-02,single,50.25,37.63055419921875,,,
2009-09-03,single,49.75,37.0571042841131,,,
2009-09-04,single,53.0,30.75455665588379,,,
2009-09-05,single,50.25,32.12266869978471,,,
2009-09-06,single,46.25,29.43416508761319,,,
2009-09-07,double,26.0,15.06767463684082,58.0,26.275930924849078,1.5578910979357632
2009-09-08,double,25.75,16.460987784645774,62.0,23.220270677046344,5.802085573023016
2009-09-09,single,69.5,22.472766876220703,,,
2009-09-10,double,28.0,15.285598234696822,62.0,23.536456021395598,7.796514294364235
2009-09-11,double,28.75,19.286382154984906,63.25,31.07615991072221,-9.313237016851252
2009-09-12,double,29.75,20.752513365312055,70.25,27.12120108170943,-8.57585841959173
2009-09-13,single,31.5,21.336589986627754,,,
2009-09-14,single,34.25,22.257795507257637,,,
2009-09-15,double,30.25,19.21398301558061,64.5,24.286508906971324,6.216298536820845
2009-09-16,double,29.75,18.813057465986773,68.75,24.667053742842242,10.150514169172807
2009-09-17,double,34.25,18.437549764459785,60.5,21.224471699107777,10.682427926497025
2009-09-18,double,35.25,23.570776159113105,64.0,25.170909361405805,8.488398812033914
2009-09-19,double,34.5,20.694279410622336,66.25,26.101958881724965,9.87063234502619
2009-09-20,double,33.25,17.331127513538707,56.5,23.498105135830965,9.668036981062455
2009-09-21,double,34.25,16.160521247170188,59.0,27.380047711459074,4.870769153941762
2009-09-22,double,30.0,20.74186723882502,58.5,35.4091515974565,-2.3400716564872046
2009-09-23,double,30.0,20.208789998834785,58.5,43.497019334272906,-4.396357492967085
2009-09-24,double,31.25,22.120269601995293,56.0,32.55376919833097,-3.7179783474315298
2009-09-25,double,31.0,22.84172387556596,65.5,32.3308180028742,2.250580234961076
2009-09-26,double,29.75,22.397571737116035,66.5,40.73607704856179,5.246335246346214
2009-09-27,double,30.25,22.816198869185015,60.5,41.74988382512873,-2.4493850361217153
2009-09-28,double,29.5,19.032727328213777,61.25,46.910059148615055,-4.71347351507707
2009-09-29,double,34.0,17.77368874983354,59.5,33.64924586902965,-5.675899158824574
2009-09-30,double,32.75,20.864831404252485,64.25,31.840038993141867,0.4948469481684945
2010-05-01,double,22.75,27.42603371360085,70.5,23.16465204412287,8.143872651186856
2010-05-02,double,23.75,29.165302276611328,70.25,17.818817485462535,5.810305161909624
2010-05-03,single,25.0,26.82508624683727,,,
2010-05-04,double,29.25,25.531930229880594,64.0,16.431866385719992,5.096492637287486
2010-05-05,single,35.75,31.306669928810813,,,
2010-05-06,double,37.0,42.20598151467063,69.75,17.354231574318625,-5.704310243779963
2010-05-07,double,33.0,38.428770932284266,70.5,22.9407208182595,-10.38755902377042
2010-05-08,double,35.5,36.57108202847567,67.5,16.18454326282848,-10.76124113256281
2010-05-09,single,28.75,32.53670952536843,,,
2010-05-10,single,31.5,33.65892202203924,,,
2010-05-11,single,32.75,33.72167552601207,,,
2010-05-12,double,33.5,36.54837417602539,61.75,25.60468881780451,-4.504984118721702
2010-05-13,double,31.75,33.26264676180753,61.5,18.75197445262562,2.995238022370772
2010-05-14,single,29.5,28.143063285134055,,,
2010-05-15,single,39.25,27.769145965576172,,,
2010-05-16,single,39.0,34.64424098621715,,,
2010-05-17,single,37.5,32.11824105002663,,,
2010-05-18,single,34.0,27.952904614535246,,,
2010-05-19,single,38.75,21.38102201981978,,,
2010-05-20,single,37.25,22.661633925004438,,,
2010-05-21,double,33.25,23.782485268332742,68.5,15.932810349897904,6.697016282515093
2010-05-22,double,33.25,26.03981503573331,74.75,17.514225006103516,2.2483807043595747
2010-05-23,double,24.5,27.50212357260964,57.75,16.40211703560569,1.2629572911696
2010-05-24,double,25.5,30.48138965259899,52.0,20.72206601229581,1.7652312408794055
2010-05-25,double,25.25,30.99766731262207,53.25,18.934526096690785,12.488547932017934
2010-05-26,single,26.0,29.96410473910245,,,
2010-05-27,single,42.75,29.33445965160023,,,
2010-05-28,single,39.0,26.692081104625355,,,
2010-05-29,double,29.75,25.63151012767445,51.5,23.307098388671875,18.16576472195712
2010-05-30,double,30.25,23.43166229941628,46.5,22.8073243227872,15.84768009185791
2010-05-31,double,45.25,27.604177301580254,70.5,21.886824347756125,-2.214617512442849
2010-06-01,double,44.0,23.27446868202903,70.5,17.567901437932793,2.8644361712715845
2010-06-02,double,40.75,33.0501875443892,59.5,18.248929457231,3.7226977998560127
2010-06-03,double,40.0,27.484492908824574,61.25,16.716060638427734,1.695125471461903
2010-06-04,single,49.25,21.350304170088336,,,
2010-06-05,single,49.25,25.171326550570402,,,
2010-06-06,double,26.0,16.45865284312855,52.25,26.684844797307793,9.109897526827725
2010-06-07,double,25.75,15.547745617953213,53.75,29.05870888449929,6.653360800309614
2010-06-08,double,23.5,16.074576898054644,55.75,25.43335498463024,7.375202525745738
2010-06-09,double,24.25,18.251902493563566,58.25,22.653488852761008,6.197482412511652
2010-06-10,double,24.75,17.971288334239613,62.75,28.991093202070758,1.7619161930951206
2010-06-11,double,24.5,17.055721629749645,69.0,19.132754239169035,8.710144303061746
2010-06-12,double,24.5,19.44445124539462,54.25,33.06613731384277,1.8168065006082708
2010-06-13,double,25.25,22.265470851551402,55.25,27.96434714577415,5.544576298106801
2010-06-14,double,24.25,20.45648990977894,58.0,20.154820355502043,8.02943281693892
2010-06-15,double,24.5,17.447949149391867,39.5,16.692195892333984,9.873258937488902
2010-06-16,double,38.0,22.261206540194426,64.5,21.6712870164351,5.874997399070046
2010-06-17,double,31.5,21.965536637739703,65.5,24.1800462549383,-2.203593384135853
2010-06-18,double,33.75,25.52783810008656,74.5,21.096932649612427,0.9286164803938433
2010-06-19,single,34.75,27.611074447631836,,,
2010-06-20,double,34.25,25.56054791537198,65.5,18.15437837080522,8.08003061467951
2010-06-21,double,33.75,22.632666847922586,67.0,18.29592548717152,3.978973562067205
2010-06-22,double,39.25,19.373766118829902,53.5,16.009089383212004,9.309303890575062
2010-06-23,double,30.25,19.63675290888006,55.25,16.506976734508168,8.957332350990988
2010-06-24,single,29.75,21.692856528542258,,,
2010-06-25,single,28.25,23.669820958917793,,,
2010-06-26,single,28.25,22.555656259710137,,,
2010-06-27,double,32.5,19.998741323297676,51.5,17.76739640669389,10.988958532159979
2010-06-28,double,32.5,18.385813106190074,48.5,16.958422574129973,10.323477051474832
2010-06-29,single,49.5,26.528129404241387,,,
2010-06-30,single,48.75,28.657330773093484,,,
2010-07-01,single,49.5,28.049496043812145,,,
2010-07-02,single,51.75,28.282696290449664,,,
2010-07-03,single,52.0,26.673809398304332,,,
2010-07-04,single,51.25,29.342469128695402,,,
2010-07-05,single,51.0,28.33648092096502,,,
2010-07-06,single,51.75,30.26057278026234,,,
2010-07-07,single,51.25,29.50226540998979,,,
2010-07-08,single,53.25,23.120345722545277,,,
2010-07-09,single,56.0,25.798051660711113,,,
2010-07-10,single,57.0,26.825194098732688,,,
2010-07-11,single,55.5,21.465022693980824,,,
2010-07-12,single,51.75,26.752067392522637,,,
2010-07-13,double,49.75,20.607766931707207,69.25,16.396782008084383,10.78804180838845
2010-07-14,single,46.75,17.938556671142578,,,
2010-07-15,double,47.75,23.729088349775836,71.0,15.580608107826926,-0.4465124816633761
2010-07-16,single,48.5,20.64492433721369,,,
2010-07-17,single,49.5,25.24566650390625,,,
2010-07-18,double,48.0,24.021442239934746,74.75,24.224897112165177,1.3260455348274924
2010-07-19,double,47.75,23.885027451948687,67.25,20.565996863625266,-0.36818103248846124
2010-07-20,double,47.0,21.70339410955256,67.25,19.186584992842242,6.6675145409323955
2010-07-21,double,46.5,17.31648687882857,66.5,18.82890579917214,6.579038533297452
2010-07-22,double,46.5,19.048606699163262,71.25,18.911974126642402,9.368230212818492
2010-07-23,double,54.0,22.563888376409356,68.0,17.822105927900836,4.0370754328641025
2010-07-24,double,38.0,18.192331660877574,57.25,20.798868005925957,11.01522159576416
2010-07-25,single,35.25,19.381384069269355,,,
2010-07-26,double,34.0,16.592388846657492,53.75,20.064538955688477,9.909792813387783
2010-07-27,single,53.0,18.64057748967951,,,
2010-07-28,single,50.75,17.827470085837625,,,
2010-07-29,single,51.5,18.78935259038752,,,
2010-07-30,single,54.75,25.922642967917703,,,
2010-07-31,single,55.5,26.87816047668457,,,
2010-08-01,single,57.25,23.076500632546164,,,
2010-08-02,single,56.5,27.906221736561168,,,
2010-08-03,single,53.75,28.90453962846236,,,
2010-08-04,single,52.0,24.382240295410156,,,
2010-08-05,single,50.0,18.73396145213734,,,
2010-08-06,single,53.25,18.6858133836226,,,
2010-08-07,single,49.25,18.006389791315254,,,
2010-08-08,single,49.25,19.384438948197797,,,
2010-08-09,single,49.75,24.025279998779297,,,
2010-08-10,double,51.0,27.004425742409445,72.5,26.030803853815254,-5.2805844220248135
2010-08-11,double,50.5,25.114440397782758,72.5,22.334509242664684,1.044218117540533
2010-08-12,double,54.5,16.185840780084785,71.25,20.7878887870095,8.441824046048252
2010-08-13,double,42.25,17.75880310752175,71.5,23.502844376997515,3.6469580043445933
2010-08-14,double,38.75,15.89896280115301,70.25,24.96641124378551,1.1241405714641919
2010-08-15,double,53.5,18.07916190407493,72.75,23.427141189575195,3.4260482354597612
2010-08-16,double,53.75,22.6199068589644,72.75,19.305204738270152,4.766828580336138
2010-08-17,double,51.0,23.066388043490324,73.25,18.161276730624113,3.509924801913175
2010-08-18,single,50.0,29.227216893976387,,,
2010-08-19,single,50.25,28.449175747958098,,,
2010-08-20,single,43.75,25.030190207741477,,,
2010-08-21,single,42.0,25.795352762395684,,,
2010-08-22,single,42.75,25.23294587568803,,,
2010-08-23,single,43.5,28.002931594848633,,,
2010-08-24,single,44.5,27.241932435469195,,,
2010-08-25,single,52.25,28.67165756225586,,,
2010-08-26,single,43.75,25.895658146251332,,,
2010-08-27,single,48.25,27.351567181673918,,,
2010-08-28,double,47.5,26.4584433815696,61.25,18.320568778298117,8.752975897355514
2010-08-29,single,45.25,24.283378080888227,,,
2010-08-30,double,46.75,27.029464721679688,66.5,21.839643304998223,3.797864458777688
2010-08-31,single,43.75,24.969482248479668,,,
2010-09-01,single,39.75,23.433618025346235,,,
2010-09-02,single,44.5,19.372373407537285,,,
2010-09-03,single,48.25,24.359351071444426,,,
2010-09-04,single,48.25,31.350485714999113,,,
2010-09-05,single,47.5,29.837552504106,,,
2010-09-06,single,47.0,30.812630740079012,,,
2010-09-07,single,47.5,34.59799853238192,,,
2010-09-08,single,47.5,32.919219277121805,,,
2010-09-09,single,47.5,28.492482272061434,,,
2010-09-10,single,51.75,24.17873139814897,,,
2010-09-11,double,30.75,16.37125474756414,57.5,25.940881729125977,9.222230824557217
2010-09-12,single,57.0,28.318837946111504,,,
2010-09-13,double,32.75,15.17711422660134,57.75,36.16411937366832,2.072948228229176
2010-09-14,double,34.0,16.198883923617277,57.0,30.650604941628195,0.34104681912470947
2010-09-15,single,51.5,27.08204425464977,,,
2010-09-16,single,50.5,28.207820545543324,,,
2010-09-17,single,50.0,27.358139038085938,,,
2010-09-18,single,51.75,31.081674402410332,,,
2010-09-19,single,51.75,27.015220988880504,,,
2010-09-20,single,53.5,24.15095363963734,,,
2010-09-21,double,36.75,18.428390849720348,58.25,29.50175614790483,12.166657794605602
2010-09-22,double,36.0,21.196927677501332,66.5,23.466171611439098,11.318937041542746
2010-09-23,single,48.25,21.433477228338067,,,
2010-09-24,single,45.75,22.031600605357777,,,
2010-09-25,single,48.25,22.054644844748758,,,
2010-09-26,single,47.25,25.058210026134144,,,
2010-09-27,single,44.25,30.946213808926668,,,
2010-09-28,single,45.75,23.61575664173473,,,
2010-09-29,single,52.25,28.65690699490634,,,
2010-09-30,single,49.0,34.65105022083629,,,
2011-05-01,double,26.5,33.113995638760656,47.5,20.108470396562055,11.583704688332297
2011-05-02,double,24.0,32.22848476063121,48.25,21.028019298206676,15.747890038923783
2011-05-03,single,23.0,35.08738188310103,,,
2011-05-04,single,23.0,35.854252555153586,,,
2011-05-05,double,24.5,35.95842361450195,54.5,21.95313765785911,9.845480745488947
2011-05-06,double,25.0,36.18501108342951,51.0,23.788295225663617,10.388153509660201
2011-05-07,double,21.75,33.23128821633079,43.25,23.700062144886363,15.819128209894354
2011-05-08,double,26.0,28.024281415072355,43.0,23.889868476174094,15.376076004721902
2011-05-09,double,20.25,33.2340453011649,44.5,15.595993735573508,10.411599766124379
2011-05-10,double,22.25,33.12590581720526,50.5,16.669083508578215,3.2693522626703437
2011-05-11,double,23.75,33.42774131081321,54.25,23.719051534479316,2.9846764477816494
2011-05-12,double,22.25,35.36675297130238,53.25,30.77965667031028,1.922669995914806
2011-05-13,double,23.75,33.5668813532049,53.75,27.736305583607066,5.8010761087591
2011-05-14,double,25.25,29.58743563565341,56.75,23.58140824057839,8.082476095719771
2011-05-15,double,25.0,29.67215312610973,55.0,24.130688753995027,7.411574623801491
2011-05-16,double,27.75,26.412632161920722,57.0,30.5671048597856,5.618091496554288
2011-05-17,double,28.25,23.589304837313566,55.75,35.53036533702504,0.19415532052516937
2011-05-18,double,27.75,25.19552820379084,56.25,36.32895244251598,1.201734017242085
2011-05-19,double,31.0,24.646183707497336,54.5,30.761783599853516,4.231165235692805
2011-05-20,double,24.75,24.279518821022727,52.75,31.489036560058594,8.401290286671031
2011-05-21,double,27.0,25.852822737260297,52.0,30.185019059614703,8.55388051813299
2011-05-22,double,24.25,26.64580674604936,51.0,33.694855429909445,6.5541204105723985
2011-05-23,double,24.0,28.329084569757637,52.5,36.30598310990767,4.486187154596502
2011-05-24,double,24.0,27.125535097989168,55.0,34.161198355934836,0.9843827106735923
2011-05-25,double,25.75,26.831676829944957,55.75,30.1084058934992,0.7931402461095289
2011-05-26,double,26.25,25.211048473011363,56.0,25.811655738136984,0.7917719158259305
2011-05-27,double,27.25,24.021744467995383,56.75,38.961383472789414,-1.8860539577224038
2011-05-28,double,24.0,24.703147714788262,55.75,41.97413635253906,-2.810991894115101
2011-05-29,double,25.5,24.548582770607688,56.0,39.18864891745827,-1.3576540784402327
2011-05-30,double,25.0,26.210433266379617,58.75,30.880054473876953,5.108292666348544
2011-05-31,double,25.25,26.42736088145863,56.5,21.427865982055664,8.359176895835184
2011-06-01,double,24.75,26.12728604403409,58.25,26.486528396606445,5.229917656291615
2011-06-02,double,24.0,24.425710678100586,61.5,30.160735910589043,1.519806276668202
2011-06-03,double,24.5,20.930645335804332,64.5,25.87819515575062,-5.0997678149830215
2011-06-04,double,26.25,23.179827776822176,61.25,25.276759581132367,-8.677763158624822
2011-06-05,double,28.0,25.17928799715909,61.75,23.973500685258344,-5.599518342451616
2011-06-06,double,30.5,26.290827317671344,63.25,18.467581142078746,1.4427801695736973
2011-06-07,single,32.5,24.138574947010387,,,
2011-06-08,single,32.75,24.644998030229047,,,
2011-06-09,single,33.5,24.101905129172586,,,
2011-06-10,single,32.75,23.826696395874023,,,
2011-06-11,single,37.25,22.512497988614168,,,
2011-06-12,single,41.75,27.56885528564453,,,
2011-06-13,double,41.75,29.679312272505328,53.5,20.25953518260609,13.28641163219105
2011-06-14,single,47.0,23.90081249583851,,,
2011-06-15,single,48.5,28.41537822376598,,,
2011-06-16,single,49.0,33.71354814009233,,,
2011-06-17,single,51.0,28.903314763849433,,,
2011-06-18,single,47.0,29.65717280994762,,,
2011-06-19,single,45.75,29.797414779663086,,,
2011-06-20,double,25.75,15.00574779510498,46.5,32.62310808355158,6.6861605210737745
2011-06-21,single,46.25,30.627715370871805,,,
2011-06-22,single,46.25,26.242690693248402,,,
2011-06-23,single,46.25,27.209629579023883,,,
2011-06-24,single,53.75,25.01969424161044,,,
2011-06-25,single,55.75,25.956654808738016,,,
2011-06-26,single,56.0,20.501609455455434,,,
2011-06-27,double,44.75,17.43257557262074,60.25,19.10597038269043,10.424246874722568
2011-06-28,single,44.25,17.653784665194426,,,
2011-06-29,single,41.75,17.621097911487926,,,
2011-06-30,single,39.5,19.061405008489434,,,
2011-07-01,double,47.75,24.199954986572266,66.75,15.648155732588334,2.4325767647136343
2011-07-02,double,46.0,23.90532649647106,68.5,17.07434879649769,-0.19579643430188298
2011-07-03,single,50.5,23.82692389054732,,,
2011-07-04,single,46.5,19.907601443204012,,,
2011-07-05,double,47.5,24.48744808543812,66.75,15.629058664495295,1.6727745532989502
2011-07-06,double,47.75,27.256725311279297,69.0,22.198305476795543,-5.646379514174028
2011-07-07,double,46.0,23.116739099675957,70.75,20.20514020052823,-6.197154738686302
2011-07-08,single,46.25,25.390356930819426,,,
2011-07-09,single,48.25,26.948009144176137,,,
2011-07-10,single,46.0,22.488890734585848,,,
2011-07-11,single,50.25,21.761937401511453,,,
2011-07-12,single,52.25,23.88286815990101,,,
2011-07-13,single,49.25,22.344219727949664,,,
2011-07-14,single,51.5,22.918060649525035,,,
2011-07-15,single,55.25,32.26833811673251,,,
2011-07-16,single,57.75,21.4964072487571,,,
2011-07-17,single,55.0,21.304133848710492,,,
2011-07-18,double,46.0,18.796767148104582,70.25,16.033322420987215,5.8127993236888535
2011-07-19,single,49.5,20.827444249933418,,,
2011-07-20,single,41.5,19.162357156926934,,,
2011-07-21,single,44.25,19.648502349853516,,,
2011-07-22,single,44.75,18.141937255859375,,,
2011-07-23,double,47.25,20.30700094049627,70.75,15.600624084472656,-0.596377659927715
2011-07-24,double,35.5,19.58546950600364,53.75,18.3419527574019,12.716622179204768
2011-07-25,double,34.75,16.53533632105047,48.5,15.947227217934348,9.758033925836736
2011-07-26,single,41.25,15.081573833118785,,,
2011-07-27,single,42.75,18.122563448819246,,,
2011-07-28,single,49.5,19.82568948919123,,,
2011-07-29,single,42.25,16.441515835848723,,,
2011-07-30,single,43.25,17.836926546963777,,,
2011-07-31,single,46.0,18.490577004172586,,,
2011-08-01,single,46.5,19.122296766801313,,,
2011-08-02,single,49.0,20.155967365611684,,,
2011-08-03,single,46.0,24.25878195329146,,,
2011-08-04,single,45.5,25.986954255537555,,,
2011-08-05,single,47.25,28.156226071444426,,,
2011-08-06,single,48.0,27.20445407520641,,,
2011-08-07,single,47.75,26.315411134199664,,,
2011-08-08,single,48.75,23.80068050731312,,,
2011-08-09,single,52.75,21.621157039295543,,,
2011-08-10,single,50.5,23.663806568492543,,,
2011-08-11,single,51.25,26.57503925670277,,,
2011-08-12,single,49.0,30.164479515769266,,,
2011-08-13,single,49.5,34.220514817671344,,,
2011-08-14,double,50.75,33.32472749189897,73.25,16.845001567493785,-1.6859943758357654
2011-08-15,single,51.0,31.754995692859996,,,
2011-08-16,single,51.5,33.53340010209517,,,
2011-08-17,single,53.5,30.063771681352094,,,
2011-08-18,single,51.75,31.051004236394707,,,
2011-08-19,single,51.75,34.79225019975142,,,
2011-08-20,single,49.5,26.337040120905097,,,
2011-08-21,single,55.75,25.432642329822887,,,
2011-08-22,single,54.0,30.074486645785246,,,
2011-08-23,single,54.75,20.33776317943226,,,
2011-08-24,double,49.0,20.082943482832476,68.75,19.955129103227094,6.48370985551314
2011-08-25,double,47.25,20.020321412519976,71.5,18.741730603304777,10.247700084339488
2011-08-26,double,44.0,16.495791868730024,66.5,18.218793869018555,9.960323160344904
2011-08-27,double,45.5,19.44209064136852,70.0,26.123716354370117,3.880672064694491
2011-08-28,double,50.75,20.29359418695623,71.75,24.26547535982999,-0.8781705522401766
2011-08-29,single,53.75,26.608740373091265,,,
2011-08-30,single,53.75,23.962115027687766,,,
2011-08-31,single,54.5,28.8648664301092,,,
2011-09-01,single,53.25,30.350570158524945,,,
2011-09-02,single,55.0,26.180248607288707,,,
2011-09-03,single,53.75,22.726504239169035,,,
2011-09-04,single,54.0,25.934738159179688,,,
2011-09-05,single,54.25,33.46905725652521,,,
2011-09-06,single,53.5,43.36964867331765,,,
2011-09-07,single,54.75,41.895327828147195,,,
2011-09-08,single,52.25,36.67023745450106,,,
2011-09-09,single,47.75,34.77111677689986,,,
2011-09-10,single,48.0,36.27254590121183,,,
2011-09-11,single,46.5,30.517628409645774,,,
2011-09-12,single,53.0,34.547345941716976,,,
2011-09-13,single,52.5,32.45287461714311,,,
2011-09-14,single,52.5,30.44700189070268,,,
2011-09-15,single,53.5,31.101167332042348,,,
2011-09-16,double,52.5,34.58790241588246,73.5,17.89092306657271,3.7647160183299673
2011-09-17,single,50.75,30.57016962224787,,,
2011-09-18,single,53.75,28.3582219210538,,,
2011-09-19,single,55.5,29.45310332558372,,,
2011-09-20,single,56.25,34.63350712169301,,,
2011-09-21,single,56.25,32.01752211830833,,,
2011-09-22,double,32.5,17.87639669938521,55.25,27.027375828136098,11.90831271084872
2011-09-23,single,49.75,24.654822783036664,,,
2011-09-24,single,43.5,22.09144991094416,,,
2011-09-25,single,51.75,25.943862568248402,,,
2011-09-26,single,51.5,28.66361427307129,,,
2011-09-27,single,59.25,23.115151838822797,,,
2011-09-28,double,39.25,21.983733437278055,65.25,23.160815499045633,3.393136804754084
2011-09-29,double,37.0,20.51919226212935,68.5,20.379635724154387,2.7181250182065098
2011-09-30,double,56.5,17.891625837846235,70.0,17.316183957186613,11.482281944968484
2012-05-01,double,31.25,31.761810302734375,66.25,31.6500301361084,-6.116820682178844
2012-05-02,double,26.25,33.07278754494407,65.25,32.76418200406161,-12.324685183438389
2012-05-03,double,31.0,36.09147852117365,62.25,30.337203632701527,-17.310849276455965
2012-05-04,double,31.25,36.562524275346235,60.75,19.349402687766336,-8.420729116960006
2012-05-05,single,34.75,35.059673656116836,,,
2012-05-06,single,35.75,31.035424492575906,,,
2012-05-07,single,33.5,30.454106417569246,,,
2012-05-08,single,31.75,29.455351742831144,,,
2012-05-09,single,30.5,23.745362888682973,,,
2012-05-10,double,23.0,24.02695031599565,52.0,26.786366549405184,6.382608326998624
2012-05-11,double,25.0,23.345707806673918,57.0,33.577857971191406,-1.2123874046585776
2012-05-12,double,25.5,20.90850084478205,58.75,33.86217984286222,0.6655206138437445
2012-05-13,double,25.25,19.891327077692207,58.75,32.79367602955211,3.1248207092285156
2012-05-14,double,30.5,19.545915083451703,60.25,22.297577597878195,4.503015864979137
2012-05-15,double,26.75,21.66564213145863,54.5,19.792278636585582,9.226677114313299
2012-05-16,double,26.5,23.96137272227894,55.75,18.502189462835137,12.599259289828213
2012-05-17,single,29.5,23.207089337435637,,,
2012-05-18,single,31.75,25.870990579778496,,,
2012-05-19,single,30.25,25.766000747680664,,,
2012-05-20,single,37.75,25.60436873002486,,,
2012-05-21,single,37.0,32.695208289406516,,,
2012-05-22,single,36.25,33.08895076404918,,,
2012-05-23,single,35.75,28.16253731467507,,,
2012-05-24,single,32.25,24.74468820745295,,,
2012-05-25,double,30.5,23.420204335992988,71.25,18.780488967895508,-3.7043714740059595
2012-05-26,double,30.0,22.919551502574574,66.5,25.8237023787065,-6.515274524688721
2012-05-27,double,29.25,22.073209068991922,69.0,32.41119454123757,-11.357902440157803
2012-05-28,double,25.0,23.685185519131746,39.5,27.78572620045055,18.666574824940074
2012-05-29,single,40.25,29.657201420177113,,,
2012-05-30,single,28.25,22.789946816184305,,,
2012-05-31,single,31.75,20.789311669089578,,,
2012-06-01,single,23.75,19.627559141679242,,,
2012-06-02,double,23.0,20.9835411418568,44.75,25.23509441722523,10.171097495339133
2012-06-03,single,40.0,21.91811110756614,,,
2012-06-04,double,20.5,15.299100399017334,42.5,25.075658104636453,10.011577952991832
2012-06-05,double,21.5,17.038734262639824,42.25,26.284202922474254,6.094661062413996
2012-06-06,double,21.75,16.471480889753863,43.5,30.869267376986418,4.716655080968684
2012-06-07,single,43.75,32.653738888827235,,,
2012-06-08,single,45.0,32.17938301780007,,,
2012-06-09,single,45.5,33.162544597278945,,,
2012-06-10,single,45.25,40.91613908247514,,,
2012-06-11,single,44.0,34.545549566095524,,,
2012-06-12,double,20.5,15.32166600227356,43.0,28.97456221147017,6.038828156211159
2012-06-13,single,43.5,23.303070241754707,,,
2012-06-14,single,45.5,24.338552821766246,,,
2012-06-15,single,46.25,19.456058848987926,,,
2012-06-16,double,37.5,19.701049284501508,52.0,20.352155685424805,8.329373749819668
2012-06-17,double,38.25,21.893443367697976,50.25,25.234873338179156,9.227974631569602
2012-06-18,single,37.75,22.086543516679242,,,
2012-06-19,single,39.0,23.511719963767312,,,
2012-06-20,single,39.25,23.702402288263496,,,
2012-06-21,single,41.75,23.24299292130904,,,
2012-06-22,single,46.75,21.424747293645684,,,
2012-06-23,double,50.75,24.558333136818625,70.5,16.872363003817473,-7.982759909196333
2012-06-24,double,51.5,24.267795736139472,72.25,15.276995745572178,-0.6314719458195296
2012-06-25,single,51.25,21.679795351895418,,,
2012-06-26,single,47.75,19.70752577348189,,,
2012-06-27,single,53.0,18.42983089793812,,,
2012-06-28,double,43.0,19.0745305148038,62.5,19.302492315118965,11.420933896845037
2012-06-29,single,48.75,17.478607524525035,,,
2012-06-30,single,50.75,25.281334443525836,,,
2012-07-01,single,49.0,26.773434205488726,,,
2012-07-02,single,49.5,22.59001246365634,,,
2012-07-03,double,50.0,20.079225540161133,65.5,18.767770247025922,9.646531625227494
2012-07-04,single,67.25,16.77126225558194,,,
2012-07-05,single,63.75,16.68440107865767,,,
2012-07-06,double,38.75,19.175689350474965,67.75,19.837717403065074,0.5470395602963187
2012-07-07,double,38.5,17.988766410134055,69.25,25.67826201698997,0.8584345795891501
2012-07-08,double,45.25,16.308347702026367,69.0,27.472089940851387,-2.6617307554591787
2012-07-09,double,45.0,21.343003012917258,69.25,18.55023730884899,0.05440069938247854
2012-07-10,single,43.5,24.217057314786043,,,
2012-07-11,single,48.25,37.121217554265804,,,
2012-07-12,single,48.5,46.339411648837,,,
2012-07-13,single,47.0,43.449436534534804,,,
2012-07-14,single,48.5,38.16080162741921,,,
2012-07-15,single,46.75,32.809851906516336,,,
2012-07-16,single,46.0,28.255102330988105,,,
2012-07-17,single,49.5,32.997297286987305,,,
2012-07-18,single,51.5,35.65594759854403,,,
2012-07-19,single,50.25,37.66347295587713,,,
2012-07-20,single,50.75,30.28110590848056,,,
2012-07-21,single,45.25,23.112314917824484,,,
2012-07-22,single,63.25,22.890207810835406,,,
2012-07-23,single,60.25,29.108070026744496,,,
2012-07-24,single,62.0,28.811494480479848,,,
2012-07-25,single,62.0,25.84443612532182,,,
2012-07-26,single,59.75,20.797732266512785,,,
2012-07-27,none,,,,,
2012-07-28,single,49.5,19.48343710465865,,,
2012-07-29,single,48.5,27.4871488050981,,,
2012-07-30,single,48.75,31.998672832142223,,,
2012-07-31,single,43.5,23.77256792241877,,,
2012-08-01,single,43.0,23.36029156771573,,,
2012-08-02,double,45.75,24.168542861938477,73.0,15.994283416054465,3.201856634833596
2012-08-03,double,46.75,23.40218804099343,69.25,21.51595774563876,-2.3144530816511675
2012-08-04,double,45.25,19.87147955460982,72.0,17.649032072587445,2.5525160269303755
2012-08-05,single,52.25,20.14528343894265,,,
2012-08-06,single,49.75,21.416540492664684,,,
2012-08-07,double,33.5,15.638947920365768,51.5,17.870290236039594,6.002911697734486
2012-08-08,double,32.25,15.333080725236373,51.75,17.107233914462004,8.096312999725342
2012-08-09,single,46.5,15.838006453080611,,,
2012-08-10,double,42.5,22.12234132940119,71.5,15.35908404263583,7.713490442796187
2012-08-11,double,47.25,24.792524164373223,72.75,16.13710169358687,2.4530945040962915
2012-08-12,single,46.0,29.121721787886187,,,
2012-08-13,single,45.5,28.827436273748223,,,
2012-08-14,single,46.25,27.511845848777078,,,
2012-08-15,double,45.0,30.611705259843305,74.25,17.24884753757053,-2.726570411161943
2012-08-16,single,44.5,29.802926323630594,,,
2012-08-17,single,41.5,20.212659662420098,,,
2012-08-18,single,37.25,16.18389927257191,,,
2012-08-19,single,50.5,16.646365772594105,,,
2012-08-20,single,48.0,24.018496253273703,,,
2012-08-21,single,50.0,32.52703909440474,,,
2012-08-22,double,50.0,40.35983553799716,72.0,16.484581167047676,2.286753849549727
2012-08-23,single,48.5,40.232281077991836,,,
2012-08-24,single,46.75,40.18967333706942,,,
2012-08-25,single,48.0,36.66607041792436,,,
2012-08-26,single,44.25,31.162776947021484,,,
2012-08-27,single,42.0,26.47997942837802,,,
2012-08-28,single,49.5,26.801271438598633,,,
2012-08-29,single,48.0,25.826027956875887,,,
2012-08-30,single,43.0,21.75946755842729,,,
2012-08-31,single,59.25,22.39468678561124,,,
2012-09-01,single,55.5,29.454939582131125,,,
2012-09-02,single,57.5,32.229622233997695,,,
2012-09-03,single,57.75,29.54692875255238,,,
2012-09-04,single,57.25,33.67319107055664,,,
2012-09-05,single,58.25,36.9019626270641,,,
2012-09-06,double,27.25,15.072818235917525,60.25,35.84104746038263,6.036152319474653
2012-09-07,single,62.5,35.92800799283114,,,
2012-09-08,double,33.75,16.935007268732246,61.0,31.122678409923207,6.470084883949974
2012-09-09,single,55.25,24.74378030950373,,,
2012-09-10,single,58.0,29.89878168973056,,,
2012-09-11,single,59.0,33.093076185746625,,,
2012-09-12,double,31.75,15.35281666842374,61.75,27.319717754017223,2.352861751209606
2012-09-13,double,29.25,15.83185898173939,60.5,37.28806339610707,3.052023107355291
2012-09-14,double,34.75,17.26739605990323,59.25,36.800772580233485,-1.27779099074277
2012-09-15,double,34.5,21.176709608598188,59.5,35.262100566517226,4.169005350633101
2012-09-16,double,33.5,20.479986017400567,55.5,31.713684602217242,5.4197421940890225
2012-09-17,double,35.0,17.011246421120383,55.0,32.85090325095437,9.709975416010076
2012-09-18,double,36.75,16.263188448819246,53.0,29.89139348810369,8.363678758794611
2012-09-19,single,59.25,25.039586327292703,,,
2012-09-20,single,56.75,26.328603050925516,,,
2012-09-21,single,53.75,33.45595307783647,,,
2012-09-22,single,53.25,33.33413245461204,,,
2012-09-23,single,54.25,35.03238227150657,,,
2012-09-24,single,55.25,22.740615497935902,,,
2012-09-25,double,45.0,22.115844899957832,74.25,27.52529525756836,7.741246050054377
2012-09-26,single,56.75,20.494338295676492,,,
2012-09-27,double,27.0,16.269762992858887,57.0,29.77396583557129,5.2221622900529345
2012-09-28,double,27.75,15.286468765952371,53.0,30.244248476895418,5.766450058330189
2012-09-29,single,51.25,33.59763995083895,,,
2012-09-30,double,28.0,15.623147184198553,56.0,30.714908946644176,4.298375801606611
2013-05-01,double,23.5,37.43673879450018,56.0,27.128999363292348,4.8842243714766065
2013-05-02,double,27.0,33.023048400878906,70.0,19.50748530301181,3.5186440727927466
2013-05-03,double,30.0,34.576746853915125,61.5,35.63776883212003,-3.77036359093406
2013-05-04,double,32.25,35.62553613836115,59.0,40.0109089938077,-4.011469927701083
2013-05-05,double,31.75,32.9758186340332,59.5,29.385231018066406,2.224412365393205
2013-05-06,double,26.5,30.790339383212004,63.0,23.569535342129793,11.743532094088467
2013-05-07,double,25.0,28.308257883245293,65.0,25.44983707774769,12.630852959372781
2013-05-08,double,24.25,24.470672260631215,68.0,24.688753128051758,11.433917739174582
2013-05-09,double,27.0,23.346534208817914,51.5,19.127498106522992,12.343843546780674
2013-05-10,double,30.0,24.475092974576082,56.75,26.05061895197088,8.583493579517711
2013-05-11,double,27.0,27.48518111489036,57.0,29.01479738408869,5.803364103490656
2013-05-12,double,29.0,29.420690189708363,57.0,32.67330134998668,4.890727303244851
2013-05-13,double,31.0,27.933503064242277,54.75,28.71680311723189,0.9784663075750525
2013-05-14,double,24.75,28.473759911277078,55.25,25.305804686112836,2.620871218768033
2013-05-15,double,27.75,34.32179503007369,60.5,34.66260736638849,5.086962699890137
2013-05-16,double,27.0,34.010466142134234,63.0,19.784338691017844,10.008043202486904
2013-05-17,double,24.75,27.4119873046875,39.5,23.894649158824574,17.320988394997336
2013-05-18,double,38.0,24.473649978637695,72.75,19.218603480945934,1.7216058319265193
2013-05-19,single,25.0,25.8771428194913,,,
2013-05-20,double,24.5,28.14424532110041,58.0,17.663855986161664,1.3133823438124224
2013-05-21,double,27.75,26.45151051607999,59.25,20.376168337735262,4.34192063591697
2013-05-22,single,30.0,27.45894830877131,,,
2013-05-23,double,30.25,30.44306113503196,50.25,19.182701457630504,10.845683791420676
2013-05-24,single,30.5,31.056692643599078,,,
2013-05-25,double,31.25,30.049836072054777,58.0,20.994911887428977,8.588054050098766
2013-05-26,double,29.0,27.862577785145152,57.0,28.148569280450996,6.576990387656472
2013-05-27,single,26.25,24.568599527532403,,,
2013-05-28,single,30.5,21.108935269442473,,,
2013-05-29,single,31.0,22.166960109363902,,,
2013-05-30,double,30.5,25.11290307478471,54.0,17.756589542735707,8.338082573630594
2013-05-31,double,26.75,24.398893009532582,55.75,18.831033186479047,8.55318459597501
2013-06-01,single,27.0,26.904803536155008,,,
2013-06-02,single,27.25,26.035825209184125,,,
2013-06-03,single,29.75,22.571047696200285,,,
2013-06-04,single,32.0,22.55507417158647,,,
2013-06-05,single,30.75,23.59407563643022,,,
2013-06-06,single,33.25,24.32161920720881,,,
2013-06-07,single,31.75,20.38783125443892,,,
2013-06-08,single,49.5,21.46451187133789,,,
2013-06-09,single,46.5,24.435447692871094,,,
2013-06-10,single,43.25,30.590689225630328,,,
2013-06-11,single,43.0,31.951275045221504,,,
2013-06-12,double,26.75,15.451453122225674,47.0,31.04900429465554,9.84377314827659
2013-06-13,single,46.5,29.733624198219992,,,
2013-06-14,single,47.75,30.638704993508078,,,
2013-06-15,single,50.5,34.36662916703658,,,
2013-06-16,single,53.25,29.77467016740279,,,
2013-06-17,single,53.25,30.516178304498847,,,
2013-06-18,single,53.75,33.51405785300515,,,
2013-06-19,single,52.75,28.27962337840687,,,
2013-06-20,single,55.25,23.74030078541149,,,
2013-06-21,double,51.5,25.89616480740634,64.25,16.804935802112926,11.323917388916016
2013-06-22,single,50.25,27.77896534312855,,,
2013-06-23,single,51.0,25.90409937771884,,,
2013-06-24,single,51.25,25.26688176935369,,,
2013-06-25,single,53.25,21.05091025612571,,,
2013-06-26,single,54.25,16.324623801491477,,,
2013-06-27,double,35.75,15.151942513205789,54.0,17.929180665449664,6.413699756969105
2013-06-28,single,58.0,25.45444765957919,,,
2013-06-29,single,55.0,21.667408856478605,,,
2013-06-30,single,52.75,28.0688006661155,,,
2013-07-01,single,52.75,33.41891167380593,,,
2013-07-02,single,52.0,32.982608101584695,,,
2013-07-03,single,57.0,25.643593528053977,,,
2013-07-04,single,55.5,28.12438271262429,,,
2013-07-05,single,56.5,24.46469463001598,,,
2013-07-06,single,58.0,24.886045455932617,,,
2013-07-07,single,63.75,23.740401528098367,,,
2013-07-08,single,67.75,23.1921931180087,,,
2013-07-09,single,73.0,22.36566873030229,,,
2013-07-10,none,,,,,
2013-07-11,single,58.75,15.082073124972256,,,
2013-07-12,single,58.75,16.808609355579723,,,
2013-07-13,double,35.5,15.318537278608842,60.75,25.815520546653055,3.957925796508789
2013-07-14,double,36.5,17.147669532082297,59.0,30.755475304343484,-1.4905252673409202
2013-07-15,double,36.5,17.3416071805087,59.5,25.99256012656472,3.016904028979215
2013-07-16,double,35.5,18.06768001209606,58.5,21.903067155317828,6.693393880670721
2013-07-17,double,35.5,17.616402192549273,63.5,17.952139420942828,9.890309767289596
2013-07-18,double,34.5,17.139399441805754,63.75,21.97724082253196,8.36103968186812
2013-07-19,double,42.25,20.007198853926226,68.5,17.365388870239258,4.642173983834007
2013-07-20,double,42.5,18.197033968838777,67.75,22.1898210698908,3.663456526669589
2013-07-21,single,40.25,16.295302911238238,,,
2013-07-22,double,49.75,23.370237177068535,71.75,17.021848158402875,-1.4217926480553367
2013-07-23,double,48.25,30.349863225763496,72.5,17.833575162020598,-6.158599289980802
2013-07-24,double,47.0,26.464528517289594,74.75,16.269520350864955,-4.14423580603166
2013-07-25,double,51.5,22.191302732987836,70.5,15.408382415771484,-0.8215524066578258
2013-07-26,double,54.75,24.115625034679066,74.25,16.295836130777996,0.5853190692988309
2013-07-27,single,55.5,28.84508618441495,,,
2013-07-28,single,52.0,20.013145273382012,,,
2013-07-29,single,49.75,26.143308986317027,,,
2013-07-30,single,51.25,24.853986046530984,,,
2013-07-31,single,54.5,21.13387749411843,,,
2013-08-01,single,55.0,18.773605693470348,,,
2013-08-02,single,47.0,20.841616197065875,,,
2013-08-03,single,48.0,24.702305013483222,,,
2013-08-04,single,48.75,26.804734316739168,,,
2013-08-05,single,51.75,28.966514760797676,,,
2013-08-06,single,55.0,22.51119474931197,,,
2013-08-07,single,56.25,20.11259685863148,,,
2013-08-08,single,51.5,30.173261122270063,,,
2013-08-09,single,52.0,28.794722990556195,,,
2013-08-10,single,53.25,30.04575694691051,,,
2013-08-11,single,52.5,29.86919559131969,,,
2013-08-12,single,53.0,28.087277325716887,,,
2013-08-13,single,51.0,31.616070660677824,,,
2013-08-14,single,51.75,36.21229102394798,,,
2013-08-15,single,52.0,35.81266403198242,,,
2013-08-16,single,53.5,31.21665521101518,,,
2013-08-17,single,51.5,33.25227182561701,,,
2013-08-18,single,49.75,34.07772792469371,,,
2013-08-19,single,54.0,27.12539326060902,,,
2013-08-20,double,41.75,19.925682934847746,58.5,24.80479032343084,14.677911931818182
2013-08-21,single,47.0,18.23781793767756,,,
2013-08-22,double,51.0,22.150801398537375,71.75,17.920854915272106,9.60405176336115
2013-08-23,single,51.75,23.660235491665926,,,
2013-08-24,single,51.5,18.511673840609465,,,
2013-08-25,double,50.5,15.424672560258346,62.25,20.965574611317027,6.541188933632591
2013-08-26,double,28.75,16.488164468245074,62.5,21.179528669877485,8.160251660780473
2013-08-27,single,62.5,24.796227368441496,,,
2013-08-28,single,62.5,23.080581318248402,,,
2013-08-29,single,60.75,24.98434170809659,,,
2013-08-30,double,34.0,16.929880315607246,51.5,23.765677365389738,7.267514402216131
2013-08-31,double,34.5,15.10988408868963,58.75,28.986569144509055,6.532435070384633
2013-09-01,double,36.25,15.374553680419922,60.0,28.894703431562945,4.929015723141757
2013-09-02,double,37.0,16.113196286288176,58.0,30.669538844715465,2.0393979874524204
2013-09-03,single,53.0,25.273168737238105,,,
2013-09-04,single,53.0,23.10217926718972,,,
2013-09-05,double,55.5,22.569613196633078,73.0,20.379267432472922,11.936663887717508
2013-09-06,single,58.25,17.376415252685547,,,
2013-09-07,single,66.25,18.079850110140715,,,
2013-09-08,single,56.25,19.004255814985797,,,
2013-09-09,double,47.75,19.268064845692027,61.5,20.1359525160356,13.613441640680486
2013-09-10,single,49.25,18.2926099950617,,,
2013-09-11,single,53.75,21.874303817749023,,,
2013-09-12,single,59.0,24.44143364646218,,,
2013-09-13,single,60.75,27.894783886996183,,,
2013-09-14,single,59.0,35.04347957264293,,,
2013-09-15,single,56.25,33.27565661343661,,,
2013-09-16,single,53.25,26.342443639581855,,,
2013-09-17,single,56.75,27.74173944646662,,,
2013-09-18,single,55.0,30.646040482954547,,,
2013-09-19,double,32.75,16.14800331809304,54.75,33.02379954944957,3.972739414735274
2013-09-20,double,33.0,17.41534250432795,53.25,31.486826983365145,2.836981621655551
2013-09-21,double,33.0,19.72112308848988,59.75,34.78679136796431,3.4932640249078926
2013-09-22,double,32.75,17.924274097789418,62.5,36.612362601540305,-1.7124268033287742
2013-09-23,single,63.25,27.111250270496715,,,
2013-09-24,single,60.0,21.791725505482066,,,
2013-09-25,single,59.5,18.550396485762164,,,
2013-09-26,single,59.75,18.048527977683328,,,
2013-09-27,single,40.0,23.591825832020152,,,
2013-09-28,double,40.75,33.94061868840998,59.25,16.87395546653054,8.384715513749557
2013-09-29,double,40.75,38.496389562433414,64.5,20.001916365189985,1.1817768270319158
2013-09-30,double,39.5,33.74477109042081,68.75,22.974266225641426,3.0270118063146416
2014-05-01,single,40.25,18.914500323208895,,,
2014-05-02,double,41.5,20.2714918309992,68.5,16.12209380756725,7.322526064786044
2014-05-03,single,43.75,27.309286637739703,,,
2014-05-04,single,44.0,29.732107335870918,,,
2014-05-05,single,45.0,29.810842860828746,,,
2014-05-06,double,24.0,23.613849466497246,47.0,28.566902334039863,16.0954420783303
2014-05-07,double,23.0,24.664944908835672,46.25,29.676456278020684,9.868732972578568
2014-05-08,double,22.75,20.406117352572355,49.5,29.69644529169256,12.167514540932395
2014-05-09,single,49.5,28.227141987193715,,,
2014-05-10,double,25.75,16.79117116061124,46.75,34.22980950095437,10.853479645468973
2014-05-11,single,46.5,42.6677114313299,,,
2014-05-12,single,44.0,38.694692785089664,,,
2014-05-13,single,41.25,31.839163346724078,,,
2014-05-14,single,35.5,27.151751431551848,,,
2014-05-15,double,33.75,21.66731661016291,61.5,26.321211728182707,0.765625303441828
2014-05-16,double,20.5,27.51149582862854,57.75,31.110322085293856,-1.2909147414294155
2014-05-17,double,28.5,21.620623848655008,59.0,27.190554532137785,-3.4605717442252417
2014-05-18,double,31.0,25.14970449967818,67.25,33.11473950472745,-0.8367647955363448
2014-05-19,double,31.5,26.825163407759234,67.75,34.47372540560636,-5.792343443090266
2014-05-20,double,34.0,28.034583005038176,68.25,24.35542782870206,-4.7527783567255195
2014-05-21,double,30.0,27.274301528930664,68.5,23.72818981517445,4.856085950678045
2014-05-22,double,28.0,26.069443442604758,67.5,21.441954005848277,5.731599894436923
2014-05-23,double,27.5,24.823021975430574,68.0,20.241080024025656,0.9408450451764193
2014-05-24,double,29.25,25.074784365567293,68.5,16.40444460782138,-1.135190183466131
2014-05-25,single,35.25,24.883374647660688,,,
2014-05-26,single,38.75,25.1973613392223,,,
2014-05-27,single,42.25,24.620016964999113,,,
2014-05-28,single,36.5,26.796991868452594,,,
2014-05-29,single,28.0,26.951034892689098,,,
2014-05-30,single,27.75,25.21304841475053,,,
2014-05-31,double,27.0,25.20349710637873,71.25,16.754139640114524,1.4234164628115566
2014-06-01,double,28.25,24.895354357632723,50.0,17.821729486638848,9.883514490994541
2014-06-02,double,26.75,24.227936657992277,49.75,22.37557601928711,8.861136609857732
2014-06-03,double,26.75,23.96948970447887,49.75,25.208329114046965,4.556733651594683
2014-06-04,double,24.0,25.19135284423828,46.0,23.876232840798117,8.435993194580078
2014-06-05,double,24.0,26.34691741249778,40.25,18.299292824485086,11.856637087735264
2014-06-06,double,23.5,26.03704036365856,37.75,18.908971092917703,13.10186073996804
2014-06-07,double,23.75,25.15470314025879,40.0,19.5995096726851,12.754425829107111
2014-06-08,double,23.25,25.130648352883078,41.5,19.284212112426758,10.436939759687943
2014-06-09,double,22.75,24.343232414939187,42.25,18.61853062022816,9.252680691805752
2014-06-10,single,22.75,23.63270430131392,,,
2014-06-11,single,22.25,19.73704580827193,,,
2014-06-12,double,23.75,17.42574778470126,55.5,16.23471806266091,9.7895264192061
2014-06-13,double,23.75,20.20403480529785,51.5,19.45017363808372,9.31299859827215
2014-06-14,double,24.25,20.841558283025567,71.75,18.979081587357953,4.193000359968706
2014-06-15,single,25.0,18.949560858986594,,,
2014-06-16,single,37.25,20.33843231201172,,,
2014-06-17,single,36.75,22.028057271784004,,,
2014-06-18,double,37.0,24.083324085582387,62.5,21.102535767988726,-4.227092547850176
2014-06-19,double,37.0,23.816727378151633,64.75,20.003067710182883,-3.123411189426075
2014-06-20,double,37.0,23.24491362138228,62.75,22.338753613558683,3.9249994971535425
2014-06-21,double,25.75,18.94811300797896,56.75,16.540450009432707,7.941459829157049
2014-06-22,single,36.25,18.48719527504661,,,
2014-06-23,single,44.25,20.292234767567027,,,
2014-06-24,single,45.75,22.812922911210492,,,
2014-06-25,single,43.0,24.514103802767668,,,
2014-06-26,single,48.5,28.997750889171254,,,
2014-06-27,single,48.75,31.719264117154207,,,
2014-06-28,single,48.25,30.04299371892756,,,
2014-06-29,single,48.0,26.096587441184305,,,
2014-06-30,double,46.0,23.256603067571465,59.25,25.52988728609952,9.824533289129084
2014-07-01,double,46.0,16.829245827414773,58.25,24.561857396906074,9.447789365595037
2014-07-02,single,59.5,27.697221582586113,,,
2014-07-03,single,59.0,30.15631103515625,,,
2014-07-04,single,55.25,28.23418495871804,,,
2014-07-05,single,57.25,24.7340821352872,,,
2014-07-06,single,59.5,21.203679865056817,,,
2014-07-07,single,49.5,18.24426911093972,,,
2014-07-08,single,52.5,16.823532104492188,,,
2014-07-09,double,42.25,16.405075420032848,57.25,15.51921610398726,7.683522831309926
2014-07-10,double,39.0,15.86762540990656,56.75,15.346177447925914,3.9812347888946533
2014-07-11,single,54.25,20.07645572315563,,,
2014-07-12,double,32.25,16.995543566617098,53.5,19.785829197276723,3.786634987050837
2014-07-13,double,50.5,20.841638911854137,74.5,17.972365617752075,-2.845817869359797
2014-07-14,double,28.25,15.173041690479625,54.0,25.317094976251777,10.169380187988281
2014-07-15,single,51.5,20.895592949607156,,,
2014-07-16,single,50.75,22.48777164112438,,,
2014-07-17,double,40.75,16.6271485415372,57.0,24.56278488852761,10.498783545060592
2014-07-18,double,39.0,18.953065178611062,55.25,21.05988225069913,8.673734751614658
2014-07-19,single,53.5,18.90829016945579,,,
2014-07-20,single,43.5,19.427093332464043,,,
2014-07-21,single,42.75,19.368356531316582,,,
2014-07-22,single,39.5,21.687658309936523,,,
2014-07-23,single,36.75,19.76204473322088,,,
2014-07-24,double,35.25,18.500658208673652,73.5,27.301437204534356,-3.3269856626337226
2014-07-25,single,35.0,15.583728270097213,,,
2014-07-26,none,,,,,
2014-07-27,none,,,,,
2014-07-28,double,57.75,21.102123607288707,69.5,15.660568670793014,8.774078889326615
2014-07-29,double,58.0,22.112287001176313,72.25,18.76296476884322,9.856849843805486
2014-07-30,single,56.75,23.140039097179066,,,
2014-07-31,single,55.75,29.221847187389027,,,
2014-08-01,single,54.5,25.593961022116922,,,
2014-08-02,single,49.5,21.8663387298584,,,
2014-08-03,single,47.0,24.136703838001598,,,
2014-08-04,single,46.25,31.186557943170722,,,
2014-08-05,single,46.25,28.882000316273082,,,
2014-08-06,single,48.75,28.511963064020332,,,
2014-08-07,single,47.75,29.81660236011852,,,
2014-08-08,single,48.75,30.869048898870293,,,
2014-08-09,single,48.5,29.775434667413887,,,
2014-08-10,double,47.75,34.213519009676844,74.75,15.674392836434501,-5.403909423134544
2014-08-11,single,47.25,37.10948805375533,,,
2014-08-12,double,46.5,37.001632343639024,74.5,21.671735763549805,2.3716368675231934
2014-08-13,single,46.25,26.626811981201172,,,
2014-08-14,double,42.25,22.483088233254172,66.0,19.88224254954945,7.143042781136253
2014-08-15,double,42.25,26.203222448175605,64.0,24.577696886929598,1.4478611837733875
2014-08-16,double,42.0,24.6046876040372,60.25,15.8131441636519,7.106766657395796
2014-08-17,double,39.75,23.47356501492587,72.5,16.627211744135078,2.836846936832775
2014-08-18,single,39.25,25.087912472811613,,,
2014-08-19,single,40.0,26.1597883051092,,,
2014-08-20,single,42.75,30.97807398709384,,,
2014-08-21,single,42.75,30.233152736317027,,,
2014-08-22,single,44.75,29.827964609319512,,,
2014-08-23,single,46.5,30.90712980790572,,,
2014-08-24,double,45.75,30.92265493219549,66.5,17.687741713090375,8.222461266951127
2014-08-25,double,47.5,32.418058915571734,66.5,18.212766994129527,6.215163447640159
2014-08-26,double,48.25,34.956552332097836,68.0,18.084442312067207,4.597507780248469
2014-08-27,double,48.25,35.09363625266335,72.0,17.14506582780318,6.092172232541171
2014-08-28,single,47.75,30.344744769009676,,,
2014-08-29,single,53.75,31.190528869628906,,,
2014-08-30,single,55.75,25.631054271351207,,,
2014-08-31,single,55.0,29.790221300992098,,,
2014-09-01,single,53.75,30.65151682767001,,,
2014-09-02,single,53.75,20.206062837080523,,,
2014-09-03,single,66.75,23.296749808571555,,,
2014-09-04,single,68.25,30.65953289378773,,,
2014-09-05,double,29.25,16.117596279491078,68.5,23.664977853948418,7.841926964846524
2014-09-06,double,29.75,19.08875846862793,72.0,22.241471550681375,8.262497555125844
2014-09-07,double,55.5,25.036270141601562,71.0,24.548228177157316,6.201021107760343
2014-09-08,double,55.5,22.70293027704412,74.25,20.128641764322918,10.71014421636408
2014-09-09,double,31.25,17.74964644692161,64.25,19.08290706981312,10.14296514337713
2014-09-10,double,37.5,21.502937837080523,70.0,24.466050234707918,5.299584258686412
2014-09-11,double,36.0,22.410266529430043,67.75,24.926447955044832,3.812617301940918
2014-09-12,double,33.25,18.931751771406695,62.0,23.647118308327414,1.8967900276184082
2014-09-13,double,31.25,17.14462765780362,70.5,32.17648714238947,8.809407927773215
2014-09-14,single,41.0,20.591480428522285,,,
2014-09-15,single,41.5,23.013687133789062,,,
2014-09-16,double,37.5,22.17274891246449,71.5,17.11106959256259,3.396513830531727
2014-09-17,double,51.25,20.041019439697266,72.5,23.75958980213512,0.78507000207901
2014-09-18,single,45.0,21.11088822104714,,,
2014-09-19,single,53.0,21.088380986993965,,,
2014-09-20,single,65.0,21.3264085596258,,,
2014-09-21,double,43.5,19.951784480701793,72.5,20.816756681962445,11.209924957968973
2014-09-22,single,57.0,27.23493055863814,,,
2014-09-23,single,56.25,31.8319899819114,,,
2014-09-24,single,60.0,31.68678734519265,,,
2014-09-25,double,33.75,18.006594397804953,57.25,33.00822136618874,3.769411563873291
2014-09-26,double,35.0,21.169393712824043,58.25,36.861821608109906,-2.08520490472967
2014-09-27,double,33.75,19.546153675426137,58.5,34.70719250765714,1.0886830579150806
2014-09-28,double,33.25,19.04303082552823,60.5,33.45738775079901,6.162787957624956
2014-09-29,double,28.75,16.07319302992387,53.0,34.28160892833363,4.311019203879616
2014-09-30,single,51.75,37.28922514481978,,,
2015-05-01,single,37.75,29.1441426710649,,,
2015-05-02,single,38.75,31.058171705766156,,,
2015-05-03,single,37.0,34.8442909934304,,,
2015-05-04,single,36.25,36.87727113203569,,,
2015-05-05,double,34.25,34.675810380415484,47.25,23.71101327375932,17.688348943536933
2015-05-06,double,45.0,28.542050968516957,72.25,15.895953091708096,1.5988065871325405
2015-05-07,single,41.0,39.11441976373846,,,
2015-05-08,single,39.25,42.226593711159445,,,
2015-05-09,single,37.25,33.76893372969194,,,
2015-05-10,single,32.25,24.41684913635254,,,
2015-05-11,double,23.0,24.397970372980293,50.75,28.294716228138316,7.735304789109663
2015-05-12,single,51.5,31.303897510875355,,,
2015-05-13,single,48.25,33.86176577481356,,,
2015-05-14,single,48.5,35.62320397116921,,,
2015-05-15,double,29.5,15.163509022105824,50.25,31.86657021262429,7.283340887589888
2015-05-16,double,23.75,22.58359683643688,53.25,39.07188727638938,5.69717433235862
2015-05-17,double,25.0,24.519716262817383,51.5,38.415367126464844,4.494317748329856
2015-05-18,double,25.0,26.70192441073331,50.75,28.272911245172676,6.474168127233332
2015-05-19,double,25.0,27.138913761485707,58.0,28.79211321744052,10.025458249178799
2015-05-20,double,25.75,25.22545849193226,59.0,32.447249846024945,7.326291951266202
2015-05-21,double,23.5,24.161470066417348,61.5,32.6253157528964,7.673586888746782
2015-05-22,double,23.75,26.70013289018111,62.0,21.55179804021662,7.353809226642955
2015-05-23,double,24.5,26.94276133450595,56.25,31.701880021528765,1.675937533378601
2015-05-24,double,26.75,29.581235018643465,59.5,30.57993524724787,-1.0127678350968794
2015-05-25,double,28.5,30.282690915194426,57.25,22.673344005237926,-0.9370860836722634
2015-05-26,double,29.0,28.952265479347922,56.0,30.916575518521395,-0.7026141760024157
2015-05-27,double,26.75,26.70787863297896,55.5,32.32214147394354,2.2671246745369653
2015-05-28,double,26.5,28.470018560236152,54.0,32.87870372425426,3.1831823262301358
2015-05-29,double,27.5,29.607105775312945,53.25,33.6342097195712,3.7182326316833496
2015-05-30,double,28.0,29.281775041060015,52.25,34.39536666870117,3.5239733782681553
2015-05-31,double,26.75,28.035071806474164,52.75,39.38404499400746,3.46720610965382
2015-06-01,double,27.5,26.7671179337935,52.0,42.42353543368253,-2.31748645955866
2015-06-02,double,27.25,27.393478393554688,51.25,35.340878920121625,-3.5100989124991675
2015-06-03,double,26.25,25.054151014848188,51.0,27.942354895851828,-1.6135193759744817
2015-06-04,double,24.25,24.29513341730291,56.75,26.599021218039773,3.416489601135254
2015-06-05,double,25.75,20.80015737360174,54.5,22.61355278708718,4.278330239382657
2015-06-06,double,26.75,21.822976199063387,52.75,25.22847695784135,3.96059513092041
2015-06-07,double,25.0,21.11874667080966,56.0,31.54587277499112,-0.9619480208917097
2015-06-08,double,24.5,22.055188265713777,57.5,24.312279614535246,0.6576586040583524
2015-06-09,double,25.25,21.779728109186347,63.75,27.46666110645641,0.6966001134027134
2015-06-10,double,31.5,23.77897175875577,62.5,32.61221885681152,-2.3040981726212935
2015-06-11,double,31.25,23.56868414445357,61.0,33.87111559781161,-0.7777691131288355
2015-06-12,double,29.25,22.1575910394842,60.75,32.968393845991656,3.482270110737194
2015-06-13,double,28.25,18.58104636452415,61.5,28.70130799033425,9.637549833817916
2015-06-14,double,39.0,19.257509404962715,62.5,20.870004307140004,9.714549324729226
2015-06-15,double,38.25,20.292297189885918,55.75,20.229832909323953,8.534471251747824
2015-06-16,double,36.0,19.1278563412753,55.0,28.01859578219327,5.10318153554743
2015-06-17,double,29.25,17.193857366388496,56.5,34.0855844671076,0.8096034770662134
2015-06-18,double,30.25,17.421688079833984,57.0,19.35283730246804,0.22552889162166553
2015-06-19,double,30.75,18.754010460593484,49.0,23.436067234386098,3.270365975119851
2015-06-20,double,31.0,18.32974693991921,50.75,22.125682310624555,5.651128248734907
2015-06-21,double,30.25,18.019256765192207,48.75,21.665390014648438,10.85074520111084
2015-06-22,double,32.25,18.42032866044478,50.0,27.564329494129527,13.026200034401633
2015-06-23,double,35.25,20.919885115189985,48.0,28.31310324235396,14.05124872381037
2015-06-24,single,45.25,22.08013170415705,,,
2015-06-25,single,44.5,28.285374554720793,,,
2015-06-26,single,45.25,30.856007489291105,,,
2015-06-27,single,46.0,30.27192531932484,,,
2015-06-28,single,48.75,26.008527929132637,,,
2015-06-29,single,54.5,22.076025355945934,,,
2015-06-30,single,47.25,19.669748826460406,,,
2015-07-01,double,46.5,21.410668979991566,68.25,17.587391246448863,1.4616408564827659
2015-07-02,single,42.5,20.921230142766778,,,
2015-07-03,single,42.5,21.23096934231845,,,
2015-07-04,single,45.75,23.29800068248402,,,
2015-07-05,single,47.75,27.37816186384721,,,
2015-07-06,single,50.0,29.53911001032049,,,
2015-07-07,single,51.25,27.841411763971504,,,
2015-07-08,single,53.75,26.117297085848723,,,
2015-07-09,double,24.0,15.399054960771041,48.75,24.769982251253996,-2.017832560972734
2015-07-10,single,48.75,31.60980900851163,,,
2015-07-11,single,48.75,32.86666835438121,,,
2015-07-12,single,50.5,32.32627348466353,,,
2015-07-13,single,53.5,32.21130579168146,,,
2015-07-14,single,53.75,29.598909378051758,,,
2015-07-15,single,54.0,24.158320513638582,,,
2015-07-16,single,46.75,23.85211112282493,,,
2015-07-17,single,48.5,29.81392340226607,,,
2015-07-18,single,51.0,27.11659847606312,,,
2015-07-19,single,49.75,27.488656824285332,,,
2015-07-20,single,49.5,29.314998279918324,,,
2015-07-21,single,53.75,27.016361756758258,,,
2015-07-22,single,50.0,27.91708027232777,,,
2015-07-23,single,54.0,30.269202492453836,,,
2015-07-24,single,55.75,26.911076805808328,,,
2015-07-25,single,47.0,32.31468686190519,,,
2015-07-26,single,49.0,35.77437071366744,,,
2015-07-27,single,48.75,37.14027578180487,,,
2015-07-28,single,48.0,38.313560485839844,,,
2015-07-29,single,48.25,32.4325346513228,,,
2015-07-30,single,50.75,29.322268399325285,,,
2015-07-31,single,53.25,27.76167765530673,,,
2015-08-01,single,54.5,27.61509825966575,,,
2015-08-02,single,47.5,25.38456743413752,,,
2015-08-03,single,47.0,29.612091064453125,,,
2015-08-04,single,45.25,28.467715003273703,,,
2015-08-05,single,47.0,26.83019950173118,,,
2015-08-06,single,49.75,24.009063200517133,,,
2015-08-07,single,60.0,22.602920532226562,,,
2015-08-08,single,49.75,21.621979279951617,,,
2015-08-09,double,50.0,26.444022265347567,63.75,23.798797087235883,13.998800797895951
2015-08-10,single,63.0,31.213085174560547,,,
2015-08-11,single,62.5,30.636316993019797,,,
2015-08-12,single,56.5,24.108489643443715,,,
2015-08-13,single,54.25,28.644957282326438,,,
2015-08-14,single,53.5,23.262407129461113,,,
2015-08-15,single,52.0,24.373309568925336,,,
2015-08-16,single,50.5,23.692548751831055,,,
2015-08-17,single,51.25,20.59220418063077,,,
2015-08-18,double,53.0,15.656867807561701,72.0,19.270513014359906,2.051137685775757
2015-08-19,double,52.0,22.54160672968084,72.5,24.347326798872515,-5.389157078482888
2015-08-20,single,50.0,24.781273234974254,,,
2015-08-21,single,48.5,16.029979965903543,,,
2015-08-22,single,49.0,16.954863634976473,,,
2015-08-23,double,45.0,23.406125675548207,72.25,18.904386520385742,0.6902934014797211
2015-08-24,double,47.25,30.247231570157137,74.25,26.427952660454643,-7.589928670362993
2015-08-25,single,47.25,33.99363084272905,,,
2015-08-26,single,46.75,30.80106561834162,,,
2015-08-27,single,46.75,26.70174962824041,,,
2015-08-28,single,47.75,23.07709433815696,,,
2015-08-29,single,55.5,25.070131475275215,,,
2015-08-30,single,56.5,22.70457631891424,,,
2015-08-31,single,57.25,21.86977178400213,,,
2015-09-01,double,42.0,19.029360164295543,60.0,15.547213207591664,10.39553148096258
2015-09-02,double,41.75,22.30967296253551,72.0,20.7932467027144,6.9270290461453525
2015-09-03,double,41.25,22.914061286232688,69.5,28.04661126570268,0.7669861912727356
2015-09-04,double,41.5,21.839400204745207,69.75,27.719779448075727,0.14197858054698867
2015-09-05,double,41.75,23.28581966053356,67.75,18.7762227491899,8.517673232338645
2015-09-06,double,42.5,22.823542334816672,71.75,21.05632383173162,5.907340786673806
2015-09-07,single,40.25,22.37705386768688,,,
2015-09-08,single,44.75,22.267550208351828,,,
2015-09-09,single,46.5,31.239425485784356,,,
2015-09-10,single,47.25,27.395524458451703,,,
2015-09-11,single,50.0,25.95920684120872,,,
2015-09-12,single,50.25,28.527490269054066,,,
2015-09-13,single,50.5,27.27380908619274,,,
2015-09-14,single,47.0,31.453854647549715,,,
2015-09-15,double,20.25,18.43076596941267,48.25,28.749468023126777,-2.5310837680643257
2015-09-16,double,20.25,20.001237051827566,42.25,24.115605441006746,-2.4540281837636773
2015-09-17,double,21.75,18.820692929354582,60.75,19.25218928943981,1.9066988988356157
2015-09-18,double,22.5,18.2991960698908,63.25,19.726656480269,2.839986887845126
2015-09-19,double,21.75,15.273568933660334,55.25,19.49398456920277,4.887685515663841
2015-09-20,single,54.5,24.385164954445578,,,
2015-09-21,single,51.75,25.514588269320402,,,
2015-09-22,double,24.75,17.010176918723367,55.5,23.891380830244586,2.2488189935684204
2015-09-23,double,26.5,16.770078138871625,54.25,22.44053823297674,2.9826425422321665
2015-09-24,double,29.5,17.47050528092818,54.25,23.70432524247603,7.304754907434637
2015-09-25,double,29.5,16.45466102253307,46.75,22.117636247114703,8.681888927112926
2015-09-26,single,44.75,25.670741167935457,,,
2015-09-27,single,38.0,18.907302856445312,,,
2015-09-28,double,34.25,21.214194211092863,60.5,24.03797687183727,-1.4116252660751343
2015-09-29,double,32.75,24.78629597750577,67.0,32.760103745894,-9.017229513688521
2015-09-30,double,32.0,25.081755378029563,63.75,46.09260489723899,-23.462928598577324
2016-05-01,double,26.25,23.764123223044656,50.75,26.187991749156605,11.979959921403365
2016-05-02,double,21.5,25.6304180838845,52.25,26.52424396168102,12.919821739196777
2016-05-03,double,21.0,28.118704795837402,48.0,22.15035161105069,12.559144193475897
2016-05-04,single,49.75,26.23038604042747,,,
2016-05-05,double,32.75,18.954816991632637,49.75,25.99758390946822,13.48773193359375
2016-05-06,double,20.25,26.01120594569615,51.5,22.425913203846324,14.199589989402078
2016-05-07,double,22.75,24.743928215720437,62.0,16.7544283433394,9.939370328729803
2016-05-08,double,20.75,25.97233115302192,66.0,25.59747886657715,7.120925686576149
2016-05-09,double,20.5,26.349107265472412,67.25,24.643420479514383,-0.9631685181097551
2016-05-10,double,32.5,31.81020788712935,74.5,21.993257761001587,-4.779357303272594
2016-05-11,double,36.25,36.29688921841708,68.75,23.99530202692205,-6.923348903656006
2016-05-12,double,37.25,37.206053647128016,71.25,18.363058610395953,-10.155558672818271
2016-05-13,single,34.75,34.86616481434215,,,
2016-05-14,double,35.0,29.35957145690918,71.75,17.72694258256392,-1.671245358207009
2016-05-15,double,25.0,26.669675133445047,71.0,26.78264704617587,-6.616762291301381
2016-05-16,double,24.25,24.99944357438521,67.75,22.54334172335538,-5.262484420429576
2016-05-17,double,23.25,24.10205216841264,65.75,15.900882027365945,2.2842970111153345
2016-05-18,double,24.5,24.884410337968305,44.25,27.63662372935902,16.76749784296209
2016-05-19,double,24.5,25.022788828069512,43.25,32.20885536887429,15.847590012983842
2016-05-20,single,43.0,33.832585768266156,,,
2016-05-21,single,38.75,28.864492242986504,,,
2016-05-22,single,40.0,25.77211466702548,,,
2016-05-23,double,20.25,18.31332724434989,42.25,30.202029314908113,13.038191708651455
2016-05-24,double,25.25,17.211285504427824,40.75,35.78942108154297,11.361406586386941
2016-05-25,double,37.75,24.817333048040215,63.25,20.6653714613481,-0.6530995443463326
2016-05-26,double,36.25,20.209441271695223,65.75,18.01911787553267,1.7382474487478083
2016-05-27,double,38.0,24.067956924438477,72.25,20.81144038113681,0.6687633666125211
2016-05-28,single,35.25,26.896854227239434,,,
2016-05-29,single,38.25,30.764771374789152,,,
2016-05-30,single,38.5,31.481222672895953,,,
2016-05-31,single,39.0,23.76567407087846,,,
2016-06-01,double,40.5,24.552113272927024,66.0,16.209975242614746,-5.055159915577281
2016-06-02,double,38.5,31.26881824840199,71.5,29.955581838434394,-4.12734189900485
2016-06-03,double,38.0,31.479978908192027,72.5,23.742639021439985,-5.854170192371715
2016-06-04,double,38.0,30.552859566428445,71.75,20.631600640036844,-1.300712444565513
2016-06-05,double,38.75,29.0808838930997,73.0,16.966998360373758,-2.9240632273934106
2016-06-06,double,38.75,27.860319484363902,70.0,20.773578123612836,-2.4374609752134844
2016-06-07,double,37.75,23.789036664095793,67.0,21.09203338623047,0.9364765015515414
2016-06-08,single,39.75,21.62200927734375,,,
2016-06-09,single,42.25,26.15043119950728,,,
2016-06-10,single,43.25,29.265709790316496,,,
2016-06-11,double,46.25,34.21853984485973,71.75,19.83601916920055,-5.0059263489463115
2016-06-12,single,46.75,36.801115556196734,,,
2016-06-13,double,23.5,15.194348855452104,46.75,37.59491591020064,-4.009653004732999
2016-06-14,single,44.25,34.65383564342152,,,
2016-06-15,double,41.75,30.48646944219416,64.25,16.340147712013938,4.7864628271623095
2016-06-16,double,37.5,25.007064472545277,64.0,19.01626881686124,7.183302445845171
2016-06-17,single,42.25,22.514916506680574,,,
2016-06-18,single,43.75,25.055786306207832,,,
2016-06-19,single,51.75,26.216913743452594,,,
2016-06-20,single,51.0,31.93240651217374,,,
2016-06-21,single,53.0,26.854187531904742,,,
2016-06-22,single,50.75,17.8155179457231,,,
2016-06-23,single,56.75,20.582561839710582,,,
2016-06-24,single,55.75,19.413850610906426,,,
2016-06-25,single,58.5,21.045045159079812,,,
2016-06-26,single,52.5,26.19166304848411,,,
2016-06-27,double,28.75,16.708633769642223,52.25,32.91980257901278,2.5665349526838823
2016-06-28,double,29.75,18.551646319302645,52.25,30.43446748906916,3.216844537041404
2016-06-29,double,30.75,19.81314936551181,54.25,32.313065788962625,1.181554452939467
2016-06-30,double,31.5,19.737571542913262,54.0,36.876953125,1.3611775311556729
2016-07-01,double,31.0,18.48078120838512,52.75,33.01660815152255,4.623125813224099
2016-07-02,double,31.75,16.668589158491656,53.0,28.91918182373047,9.240631537003951
2016-07-03,single,51.25,22.6181566065008,,,
2016-07-04,single,45.0,22.063357439908113,,,
2016-07-05,single,47.5,25.138188275423918,,,
2016-07-06,single,49.25,28.30652653087269,,,
2016-07-07,single,53.0,28.935531096024945,,,
2016-07-08,single,44.75,24.71966015208851,,,
2016-07-09,single,46.5,30.66718170859597,,,
2016-07-10,single,47.25,32.75924283807928,,,
2016-07-11,single,47.25,28.41032635081898,,,
2016-07-12,single,56.25,25.39249142733487,,,
2016-07-13,single,51.0,21.00727584145286,,,
2016-07-14,single,57.0,21.10886729847301,,,
2016-07-15,double,38.25,17.871579777110707,56.0,24.745936480435457,8.175707166845148
2016-07-16,single,56.75,26.347640644420277,,,
2016-07-17,single,57.25,21.2995078346946,,,
2016-07-18,single,50.25,21.019602862271395,,,
2016-07-19,single,49.0,22.32222990556197,,,
2016-07-20,single,49.0,27.5714093988592,,,
2016-07-21,double,44.0,22.924874565818094,72.0,17.398113597523082,-6.748172196474942
2016-07-22,single,51.5,22.950647007335316,,,
2016-07-23,single,51.5,22.857083580710672,,,
2016-07-24,single,51.75,20.783280285921965,,,
2016-07-25,single,51.25,22.658625169233844,,,
2016-07-26,single,53.75,23.20808826793324,,,
2016-07-27,single,54.0,24.949012582952324,,,
2016-07-28,double,34.75,15.066012555902654,51.75,24.355439099398527,7.1586995991793545
2016-07-29,single,51.5,23.465496236627754,,,
2016-07-30,single,51.25,25.545602278275922,,,
2016-07-31,single,48.75,26.469167709350586,,,
2016-08-01,single,48.0,26.475535999644887,,,
2016-08-02,single,49.25,33.014632658524945,,,
2016-08-03,single,49.0,35.99431020563299,,,
2016-08-04,single,51.0,32.06635267084295,,,
2016-08-05,single,55.5,32.18253361095082,,,
2016-08-06,single,52.5,27.775260405106977,,,
2016-08-07,double,53.5,32.10895538330078,71.0,17.255239313299004,4.071927590803667
2016-08-08,single,53.25,23.998729532415215,,,
2016-08-09,single,61.75,20.551424026489258,,,
2016-08-10,single,62.0,20.248388463800605,,,
2016-08-11,single,59.75,23.66517465764826,,,
2016-08-12,single,49.5,21.36367277665572,,,
2016-08-13,single,49.25,22.476498170332476,,,
2016-08-14,double,50.0,25.94355444474654,70.0,15.803506591103293,8.573135375976562
2016-08-15,double,47.5,29.051252885298297,74.5,22.43302583694458,4.519825068387118
2016-08-16,single,45.75,33.22006589716131,,,
2016-08-17,single,44.25,32.381344361738726,,,
2016-08-18,single,44.25,32.06793264909224,,,
2016-08-19,single,45.5,33.21681837602095,,,
2016-08-20,double,47.25,27.932540546764027,74.5,18.150070905685425,-4.404622403058139
2016-08-21,double,49.75,23.708810632879082,73.0,16.489229895851828,-3.3839233355088667
2016-08-22,single,54.5,19.610001824118875,,,
2016-08-23,single,56.0,17.35142655806108,,,
2016-08-24,double,51.25,16.397437008944426,74.25,24.06511052449544,3.8230135440826416
2016-08-25,single,52.0,19.086913889104668,,,
2016-08-26,single,54.0,24.994799180464312,,,
2016-08-27,single,59.25,22.39629381353205,,,
2016-08-28,single,49.5,22.958919351751153,,,
2016-08-29,single,52.5,21.345551924272016,,,
2016-08-30,single,47.25,20.051819367842242,,,
2016-08-31,single,48.25,21.88212117281827,,,
2016-09-01,double,49.25,27.45636125044389,68.5,23.7726787220348,8.542098218744451
2016-09-02,double,49.0,30.94508812644265,68.0,28.634109843860973,3.4301423593000933
2016-09-03,double,51.5,33.00030517578125,70.0,27.154857635498047,-2.378887003118342
2016-09-04,double,53.25,27.6433781710538,70.5,24.553580024025656,0.30990323661403224
2016-09-05,single,54.25,22.84369642084295,,,
2016-09-06,single,58.75,31.283080534501508,,,
2016-09-07,single,58.25,32.12750851024281,,,
2016-09-08,single,53.0,30.111065777865324,,,
2016-09-09,single,51.0,31.596552415327594,,,
2016-09-10,single,53.5,30.450083992697976,,,
2016-09-11,double,26.25,15.44920591874556,55.5,25.91646853360263,4.605398741635409
2016-09-12,single,63.75,23.941550514914773,,,
2016-09-13,double,38.25,18.943312905051492,70.25,17.1071702783758,5.15416821566495
2016-09-14,double,39.25,22.427367990667168,51.75,20.797299645163797,9.353595560247248
2016-09-15,double,39.0,18.389441750266336,53.0,21.72205786271529,9.466704281893643
2016-09-16,single,57.75,21.442942532626066,,,
2016-09-17,single,64.75,18.64649235118519,,,
2016-09-18,double,53.5,22.778813275423918,71.25,16.734934199940074,3.0707203258167612
2016-09-19,double,32.25,21.41246084733443,50.75,24.869236165826972,9.708972757512873
2016-09-20,double,33.25,18.53434181213379,47.25,27.783737009221856,11.510048346085982
2016-09-21,single,44.0,26.72587065263228,,,
2016-09-22,single,46.5,29.930398767644707,,,
2016-09-23,single,44.5,30.163556532426313,,,
2016-09-24,double,44.25,28.277129086581144,64.5,15.567950855601918,9.530560753562234
2016-09-25,single,48.75,27.69479682228782,,,
2016-09-26,single,50.25,24.6440447027033,,,
2016-09-27,single,57.0,26.47154461253773,,,
2016-09-28,single,48.25,29.65787627480247,,,
2016-09-29,single,48.75,35.39655269276012,,,
2016-09-30,single,54.0,31.425486131147906,,,
2017-05-01,single,22.0,29.585315877741035,,,
2017-05-02,single,34.5,24.091574235395953,,,
2017-05-03,single,34.25,22.139142123135652,,,
2017-05-04,single,42.5,23.978417136452414,,,
2017-05-05,double,40.5,32.173853093927555,73.0,25.02532352100719,-22.86536320773038
2017-05-06,single,39.75,30.4722825830633,,,
2017-05-07,single,31.25,23.94881075078791,,,
2017-05-08,double,38.5,26.515911969271574,72.5,22.353204900568183,-4.856797955252907
2017-05-09,double,36.25,39.206516612659804,67.5,19.522109638560902,-3.772529710422863
2017-05-10,double,35.75,41.36386767300692,60.5,15.01755142211914,1.1584157022562893
2017-05-11,single,35.25,36.40747971968217,,,
2017-05-12,double,37.5,34.55233729969371,65.0,15.494269284335049,5.614436539736661
2017-05-13,single,41.0,34.75578654896129,,,
2017-05-14,single,38.0,29.743005752563477,,,
2017-05-15,single,39.5,24.980548338456586,,,
2017-05-16,double,35.75,18.631786173040215,56.5,19.959824301979758,12.884808366948908
2017-05-17,double,21.5,19.666072325272992,59.75,17.91017133539373,9.739918275312943
2017-05-18,double,31.5,19.0017353404652,65.75,16.735038237138227,6.288775270635432
2017-05-19,single,31.0,20.202897678722035,,,
2017-05-20,single,20.25,22.993690763201034,,,
2017-05-21,single,22.25,24.60327842018821,,,
2017-05-22,single,22.25,25.723659341985528,,,
2017-05-23,double,55.75,21.855572613802824,74.5,24.495182991027832,-3.618885126980868
2017-05-24,double,20.5,25.20479154586792,72.75,22.483158111572266,5.054408333518288
2017-05-25,double,21.75,24.198542508212004,37.25,18.574010502208363,12.114337574351918
2017-05-26,double,37.75,22.17041639848189,72.25,15.718621253967285,7.890932906757701
2017-05-27,single,37.25,21.393507870760832,,,
2017-05-28,double,37.0,20.189037322998047,66.5,15.296514251015402,9.66400111805309
2017-05-29,single,35.75,19.628283760764383,,,
2017-05-30,double,36.25,20.06918612393466,56.25,21.885654969648883,12.309974323619496
2017-05-31,double,20.25,17.785082953316824,35.5,20.31319947676225,8.084536335685037
2017-06-01,single,49.75,22.617692080411043,,,
2017-06-02,double,20.5,20.21712827682495,43.75,26.587790749289773,11.080541610717773
2017-06-03,double,23.0,18.81289308721369,47.25,28.640296069058504,11.087991107593883
2017-06-04,double,25.0,18.603532964533027,49.0,28.615651043978605,12.410944938659668
2017-06-05,double,23.0,18.3373948877508,52.75,25.715571490201082,11.638206221840598
2017-06-06,single,45.25,30.26716596429998,,,
2017-06-07,single,45.5,34.087496324019,,,
2017-06-08,single,44.25,32.81374220414595,,,
2017-06-09,single,51.25,25.65320413762873,,,
2017-06-10,double,21.0,15.34137020111084,56.0,23.01215171813965,2.3844868486577813
2017-06-11,double,21.0,15.260128116607666,50.75,26.732905474576082,-0.39090504429557105
2017-06-12,single,51.25,29.991473631425336,,,
2017-06-13,double,20.5,15.372897028923035,47.5,30.70478023182262,3.67399525642395
2017-06-14,double,24.75,18.429167314009234,47.5,31.730003356933594,1.924157359383323
2017-06-15,double,25.0,16.210141442038797,49.0,23.825701280073687,3.6391072923486885
2017-06-16,single,51.5,20.119698437777433,,,
2017-06-17,single,60.0,25.588335384022106,,,
2017-06-18,double,26.25,16.46165553006259,61.25,33.3761926130815,4.76867133920843
2017-06-19,double,27.5,18.726403843272816,60.0,35.20395833795721,-0.9676580347798087
2017-06-20,double,27.25,21.905606876720082,56.75,35.93046084317294,2.3564200618050317
2017-06-21,double,26.5,18.16106380115856,55.75,33.24131844260476,2.3330461328679863
2017-06-22,single,54.5,36.267269828102805,,,
2017-06-23,single,56.0,38.32515092329545,,,
2017-06-24,single,56.0,38.19110870361328,,,
2017-06-25,single,54.5,35.45636610551314,,,
2017-06-26,single,52.25,38.300689697265625,,,
2017-06-27,single,51.5,34.78101210160689,,,
2017-06-28,double,50.5,28.8651180267334,74.5,19.133090496063232,-1.2283988757566973
2017-06-29,double,42.5,25.09779097817161,57.75,21.86119374361905,13.816147023981268
2017-06-30,single,47.0,22.34201396595348,,,
2017-07-01,single,50.5,23.486940557306465,,,
2017-07-02,single,54.25,27.883488568392668,,,
2017-07-03,single,53.0,26.702638279307973,,,
2017-07-04,single,53.25,28.183327761563387,,,
2017-07-05,single,51.5,31.174311551180754,,,
2017-07-06,single,52.25,31.061539043079723,,,
2017-07-07,single,53.75,33.47182325883345,,,
2017-07-08,single,54.5,33.42167143388228,,,
2017-07-09,single,54.5,29.695405786687676,,,
2017-07-10,single,54.75,30.352072282270953,,,
2017-07-11,single,50.75,31.125809582796965,,,
2017-07-12,single,49.25,35.02771897749467,,,
2017-07-13,single,48.5,32.519724412397906,,,
2017-07-14,single,50.0,29.751737767999824,,,
2017-07-15,single,57.75,26.18400903181596,,,
2017-07-16,single,58.75,29.803347327492453,,,
2017-07-17,single,58.0,25.678248838944867,,,
2017-07-18,double,45.75,23.495457215742633,57.5,19.099998300725762,13.147956588051535
2017-07-19,single,43.25,20.260820042003285,,,
2017-07-20,double,40.5,17.796924244273793,53.0,18.42706194790927,11.218184384432705
2017-07-21,single,43.0,15.977875015952371,,,
2017-07-22,single,46.25,20.535388599742543,,,
2017-07-23,single,46.25,24.76835060119629,,,
2017-07-24,single,47.5,29.368943301114168,,,
2017-07-25,single,49.0,28.6714205308394,,,
2017-07-26,single,49.75,33.146332480690695,,,
2017-07-27,single,50.25,40.72121845592152,,,
2017-07-28,single,50.25,33.48930220170455,,,
2017-07-29,single,46.75,31.371951363303445,,,
2017-07-30,single,46.75,29.340077833695844,,,
2017-07-31,single,51.5,31.516857147216797,,,
2017-08-01,single,49.5,29.086613048206676,,,
2017-08-02,single,47.25,33.57209327004173,,,
2017-08-03,single,49.0,29.897424351085316,,,
2017-08-04,single,54.0,31.64272620461204,,,
2017-08-05,single,55.25,34.78203756159002,,,
2017-08-06,double,42.25,16.894810243086383,54.25,26.9222899350253,11.048656550320713
2017-08-07,double,42.25,17.80486332286488,56.5,23.313833063299004,11.317985361272639
2017-08-08,double,43.5,18.98520382967862,64.5,19.893863331187855,11.982866287231445
2017-08-09,single,64.5,24.268265117298473,,,
2017-08-10,single,60.0,22.071552276611328,,,
2017-08-11,single,54.5,24.638304103504527,,,
2017-08-12,single,52.25,27.11447473005815,,,
2017-08-13,single,53.25,28.15030791542747,,,
2017-08-14,single,47.5,27.20363894375888,,,
2017-08-15,single,46.5,32.94778095592152,,,
2017-08-16,single,46.5,33.880768515846945,,,
2017-08-17,single,47.25,34.082340934059836,,,
2017-08-18,single,47.25,28.365306334062055,,,
2017-08-19,single,46.25,25.515433744950727,,,
2017-08-20,single,51.25,24.058685302734375,,,
2017-08-21,double,49.25,23.770178187977184,66.25,22.49232396212491,11.293731255964799
2017-08-22,double,49.5,23.93021479519931,69.0,17.8978007923473,3.4418461973016914
2017-08-23,single,49.75,25.9047118100253,,,
2017-08-24,single,52.5,25.814258575439453,,,
2017-08-25,double,53.5,31.60470303622159,74.5,15.28551959991455,5.265854315324263
2017-08-26,single,55.25,36.119697917591445,,,
2017-08-27,single,54.25,27.673910314386543,,,
2017-08-28,single,52.25,24.145817323164508,,,
2017-08-29,single,50.75,23.106352372602984,,,
2017-08-30,single,60.75,22.83232134038752,,,
2017-08-31,double,44.25,17.570229963822797,65.25,27.280845988880504,10.997088865800338
2017-09-01,double,43.75,25.006174607710406,63.75,22.2659894769842,6.125698653134433
2017-09-02,double,45.25,28.62648478421298,69.5,21.788917714899238,6.240740949457342
2017-09-03,single,42.5,27.081532044844195,,,
2017-09-04,single,56.25,23.111133748834785,,,
2017-09-05,single,53.0,20.827333103526723,,,
2017-09-06,single,54.75,29.830473639748313,,,
2017-09-07,single,55.75,38.36998159235174,,,
2017-09-08,single,53.75,34.91838004372337,,,
2017-09-09,single,56.75,33.89069851962003,,,
2017-09-10,single,53.5,36.29599519209428,,,
2017-09-11,single,52.0,32.351183284412734,,,
2017-09-12,single,53.5,35.785452062433414,,,
2017-09-13,single,52.0,32.425804138183594,,,
2017-09-14,single,47.75,22.46558206731623,,,
2017-09-15,single,47.5,20.952266866510566,,,
2017-09-16,single,48.5,21.353350205854937,,,
2017-09-17,single,47.5,26.81606604836204,,,
2017-09-18,single,48.0,32.115603013472125,,,
2017-09-19,single,49.25,23.044863614169035,,,
2017-09-20,single,53.5,21.526412096890535,,,
2017-09-21,single,47.75,22.631477529352363,,,
2017-09-22,double,27.5,18.155119635842063,44.75,21.30059641057795,11.61069072376598
2017-09-23,single,45.75,23.169614791870117,,,
2017-09-24,double,26.5,16.660174283114348,47.25,26.672352704134855,11.453325271606445
2017-09-25,double,28.5,15.142895265059037,45.0,26.060128472068094,9.414996493946422
2017-09-26,single,49.5,22.80060386657715,,,
2017-09-27,single,48.0,28.763200759887695,,,
2017-09-28,single,50.25,29.30630857294256,,,
2017-09-29,single,51.0,34.77110602638938,,,
2017-09-30,single,51.0,31.556002356789328,,,
2018-05-01,double,25.5,28.496871948242188,59.0,28.365298011086203,7.967925158413974
2018-05-02,double,24.5,32.953770030628554,57.0,35.32204402576793,4.855356433174827
2018-05-03,double,27.25,38.350890766490586,57.0,33.84603639082475,0.7588881687684492
2018-05-04,double,25.75,37.73134508999911,57.5,30.15054685419256,-0.19126161120154642
2018-05-05,double,24.75,34.72489998557351,55.0,26.74915989962491,-2.20942147211595
2018-05-06,double,26.25,30.5430231961337,62.5,31.401294708251953,-4.764632723548195
2018-05-07,double,25.5,27.996226917613637,49.5,26.068585135719992,-2.4594087492335928
2018-05-08,double,25.0,27.479150251908735,51.5,27.28788809342818,1.675117167559537
2018-05-09,double,22.5,30.416282653808594,46.25,29.334277066317473,7.023161194541237
2018-05-10,double,22.75,23.4663292277943,46.75,31.503069964322176,12.116041096774014
2018-05-11,double,26.75,22.288916674527254,41.75,20.70896391435103,14.340683416886764
2018-05-12,double,26.0,26.329529675570402,74.5,26.763885498046875,-1.0174731828949668
2018-05-13,double,26.0,26.862877759066496,40.25,18.7872314453125,11.794112638993697
2018-05-14,double,25.25,27.82291568409313,40.5,18.715061707930133,12.20422311262651
2018-05-15,double,24.75,27.43320014260032,49.5,17.304329785433683,11.46821169419722
2018-05-16,double,25.5,27.265258268876508,55.5,19.512347481467508,7.895537766543302
2018-05-17,double,24.0,25.98836361278187,51.0,21.723553570834074,7.847165411168879
2018-05-18,double,24.25,25.204612385142934,51.5,26.70709956776012,3.9123651547865435
2018-05-19,double,24.25,27.867924603548918,49.75,21.970056013627485,6.443728143518621
2018-05-20,double,24.5,28.052095066417348,48.5,16.808100787076082,8.654517260464756
2018-05-21,double,24.75,28.156122901222922,69.75,20.47702338478782,5.075666904449463
2018-05-22,double,24.75,25.39059205488725,36.5,20.03058658946644,11.35582429712469
2018-05-23,double,25.0,23.30738639831543,69.0,19.470003128051758,6.526298566298052
2018-05-24,double,23.5,21.18931943720037,71.0,26.86547990278764,0.6007899045944214
2018-05-25,double,24.5,22.664045333862305,66.75,18.465035005049273,5.019459290937944
2018-05-26,double,26.25,20.169443130493164,70.0,25.896791804920543,0.024240220134908504
2018-05-27,single,73.25,28.559453790838067,,,
2018-05-28,double,20.5,20.440891981124878,67.75,19.388262835415926,3.521415103565563
2018-05-29,double,22.5,20.15837270563299,71.25,26.532196218317207,0.9532062275843187
2018-05-30,single,24.75,23.4490554115989,,,
2018-05-31,double,22.75,24.0825533433394,71.0,20.629901365800336,-0.9957182136448947
2018-06-01,double,23.0,23.458838722922586,71.25,21.247833425348457,2.0893181562423706
2018-06-02,double,24.0,23.63477394797585,69.25,33.099200855601914,-2.0110915899276733
2018-06-03,double,24.75,22.545519395308062,69.75,37.277712388472125,-7.707875641909513
2018-06-04,double,40.75,22.970297033136543,71.0,27.53201588717374,-4.68875772302801
2018-06-05,single,25.0,21.042868527499113,,,
2018-06-06,single,25.0,18.188046195290305,,,
2018-06-07,double,38.5,17.792786164717242,57.0,15.534662506797098,7.201307600194758
2018-06-08,double,23.5,15.218186725269664,39.25,19.906752499667082,8.95497937635942
2018-06-09,single,40.75,17.390346353704278,,,
2018-06-10,single,39.5,17.423308805985883,,,
2018-06-11,single,42.5,19.11703283136541,,,
2018-06-12,single,51.25,21.971493114124645,,,
2018-06-13,double,23.5,16.408104809847746,52.25,25.74806629527699,10.157092267816717
2018-06-14,double,25.25,22.441553462635387,50.0,27.49910944158381,4.767730192704634
2018-06-15,double,25.75,24.057465293190695,52.25,29.674902135675605,3.3041234666650947
2018-06-16,double,24.25,20.356627204201438,51.5,31.101198543201793,5.132693464105779
2018-06-17,double,25.25,17.441714200106535,53.75,29.719322377985176,6.29572681947188
2018-06-18,double,27.0,16.94161068309437,55.75,31.490752480246805,2.110306826504794
2018-06-19,double,26.0,18.160986640236594,57.5,40.188017411665484,-1.6997529159892688
2018-06-20,double,27.75,18.64529713717374,59.0,32.361214897849344,0.6266889761794697
2018-06-21,double,28.25,18.426713076504793,54.25,24.81239058754661,2.195577296343717
2018-06-22,double,29.5,16.688004580411043,57.0,21.263708808205344,0.9975620074705644
2018-06-23,double,30.0,15.966062459078701,62.25,20.2299071225253,6.407127206975764
2018-06-24,double,53.75,17.15784853154963,67.5,22.238853974775836,8.084530613639139
2018-06-25,double,36.5,15.292906761169434,57.0,16.166298519481312,9.373497182672674
2018-06-26,double,35.5,17.705724369395863,66.75,22.690939122980293,7.56613133170388
2018-06-27,double,36.5,16.617416035045277,65.0,28.87191356312145,2.1392905061895195
2018-06-28,double,36.5,19.115297664295543,66.25,23.49093315818093,2.364353375001387
2018-06-29,double,34.0,17.760478973388672,72.5,15.993434385819869,-0.06672951511361382
2018-06-30,double,30.0,15.644361756064676,73.25,15.395607514814897,3.7288602048700508
2018-07-01,single,73.5,22.962580940940164,,,
2018-07-02,none,,,,,
2018-07-03,none,,,,,
2018-07-04,single,47.5,15.006758949973367,,,
2018-07-05,single,43.0,18.126656965775922,,,
2018-07-06,double,40.25,19.022934653542258,58.25,23.499359477650035,7.166448333046653
2018-07-07,double,40.25,18.496707916259766,58.75,20.0665019642223,4.542561834508723
2018-07-08,double,38.5,18.775040713223543,63.5,17.782395449551668,5.597332000732422
2018-07-09,double,37.5,17.622760599309746,74.0,19.840574645996092,7.251041412353516
2018-07-10,double,35.25,17.499559922651812,73.25,19.750975001942027,1.0626992529088801
2018-07-11,double,36.0,17.328832626342773,74.5,20.912712335586548,2.9536326581781562
2018-07-12,single,52.0,16.5391037680886,,,
2018-07-13,single,58.0,18.130679217251863,,,
2018-07-14,single,48.25,20.402706319635566,,,
2018-07-15,double,45.25,23.702356338500977,69.5,19.2153601212935,5.682758721438321
2018-07-16,double,39.75,20.789792667735707,72.75,29.05290447581898,1.9244274767962368
2018-07-17,single,39.75,17.585981022227894,,,
2018-07-18,double,40.5,18.52670634876598,61.25,15.309985507618297,3.9032263322310015
2018-07-19,double,33.75,16.492153774608266,61.75,16.092131354592063,3.7996170304038306
2018-07-20,double,35.0,16.117690433155406,62.75,18.950360384854402,5.668255632573908
2018-07-21,double,35.0,18.700748443603516,58.5,18.68949387290261,6.494304440238259
2018-07-22,double,34.5,17.260471864180133,55.0,24.741307518698953,6.631723143837669
2018-07-23,double,36.75,17.7711915102872,54.0,25.525596792047676,6.057907884771174
2018-07-24,double,36.25,18.959726160222832,55.0,20.651032881303266,9.740632664073598
2018-07-25,double,37.25,18.370777303522285,56.25,25.55954308943315,7.008079962296919
2018-07-26,double,34.0,16.878742218017578,67.25,20.012771259654652,8.217360756613992
2018-07-27,single,45.0,17.17545526677912,,,
2018-07-28,single,48.75,27.573985186490145,,,
2018-07-29,single,50.25,31.374719966541637,,,
2018-07-30,single,48.0,28.729368556629527,,,
2018-07-31,single,48.0,26.95692946694114,,,
2018-08-01,single,52.25,20.0236271944913,,,
2018-08-02,single,56.75,26.42491288618608,,,
2018-08-03,single,57.25,26.57169567454945,,,
2018-08-04,single,56.5,29.350364338267934,,,
2018-08-05,single,56.5,27.508162931962445,,,
2018-08-06,single,55.5,26.54513913934881,,,
2018-08-07,single,48.75,19.120396180586383,,,
2018-08-08,single,49.25,17.973723671653055,,,
2018-08-09,single,63.0,17.86423683166504,,,
2018-08-10,single,51.75,20.35953816500577,,,
2018-08-11,single,50.0,22.12931216846813,,,
2018-08-12,single,55.75,24.170364033092152,,,
2018-08-13,single,55.25,30.671851244839754,,,
2018-08-14,double,34.25,16.190517685630105,54.0,34.69544289328835,6.848287235606801
2018-08-15,double,35.0,19.450753472068094,55.25,31.240049015391957,6.4999848279086025
2018-08-16,double,33.5,20.102164008400656,58.0,27.58644780245694,6.095100749622691
2018-08-17,double,34.5,15.2431809685447,57.75,32.21568610451438,6.9902566996487705
2018-08-18,single,57.5,31.198964899236504,,,
2018-08-19,double,32.75,16.281590721823953,58.75,33.39859875765714,3.498068159276789
2018-08-20,double,32.75,18.201752229170367,59.0,38.502982746471055,3.4876567233692515
2018-08-21,double,31.75,16.515750018033113,57.5,38.28872507268732,4.50137675892223
2018-08-22,double,32.5,15.695094628767533,56.75,38.795717759565875,0.6125527012415908
2018-08-23,double,32.75,16.64777521653609,60.5,33.987001245672054,2.3729336911981758
2018-08-24,double,32.25,15.068252910267223,56.5,28.788129459727894,1.4880733489990234
2018-08-25,double,31.5,15.956793958490545,57.5,28.057872598821465,1.6993021856654773
2018-08-26,double,30.75,15.796378222378818,54.5,37.665806857022375,3.8999557061628862
2018-08-27,double,30.75,15.130950580943715,53.5,34.424673253839664,6.554665912281383
2018-08-28,single,51.5,23.50431997125799,,,
2018-08-29,double,33.25,16.197115377946332,51.25,23.315917101773348,3.5966880971735176
2018-08-30,double,51.75,27.48632673783736,73.0,18.845198197798297,11.337380929426713
2018-08-31,single,55.5,26.36186391657049,,,
2018-09-01,single,59.0,26.63355757973411,,,
2018-09-02,single,65.25,23.96723799272017,,,
2018-09-03,double,38.5,15.19634992426092,72.25,22.26234990900213,4.671251080252907
2018-09-04,single,74.75,17.974070412772043,,,
2018-09-05,double,38.0,17.855295701460406,68.75,18.745525360107422,8.559615828774191
2018-09-06,double,36.75,15.37446169419722,53.25,18.763498653065074,7.73395976153287
2018-09-07,double,29.75,15.724006999622691,51.75,30.535716490312055,9.244259227405895
2018-09-08,single,51.75,33.531227111816406,,,
2018-09-09,single,53.0,34.30789496681907,,,
2018-09-10,single,54.75,34.26882067593661,,,
2018-09-11,single,57.25,40.76075848666105,,,
2018-09-12,single,57.5,41.86812348799272,,,
2018-09-13,single,56.5,37.2790281122381,,,
2018-09-14,double,35.75,15.81971619345925,56.5,36.96870422363281,9.769222606312145
2018-09-15,single,55.75,38.72484623302113,,,
2018-09-16,single,54.5,34.529360337690875,,,
2018-09-17,single,58.0,30.0968768379905,,,
2018-09-18,single,50.5,29.448651400479402,,,
2018-09-19,single,50.0,37.437429601495914,,,
2018-09-20,single,49.0,38.68316511674361,,,
2018-09-21,single,50.5,38.31416702270508,,,
2018-09-22,single,53.75,45.644262140447445,,,
2018-09-23,single,53.0,44.31047890403054,,,
2018-09-24,double,22.25,15.181929414922541,55.0,35.80910041115501,-8.129589167508213
2018-09-25,double,22.75,16.762527639215644,61.0,33.774511163884945,-1.942319024692882
2018-09-26,double,20.75,19.231506559583877,61.75,48.81136148626154,-0.9505107023499229
2018-09-27,double,21.5,22.68800163269043,60.0,45.16908125443892,-8.687029578469016
2018-09-28,double,21.75,23.071814797141336,57.25,32.649228529496625,-4.028581922704523
2018-09-29,double,24.25,23.677995334972035,59.0,45.16868036443537,-3.6922897642309014
2018-09-30,single,58.75,42.55497082796964,,,
2019-05-01,double,23.25,40.43431784889915,43.25,21.04322485490279,14.138668060302734
2019-05-02,single,23.0,40.481658935546875,,,
2019-05-03,single,20.5,39.18027210235596,,,
2019-05-04,single,32.25,26.246483889493074,,,
2019-05-05,single,39.75,29.34656992825595,,,
2019-05-06,single,41.5,36.017176541415125,,,
2019-05-07,double,24.0,24.632712277499113,43.0,35.46813271262429,18.18730926513672
2019-05-08,double,22.25,27.160741459239613,44.5,40.82589409568093,15.771950548345393
2019-05-09,single,43.25,39.919065648859196,,,
2019-05-10,single,41.75,32.04731403697621,,,
2019-05-11,single,42.75,24.31589629433372,,,
2019-05-12,single,41.25,22.576773036609996,,,
2019-05-13,single,40.0,19.663552370938387,,,
2019-05-14,double,43.5,24.503510908647016,72.5,15.001492153514516,2.3757027062502774
2019-05-15,single,45.75,23.876048868352715,,,
2019-05-16,double,21.75,24.284861304543234,46.75,20.45237125049938,9.200980013067072
2019-05-17,double,20.5,24.67984127998352,46.75,23.525401375510476,10.064267852089621
2019-05-18,single,39.5,24.682492169466887,,,
2019-05-19,single,40.25,27.03167100386186,,,
2019-05-20,single,39.0,30.258961937644266,,,
2019-05-21,single,39.0,30.41002655029297,,,
2019-05-22,double,41.25,29.815569964322176,66.25,15.494023236361416,-8.208928845145486
2019-05-23,double,36.0,18.92784274708141,67.75,16.93800215287642,-6.433101567355069
2019-05-24,double,36.5,19.753841226751153,55.75,15.063020099293102,9.452957326715643
2019-05-25,single,46.0,17.544298345392402,,,
2019-05-26,single,52.5,26.469599290327594,,,
2019-05-27,single,53.25,34.57056322964755,,,
2019-05-28,double,41.0,19.06309769370339,56.0,21.276493419300426,13.653104955499822
2019-05-29,double,41.5,25.450958945534445,58.75,20.967588771473277,12.41860224983909
2019-05-30,double,42.5,21.782488736239348,58.0,19.65353913740678,13.840587529269131
2019-05-31,single,46.5,19.773045106367633,,,
2019-06-01,double,21.5,24.61806869506836,48.25,21.682932246815074,4.313155781139027
2019-06-02,double,23.75,21.18880237232555,49.5,27.3726073178378,6.225522821599787
2019-06-03,double,26.0,19.0750956101851,48.5,23.362831115722656,6.9700284437699755
2019-06-04,double,26.0,20.364559173583984,58.5,19.248780163851652,9.492825854908336
2019-06-05,double,22.25,21.817691976373847,64.25,19.776246330954812,6.9334308017383925
2019-06-06,double,44.5,23.382950175892223,70.25,23.414010134610262,-5.7735067714344375
2019-06-07,double,25.0,20.04653549194336,43.25,21.5799033425071,8.269785274158824
2019-06-08,double,25.0,20.713659459894355,47.0,23.622860128229316,6.357368165796453
2019-06-09,double,23.5,20.610205043445934,52.25,22.036237196488813,7.68344614722512
2019-06-10,double,22.0,20.91476769880815,73.5,15.936181155118076,-3.8324884067882192
2019-06-11,double,25.25,22.521528764204547,41.0,17.942537307739258,11.008707306601785
2019-06-12,single,22.75,22.619219346479937,,,
2019-06-13,double,22.75,20.024941877885297,43.0,18.777502233331855,12.38446400382302
2019-06-14,single,28.75,19.43982002951882,,,
2019-06-15,single,31.5,20.91234155134721,,,
2019-06-16,double,35.25,29.07209552418102,73.0,20.100900476629082,-6.689711570739746
2019-06-17,double,35.0,25.223819385875355,69.5,16.70599512620406,-3.309757492759011
2019-06-18,single,39.25,22.532054034146395,,,
2019-06-19,double,42.25,26.27324173667214,63.75,16.59298914129084,3.841562032699585
2019-06-20,single,42.25,28.689666574651543,,,
2019-06-21,single,41.25,27.44529151916504,,,
2019-06-22,double,41.5,23.906403628262606,57.5,21.965985038063742,10.833075436678799
2019-06-23,double,41.0,21.56612309542569,60.5,27.298952796242453,4.641122991388494
2019-06-24,double,38.75,15.279815847223455,64.0,20.64959109913219,6.03847633708607
2019-06-25,single,63.25,26.64566490866921,,,
2019-06-26,single,65.5,23.69434963573109,,,
2019-06-27,double,36.0,16.501934138211336,66.75,23.561981894753195,-0.9869620854204352
2019-06-28,single,65.0,26.553410269997336,,,
2019-06-29,single,62.25,21.753794063221324,,,
2019-06-30,single,59.5,25.91547393798828,,,
2019-07-01,single,56.75,24.470886057073418,,,
2019-07-02,single,56.0,27.64436877857555,,,
2019-07-03,single,59.5,25.79629828713157,,,
2019-07-04,double,36.0,16.36210060119629,60.5,27.23389833623713,6.070118080485951
2019-07-05,double,36.75,16.950955997813832,57.75,23.311616377397016,3.8226915056055244
2019-07-06,double,33.75,16.21752747622403,55.25,26.099903106689453,10.342957583340732
2019-07-07,single,52.5,24.12547562339089,,,
2019-07-08,single,48.25,24.92460857738148,,,
2019-07-09,single,48.25,31.516082243485883,,,
2019-07-10,single,48.5,28.246152877807617,,,
2019-07-11,single,51.5,23.21812803095037,,,
2019-07-12,single,56.25,18.65484046936035,,,
2019-07-13,double,41.0,23.233103145252574,62.25,16.259659160267223,7.401976065202192
2019-07-14,double,39.25,28.115555329756305,66.25,19.444471185857598,1.564626617865129
2019-07-15,single,38.75,23.444869648326527,,,
2019-07-16,double,36.25,20.627831025557086,51.75,20.965966311368074,14.706753817471592
2019-07-17,single,50.25,23.720440257679332,,,
2019-07-18,double,32.0,16.304892800071023,47.5,25.548162286931817,10.95340312610973
2019-07-19,single,47.5,27.15046605196866,,,
2019-07-20,single,48.25,29.78464837507768,,,
2019-07-21,single,49.0,24.021143999966707,,,
2019-07-22,single,50.0,19.732643474232066,,,
2019-07-23,single,47.75,23.284731431440875,,,
2019-07-24,single,51.5,22.77110342545943,,,
2019-07-25,single,50.5,26.131826053966176,,,
2019-07-26,single,49.25,28.787169196388938,,,
2019-07-27,single,42.0,24.891248529607598,,,
2019-07-28,single,41.0,24.543528990312055,,,
2019-07-29,single,42.75,20.972061330621894,,,
2019-07-30,single,42.0,21.09259622747248,,,
2019-07-31,single,49.75,19.050571961836383,,,
2019-08-01,single,45.5,21.546532370827414,,,
2019-08-02,single,44.25,23.32671512256969,,,
2019-08-03,single,47.5,29.25914140181108,,,
2019-08-04,single,47.25,28.88895017450506,,,
2019-08-05,single,47.75,28.565174449573863,,,
2019-08-06,single,46.0,29.002601970325816,,,
2019-08-07,single,42.5,28.579750407825816,,,
2019-08-08,single,41.5,28.502757852727715,,,
2019-08-09,single,43.5,24.325002150102094,,,
2019-08-10,single,48.75,27.48800416426225,,,
2019-08-11,single,51.0,31.156756661155008,,,
2019-08-12,single,49.0,27.766990661621094,,,
2019-08-13,single,49.75,33.160374728116125,,,
2019-08-14,single,49.0,33.67969235506925,,,
2019-08-15,single,47.75,35.22678687355735,,,
2019-08-16,single,47.5,36.56843879006126,,,
2019-08-17,single,46.5,36.78262849287553,,,
2019-08-18,single,44.25,31.29689667441628,,,
2019-08-19,single,43.75,29.630510156804863,,,
2019-08-20,single,53.75,32.82566452026367,,,
2019-08-21,single,53.5,30.281916878440164,,,
2019-08-22,single,53.0,26.742741671475496,,,
2019-08-23,double,49.75,25.62390275435014,59.75,27.656032388860528,20.452862999655984
2019-08-24,single,60.25,24.956674229015004,,,
2019-08-25,single,63.5,23.206879182295367,,,
2019-08-26,double,44.25,16.10558743910356,68.0,19.23019790649414,8.176262638785623
2019-08-27,double,45.75,16.71068625016646,62.5,16.446884502064098,10.577543171969326
2019-08-28,single,54.5,19.461152163418856,,,
2019-08-29,single,55.25,30.718203804709695,,,
2019-08-30,single,58.75,29.71262671730735,,,
2019-08-31,double,32.25,15.322099685668945,54.75,24.488381819291547,-0.2941606246273626
2019-09-01,double,30.0,16.417786858298562,54.75,27.491228797219016,0.600454262711785
2019-09-02,double,29.5,16.419672445817426,56.25,29.981999137184836,2.6300701878287573
2019-09-03,double,30.5,15.56535512750799,56.0,30.039124402132902,1.98720337044109
2019-09-04,double,30.25,16.48490923101252,58.0,26.163537112149324,0.49867379800839856
2019-09-05,double,30.0,16.03369071266868,58.5,31.43697114424272,4.951223330064253
2019-09-06,single,55.25,24.679859508167613,,,
2019-09-07,single,51.0,21.9864765514027,,,
2019-09-08,double,28.75,15.083187276666814,56.5,21.101212935014203,2.7477798245169898
2019-09-09,single,47.0,22.304424979469992,,,
2019-09-10,double,29.75,16.36815712668679,50.5,24.760068373246625,3.1570239717310127
2019-09-11,double,29.5,15.333446849476207,54.75,33.900236649946734,-0.8166611573912881
2019-09-12,single,56.75,38.03430037064986,,,
2019-09-13,double,32.0,16.669918580488726,56.75,41.39933603460138,1.3563020337711682
2019-09-14,single,58.25,43.72375765713778,,,
2019-09-15,single,59.0,52.981604142622515,,,
2019-09-16,double,35.75,18.304781653664328,58.5,41.61324969204989,-3.374350656162609
2019-09-17,double,35.5,20.649978637695312,62.5,25.617597406560723,4.154222358356822
2019-09-18,double,39.0,23.445970708673652,67.25,24.889375339854848,11.920154138044877
2019-09-19,double,44.75,26.597034974531695,69.5,28.824704083529387,4.582512291994962
2019-09-20,double,43.0,24.577325994318183,70.25,33.403202056884766,4.703518824143843
2019-09-21,double,42.5,23.471854990178887,69.0,22.553979180075906,4.7265212752602315
2019-09-22,single,42.5,26.38382807644931,,,
2019-09-23,single,45.5,29.47659093683416,,,
2019-09-24,single,48.75,33.72704003073952,,,
2019-09-25,single,49.25,33.85106832330877,,,
2019-09-26,single,48.75,34.52970504760742,,,
2019-09-27,single,48.25,32.688537944446914,,,
2019-09-28,single,46.75,34.437376889315516,,,
2019-09-29,single,48.5,32.262699994173914,,,
2019-09-30,single,47.0,32.43091895363548,,,
2020-05-01,single,46.0,29.904130935668945,,,
2020-05-02,single,49.0,24.32064437866211,,,
2020-05-03,double,32.0,21.352062051946465,62.25,21.000118949196555,14.213297323747115
2020-05-04,double,35.0,28.141868938099254,67.5,25.89086255160245,4.9557530229741875
2020-05-05,double,39.5,24.992081728848543,66.25,34.82289435646751,-7.333919265053489
2020-05-06,double,40.5,33.461971976540305,65.5,30.10955082286488,-14.885116317055441
2020-05-07,double,39.5,27.857969630848277,65.75,30.51133901422674,-5.074720165946267
2020-05-08,double,38.25,23.57717687433416,65.25,26.032208702780984,-1.4773603013970635
2020-05-09,double,39.75,28.32344766096635,66.0,21.123932578346945,2.939542293548584
2020-05-10,double,38.25,32.82082401622426,71.75,26.206256172873758,7.220878687771884
2020-05-11,double,38.75,36.50186261263761,71.75,19.73723168806596,4.873709201812744
2020-05-12,single,41.75,38.69968865134499,,,
2020-05-13,single,38.5,30.43448864329945,,,
2020-05-14,single,34.75,27.01438400962136,,,
2020-05-15,single,45.25,22.81161290949041,,,
2020-05-16,single,46.5,27.493541023947976,,,
2020-05-17,single,47.75,27.08829550309615,,,
2020-05-18,double,39.75,21.72002566944469,54.75,24.140290173617277,15.805185317993164
2020-05-19,double,40.25,29.341721274636008,54.5,19.645524285056375,13.93012723055753
2020-05-20,single,40.5,34.06677107377486,,,
2020-05-21,single,40.75,26.746581857854668,,,
2020-05-22,double,22.25,20.91294305974787,49.25,30.14226549321955,13.016297600486062
2020-05-23,double,23.5,20.99049152027477,46.0,32.770142641934484,4.2477287812666455
2020-05-24,double,24.75,18.580675645308062,43.75,28.343774101950906,5.591187953948975
2020-05-25,double,24.0,18.60131697221236,55.0,17.201032118363813,11.85909435965798
2020-05-26,double,24.5,18.953617095947266,59.75,23.439973310990766,5.770067518407648
2020-05-27,double,27.5,21.92601186578924,57.5,21.449399081143465,4.674567612734708
2020-05-28,double,26.75,23.26114099675959,69.25,18.16450275074352,6.166293230923739
2020-05-29,single,27.5,23.407624331387606,,,
2020-05-30,double,23.75,24.96918470209295,58.5,15.84616400978782,7.790042833848433
2020-05-31,double,23.0,23.281436226584695,58.0,18.884350169788707,0.9040337638421492
2020-06-01,double,25.25,22.317797920920633,63.0,21.745500044389203,-0.986590944907882
2020-06-02,double,31.5,23.207263252951883,66.0,28.31816864013672,-1.6416656645861538
2020-06-03,double,32.0,25.39863256974654,68.25,32.77474854209206,-0.24308772198855877
2020-06-04,double,29.5,23.89102554321289,67.75,21.97371586886319,4.375862208279696
2020-06-05,double,23.5,22.843645269220527,51.0,20.377141779119317,10.34601506319913
2020-06-06,double,23.75,23.488155885176226,50.0,24.240999568592418,12.016940637068315
2020-06-07,double,24.75,23.327035210349344,52.0,20.236712195656516,13.908830035816539
2020-06-08,double,25.25,23.075776360251687,56.0,25.247088865800336,6.239821390672163
2020-06-09,double,27.5,26.16023202375932,59.0,21.217419364235617,1.1190617192875256
2020-06-10,single,28.75,27.691126910122957,,,
2020-06-11,single,28.25,24.66288254477761,,,
2020-06-12,double,30.0,20.07306445728649,60.75,16.22390296242454,1.6417469869960437
2020-06-13,double,30.25,19.13421665538441,59.75,16.00714986974543,0.10037258572199127
2020-06-14,double,30.5,18.417809573086824,64.75,18.8162767236883,3.4534946354952725
2020-06-15,single,31.25,19.877552379261363,,,
2020-06-16,single,36.75,19.811888087879527,,,
2020-06-17,single,36.25,21.574013103138316,,,
2020-06-18,double,37.0,22.250843568281695,72.25,18.638236826116387,0.380804069086232
2020-06-19,single,46.75,24.25841452858665,,,
2020-06-20,single,47.75,28.047060012817383,,,
2020-06-21,double,31.25,21.766218532215465,49.5,30.307878494262695,11.815126765858043
2020-06-22,double,32.0,18.20638673955744,53.0,21.39077273282138,9.005559487776322
2020-06-23,double,30.25,17.092853199351918,52.25,18.9453331340443,9.538124517960982
2020-06-24,double,29.75,17.0580057664351,55.0,18.04860479181463,8.399422818964178
2020-06-25,double,29.25,16.165576934814453,56.75,17.80168949473988,8.02264217896895
2020-06-26,double,53.75,16.98362263766202,68.0,17.30711590160023,8.538386171514338
2020-06-27,single,50.75,29.41890352422541,,,
2020-06-28,single,50.5,27.34648860584606,,,
2020-06-29,single,49.0,28.507788051258434,,,
2020-06-30,single,48.0,26.4460993680087,,,
2020-07-01,single,54.0,28.33747777071866,,,
2020-07-02,single,53.75,34.410616094415836,,,
2020-07-03,single,53.75,34.34463951804421,,,
2020-07-04,single,51.75,36.111662431196734,,,
2020-07-05,single,53.0,42.894670659845524,,,
2020-07-06,double,31.0,15.745487473227762,54.75,33.94693097201261,2.0330629023638638
2020-07-07,double,34.25,15.550251700661399,55.5,32.19340619173917,10.000297893177379
2020-07-08,double,37.0,17.040334007956766,53.25,30.327491413463246,7.6553685014898125
2020-07-09,double,36.5,18.0766807902943,52.25,29.74441771073775,5.831834706393155
2020-07-10,double,35.25,18.700349460948598,51.75,21.782982912930574,9.56365593996915
2020-07-11,double,36.0,20.256682656028055,60.0,22.592206087979402,10.21767789667303
2020-07-12,double,35.25,19.748190793124113,59.75,25.211698705499824,10.28466744856401
2020-07-13,double,35.25,17.70766691728072,61.25,27.681668541648172,8.929172429171475
2020-07-14,double,36.5,17.59018967368386,60.75,22.3470476323908,8.234657721085982
2020-07-15,single,53.5,18.399178418246183,,,
2020-07-16,single,55.5,18.326908284967597,,,
2020-07-17,double,37.5,17.495448892766778,57.5,20.19804642417214,11.034553787925027
2020-07-18,double,37.0,17.6700514013117,58.0,15.90286922454834,9.476815657182174
2020-07-19,single,42.0,18.888322483409535,,,
2020-07-20,single,50.5,18.68179529363459,,,
2020-07-21,single,49.5,23.528545379638672,,,
2020-07-22,single,50.0,29.297575690529563,,,
2020-07-23,single,48.25,32.65276336669922,,,
2020-07-24,single,49.0,32.65967230363326,,,
2020-07-25,single,48.75,32.86613845825195,,,
2020-07-26,single,49.25,33.76605779474432,,,
2020-07-27,single,50.5,29.985591368241742,,,
2020-07-28,single,49.25,30.024371407248758,,,
2020-07-29,single,49.25,27.57338454506614,,,
2020-07-30,single,53.5,26.236834612759676,,,
2020-07-31,single,48.5,24.31595195423473,,,
2020-08-01,single,47.5,29.265166716142133,,,
2020-08-02,single,46.0,24.492501518943094,,,
2020-08-03,single,57.5,28.719920938665215,,,
2020-08-04,single,55.75,30.692623485218395,,,
2020-08-05,single,53.75,22.124561483209785,,,
2020-08-06,single,63.25,18.36265043778853,,,
2020-08-07,single,50.0,20.066174940629438,,,
2020-08-08,single,47.5,19.416288549249824,,,
2020-08-09,single,65.0,17.62935586409135,,,
2020-08-10,double,37.0,15.9532358863137,58.75,18.493610382080078,10.172605254433371
2020-08-11,double,35.5,16.886028289794922,62.75,19.42044917019931,7.826729731126265
2020-08-12,single,63.75,20.532534686001863,,,
2020-08-13,double,39.75,16.623549374667082,66.5,24.643069007179953,-3.0132127675143154
2020-08-14,double,42.5,19.201523520729758,66.0,30.258026296442207,-0.027658866041085937
2020-08-15,double,42.25,23.591211318969727,68.0,32.6101658561013,-0.33327285979281773
2020-08-16,double,43.75,28.76608761874112,71.25,19.486625497991387,-0.2045930972830816
2020-08-17,double,43.0,29.469449303366922,72.5,22.74873768199574,-2.5409533977508545
2020-08-18,double,46.75,29.885983207009055,70.5,21.973041361028496,-10.239131580699574
2020-08-19,single,43.75,30.884166544133965,,,
2020-08-20,double,42.75,27.037070881236684,69.25,15.63490850275213,0.398147466507825
2020-08-21,double,49.0,26.53307463906028,71.75,15.298932942477139,0.5690407942641865
2020-08-22,single,49.0,30.14424601468173,,,
2020-08-23,single,48.75,31.78565094687722,,,
2020-08-24,single,48.25,34.89955589988015,,,
2020-08-25,single,49.0,37.61691804365678,,,
2020-08-26,single,50.25,34.29762372103605,,,
2020-08-27,double,48.75,33.817902998490766,72.75,15.724712285128506,6.579129912636497
2020-08-28,double,46.5,30.724262237548828,69.5,23.448205774480645,4.569632313468239
2020-08-29,double,44.75,24.412395650690254,70.75,25.65279267051003,5.2176173383539375
2020-08-30,double,46.5,21.168688340620562,72.25,18.681154771284625,9.05116029219194
2020-08-31,double,51.75,25.811527598987926,72.25,23.752579602328215,5.080901536074552
2020-09-01,double,44.5,21.52037308432839,70.5,16.194040298461914,8.510300289500844
2020-09-02,single,46.5,22.35381906682795,,,
2020-09-03,double,55.0,25.504797501997515,73.25,15.228620529174805,7.120089834386652
2020-09-04,single,55.25,33.37802436135032,,,
2020-09-05,single,57.75,31.310931986028496,,,
2020-09-06,single,58.0,28.166339007290926,,,
2020-09-07,single,59.0,36.404837521639735,,,
2020-09-08,single,60.0,43.18252390081232,,,
2020-09-09,single,55.75,40.86096850308505,,,
2020-09-10,single,55.25,43.42859614979137,,,
2020-09-11,double,31.0,17.08814014088024,54.25,42.77003374966708,1.435977123000405
2020-09-12,double,32.25,15.467315240339799,56.25,43.038325569846414,2.294691952792081
2020-09-13,double,30.75,15.821906436573375,59.0,40.73260844837535,6.507760698145086
2020-09-14,double,30.75,16.363947781649504,63.0,38.8524416143244,3.4321971156380395
2020-09-15,single,66.0,31.54978422685103,,,
2020-09-16,single,56.25,24.984814730557527,,,
2020-09-17,double,35.75,19.284714091907848,67.25,28.92957149852406,8.499765136025168
2020-09-18,double,35.75,20.578581029718574,66.25,32.82479407570579,5.18635858188976
2020-09-19,single,60.25,32.50405484979803,,,
2020-09-20,single,65.25,39.61208135431463,,,
2020-09-21,single,63.75,41.63963144475763,,,
2020-09-22,single,63.75,40.59623302112926,,,
2020-09-23,single,55.0,28.245282606645063,,,
2020-09-24,single,47.25,25.708487250588156,,,
2020-09-25,double,50.25,25.38680111278187,71.5,23.643216566606,11.387595783580434
2020-09-26,single,39.75,21.608864524147727,,,
2020-09-27,single,38.5,21.328305504538797,,,
2020-09-28,double,37.5,21.717974055897106,51.75,21.340626803311434,13.394240986217152
2020-09-29,single,54.25,26.194332296198066,,,
2020-09-30,double,29.0,15.506999102505771,58.75,26.137664101340555,10.332453987815164
2021-05-01,double,22.25,29.82548037442294,44.0,29.3258262981068,9.265985575589267
2021-05-02,double,20.5,28.11673593521118,43.0,24.397342681884766,12.502564256841486
2021-05-03,double,20.75,26.205812454223633,44.75,27.53320954062722,13.064275741577148
2021-05-04,double,23.5,27.598106210882012,44.25,33.91414364901456,10.945810231295498
2021-05-05,double,23.25,26.29688835144043,47.25,40.40904513272372,12.09806303544478
2021-05-06,double,24.25,24.00630604137074,47.25,45.99786793101918,12.377931681546299
2021-05-07,double,24.5,25.39659274708141,46.0,40.69621519608931,14.518090161410244
2021-05-08,double,23.75,24.829598513516512,46.25,33.45951461791992,15.079763585870916
2021-05-09,single,38.25,24.9284874309193,,,
2021-05-10,double,40.75,30.19233547557484,67.0,20.64033456282182,6.258050441741943
2021-05-11,double,43.25,36.98360477794301,68.75,23.26636383750222,-2.774287787350741
2021-05-12,double,42.25,37.80420129949396,68.5,23.731143604625355,-6.940436493266713
2021-05-13,double,41.5,40.02555881847035,70.0,19.984278765591707,-10.878444931723855
2021-05-14,double,43.25,38.134246132590555,72.25,19.005051005970348,-8.906047474254262
2021-05-15,double,45.5,42.685978629372336,71.5,17.48736745660955,-6.408907326785001
2021-05-16,single,44.25,45.42391031438654,,,
2021-05-17,single,44.0,50.95870382135565,,,
2021-05-18,single,45.0,40.852900071577594,,,
2021-05-19,single,42.75,36.00368257002397,,,
2021-05-20,single,41.75,34.73029292713512,,,
2021-05-21,single,41.75,35.196498524058946,,,
2021-05-22,single,37.75,28.456741853193805,,,
2021-05-23,single,48.25,33.771213878284804,,,
2021-05-24,single,45.75,27.83456906405362,,,
2021-05-25,single,45.0,26.353485627607867,,,
2021-05-26,single,49.25,29.623770453713156,,,
2021-05-27,double,24.75,21.172103014859285,51.0,29.507963180541992,12.045531793074174
2021-05-28,double,21.5,20.649396896362305,51.0,29.661979155106977,9.02424482865767
2021-05-29,single,47.5,28.646741000088777,,,
2021-05-30,single,47.75,27.15368513627486,,,
2021-05-31,single,42.0,20.91901987249201,,,
2021-06-01,double,22.5,24.14544036171653,39.0,21.957711653275922,3.8437682715329258
2021-06-02,double,21.0,24.092220878601076,38.5,17.52335010875355,9.287777120416814
2021-06-03,single,50.5,17.470564061945137,,,
2021-06-04,double,21.5,22.588214007290926,73.5,23.402843822132457,-4.652620922435414
2021-06-05,double,21.75,22.07079488580877,47.0,22.748336098410867,7.047340653159401
2021-06-06,double,21.75,20.890256534923207,45.25,20.879480188543145,5.043670524250377
2021-06-07,single,37.0,18.852121526544746,,,
2021-06-08,double,35.5,19.477461034601387,52.75,23.16068319840865,9.238286191766912
2021-06-09,double,24.0,16.102962147105824,50.0,25.209419423883613,8.574693766507236
2021-06-10,double,25.0,17.355849179354582,49.25,21.26733935963024,7.411409334702925
2021-06-11,double,25.75,19.347977378151633,55.75,26.62737343528054,6.03070103038441
2021-06-12,double,24.75,20.488538568670098,58.75,22.647825587879527,2.0360800461335615
2021-06-13,double,24.75,19.330117659135297,58.0,21.95819195834073,4.893869313326749
2021-06-14,double,24.5,18.52710567821156,59.5,26.708206350153144,6.20262471112338
2021-06-15,double,24.0,16.72865278070623,60.75,25.182899821888316,4.668072180314497
2021-06-16,single,61.5,24.88049853931774,,,
2021-06-17,single,59.0,24.18575026772239,,,
2021-06-18,single,59.75,23.60095145485618,,,
2021-06-19,single,61.5,21.735864292491566,,,
2021-06-20,double,40.5,18.432492169466887,62.5,24.24827072837136,8.356526071375066
2021-06-21,double,41.0,20.523607427423652,62.75,23.137626474553887,3.163513725454157
2021-06-22,single,63.25,23.096938393332742,,,
2021-06-23,single,64.0,27.371587233109906,,,
2021-06-24,single,68.5,29.919476942582563,,,
2021-06-25,single,71.0,26.00588469071822,,,
2021-06-26,double,30.0,15.750714302062988,66.5,24.050488211891867,-1.1664499206976457
2021-06-27,double,30.25,17.17779714410955,65.75,26.132338783957742,-0.16481819613413376
2021-06-28,double,31.75,18.272981990467418,66.5,25.463531147349965,2.958415464921431
2021-06-29,double,44.0,17.72884611649947,70.75,19.47353831204501,2.660728693008423
2021-06-30,single,41.0,25.87989633733576,,,
2021-07-01,double,40.5,30.08395680514249,72.25,28.35799113186923,-7.736246152357622
2021-07-02,double,45.0,29.31655519658869,72.0,31.266265695745293,-11.007817961952902
2021-07-03,double,46.75,35.726200797341086,72.25,24.47083126414906,-12.150714614174582
2021-07-04,single,47.25,40.179190548983485,,,
2021-07-05,single,47.5,29.01622824235396,,,
2021-07-06,double,41.5,21.923690275712445,64.25,17.031400160356,6.247573072260076
2021-07-07,single,40.75,16.101570562882856,,,
2021-07-08,single,48.0,16.99254694851962,,,
2021-07-09,double,48.75,23.502013986760918,72.75,19.335811441594903,4.939819986169988
2021-07-10,single,49.25,21.162342071533203,,,
2021-07-11,single,46.25,19.354208165949043,,,
2021-07-12,double,46.0,19.718938133933328,56.5,18.962467020208184,13.413867430253463
2021-07-13,single,43.0,18.473284808072176,,,
2021-07-14,double,40.75,18.645835182883523,61.75,22.38572831587358,3.282692779194225
2021-07-15,double,38.75,19.050507111982867,64.0,25.542204770174894,0.4306947532194582
2021-07-16,double,33.0,17.471967003562234,63.25,24.65542984008789,1.18439490144903
2021-07-17,double,32.25,17.755054647272285,61.25,26.969130776145242,-1.951221314343539
2021-07-18,double,31.5,17.876977920532227,73.25,28.458470604636453,6.637385715137828
2021-07-19,double,42.0,17.55950251492587,70.0,21.955711711536754,1.552974971857938
2021-07-20,double,42.5,20.47364685752175,64.75,17.056875575672496,3.679101683876731
2021-07-21,double,41.5,19.703662178733133,68.25,23.714392575350676,7.067049503326416
2021-07-22,double,42.75,19.845157276500355,71.5,18.672074751420453,10.004184462807395
2021-07-23,single,42.75,20.48918411948464,,,
2021-07-24,single,45.75,22.28081078962846,,,
2021-07-25,single,47.75,20.49243857643821,,,
2021-07-26,single,49.5,21.89098462191495,,,
2021-07-27,single,47.0,18.509151978926226,,,
2021-07-28,single,51.25,25.449750033291902,,,
2021-07-29,single,50.75,25.207170313054863,,,
2021-07-30,single,48.75,25.90696872364391,,,
2021-07-31,single,45.0,22.578764481977984,,,
2021-08-01,single,44.5,21.533572803844105,,,
2021-08-02,single,48.25,31.858959891579367,,,
2021-08-03,single,47.75,38.45321412519975,,,
2021-08-04,single,48.75,44.130676616321914,,,
2021-08-05,single,48.0,43.491635062477805,,,
2021-08-06,double,47.0,31.425093390724875,59.75,15.84626613963734,10.558942361311479
2021-08-07,single,50.75,25.960939754139293,,,
2021-08-08,single,46.5,24.684959931807086,,,
2021-08-09,single,49.25,25.52895095131614,,,
2021-08-10,single,50.25,26.48165338689631,,,
2021-08-11,single,50.75,28.775109897960316,,,
2021-08-12,double,49.75,24.606121583418414,73.0,16.634132645346902,-0.7371129491789774
2021-08-13,double,53.25,24.67404694990678,72.75,21.09365463256836,-0.43770443309437146
2021-08-14,double,55.5,20.88272545554421,73.25,17.172889362681996,0.4573165393349799
2021-08-15,double,47.0,15.968566114252264,67.0,15.74144155328924,4.440974885767156
2021-08-16,double,43.75,18.086332841352984,66.5,17.98162044178356,4.308873176574707
2021-08-17,double,47.0,18.402620142156426,66.25,18.071542566472832,1.2123974453319202
2021-08-18,double,46.5,18.656463796442207,73.0,15.27613405747847,1.374507568099282
2021-08-19,single,51.75,17.912540782581676,,,
2021-08-20,single,53.25,23.17581731622869,,,
2021-08-21,single,53.25,22.419172633777965,,,
2021-08-22,single,48.0,20.067358190363105,,,
2021-08-23,double,37.0,16.179327271201394,68.75,18.877649307250977,4.073395013809204
2021-08-24,double,37.75,17.506159695712004,69.5,19.844742861661043,1.2431982322172686
2021-08-25,single,40.75,17.712710640647195,,,
2021-08-26,single,40.25,17.673283143477008,,,
2021-08-27,double,37.5,15.967293305830522,74.75,20.092780794416154,-1.0269279642538591
2021-08-28,double,40.5,16.750541166825727,62.5,15.260946793989701,2.4136959314346313
2021-08-29,double,41.25,20.06395045193759,67.25,22.36470586603338,-0.1850110197609121
2021-08-30,double,41.25,20.008289337158203,67.25,32.4839337088845,-6.856363773345947
2021-08-31,double,37.0,18.610613042658027,68.75,35.63520396839488,-11.102957725524902
2021-09-01,double,44.0,18.294825987382367,69.75,33.1451227014715,-3.1971493634310635
2021-09-02,double,39.75,16.55149589885365,70.5,28.262441461736504,5.635991443287242
2021-09-03,single,61.5,18.97771453857422,,,
2021-09-04,double,42.5,18.503690892999824,55.25,24.25122139670632,10.58039717240767
2021-09-05,double,39.75,15.030829949812455,59.0,23.12713761763139,8.283949982036244
2021-09-06,double,37.5,17.652164112437855,62.5,25.768706408413973,5.776304851878773
2021-09-07,double,41.5,16.54855338009921,65.75,33.776854428378016,7.583374153483998
2021-09-08,double,41.75,15.016689387234775,66.25,35.362139615145594,8.13330975445834
2021-09-09,double,37.25,16.565360849553887,64.5,33.132820476185195,7.180207772688433
2021-09-10,single,66.5,31.87406401200728,,,
2021-09-11,single,66.25,28.3718542619185,,,
2021-09-12,single,68.5,27.131994941017844,,,
2021-09-13,double,49.25,22.07409529252486,60.75,19.456986514004793,11.807147286155008
2021-09-14,double,50.25,20.2325233112682,63.0,22.35241803255948,13.43238709189675
2021-09-15,single,52.0,25.003833077170633,,,
2021-09-16,single,54.0,24.062097029252485,,,
2021-09-17,single,52.75,21.40666216070002,,,
2021-09-18,double,42.0,20.842729568481445,58.75,23.347848545421254,11.208358417857777
2021-09-19,double,43.25,18.463760375976562,56.5,21.691981055519797,10.061392090537332
2021-09-20,double,33.0,16.204800432378594,59.75,30.472050580111418,7.087707086042925
2021-09-21,double,31.75,20.96676271611994,63.0,34.89390910755504,-4.051637519489635
2021-09-22,double,32.75,24.864518252286043,61.5,38.804740558971055,-5.509124452417547
2021-09-23,double,33.5,22.10807193409313,60.0,39.55042682994496,-4.461920564824885
2021-09-24,double,30.0,16.50509348782626,61.25,38.11477903886275,1.9083589098670266
2021-09-25,single,59.25,27.430456508289684,,,
2021-09-26,single,46.5,23.509180762551047,,,
2021-09-27,single,47.25,25.336726795543324,,,
2021-09-28,single,49.75,30.966598163951527,,,
2021-09-29,single,48.0,30.858549118041992,,,
2021-09-30,single,52.25,33.09023545005105,,,
2022-05-01,double,25.25,31.50096962668679,66.5,28.69981522993608,-2.745808644728227
2022-05-02,double,25.25,30.859319166703656,65.25,27.062177484685723,3.5040652751922607
2022-05-03,double,24.0,32.487150018865414,66.0,20.334287123246625,3.2920697819102895
2022-05-04,double,26.75,34.05597270618785,61.75,23.885469436645508,4.289958975531838
2022-05-05,double,26.75,33.70028582486239,61.75,21.130460739135742,14.616080630909313
2022-05-06,double,24.25,30.10232179815119,63.0,22.18330886147239,13.78901533647017
2022-05-07,double,23.75,30.055607188831676,65.0,24.45275740189986,5.402691147544167
2022-05-08,double,21.75,28.60730119185014,47.25,29.90523945201527,9.442259441722523
2022-05-09,double,48.25,28.35392206365412,70.5,21.600534959272906,7.654160196130926
2022-05-10,single,46.5,22.357440601695668,,,
2022-05-11,single,57.5,34.560493816028945,,,
2022-05-12,single,57.0,36.89854049682617,,,
2022-05-13,double,22.0,28.104995727539062,57.0,30.52468022433194,7.129225947640159
2022-05-14,double,23.25,23.410858501087535,60.75,23.173314701427113,13.04457239671187
2022-05-15,double,40.5,27.140098398382012,64.5,16.063825260509144,7.863558985970237
2022-05-16,double,23.5,21.854109157215465,40.0,27.25124151056463,16.04232692718506
2022-05-17,double,41.25,24.57004893909801,72.25,21.428362412886187,1.7055613561110063
2022-05-18,double,41.75,19.72120527787642,73.0,16.182422291148793,2.4049312851645728
2022-05-19,single,22.75,19.90012515674938,,,
2022-05-20,double,21.25,19.459002408114348,47.75,24.61235133084384,7.040594491091642
2022-05-21,single,50.25,27.31740882179954,,,
2022-05-22,double,20.5,25.120944499969482,54.5,23.83602489124645,6.712674704464999
2022-05-23,single,56.0,30.51185243779963,,,
2022-05-24,double,22.5,25.335710352117363,55.5,26.670105847445402,1.511205954985185
2022-05-25,double,22.5,25.078697377985176,55.25,35.20399232344194,4.9317522482438525
2022-05-26,double,22.0,24.12925893610174,55.5,42.692176818847656,5.614257248965177
2022-05-27,double,22.5,25.54970203746449,53.25,29.357581918889824,6.199093731966886
2022-05-28,double,22.0,23.674515290693805,50.5,22.96935428272594,8.604226632551713
2022-05-29,double,24.0,20.46013866771351,49.25,17.008634220470082,10.01778576590798
2022-05-30,double,25.0,21.038618781349875,36.0,21.533856131813742,15.55820352380926
2022-05-31,single,23.75,21.571895946155895,,,
2022-06-01,double,22.0,21.10673106800426,39.5,20.879912983287465,11.637253761291504
2022-06-02,double,20.25,19.313622610909597,38.75,21.444903633811258,9.901620778170498
2022-06-03,single,39.5,21.32758920842951,,,
2022-06-04,double,42.75,25.967579928311434,65.0,23.816899212923918,-4.914046677676114
2022-06-05,double,44.0,32.545066833496094,64.25,27.53995271162553,-10.34588588367809
2022-06-06,double,44.75,35.26227014715021,66.25,25.220551577481356,-3.2765558632937344
2022-06-07,double,47.0,31.53407738425515,68.25,20.160024122758344,-3.0711033127524634
2022-06-08,double,49.5,26.71835015036843,68.75,15.225581082430752,0.13074911690571092
2022-06-09,single,44.75,21.9938437721946,,,
2022-06-10,single,46.75,23.2065693248402,,,
2022-06-11,single,49.5,19.41238767450506,,,
2022-06-12,single,51.5,26.445460753007367,,,
2022-06-13,single,55.0,25.339522448453035,,,
2022-06-14,double,23.25,18.520870382135566,49.5,24.78772562200373,7.849804358048872
2022-06-15,double,24.0,18.032868298617277,53.25,26.634278557517312,8.487033583901145
2022-06-16,double,24.25,16.452439394864168,51.25,25.886432300914418,5.801301132548939
2022-06-17,single,57.75,28.089082544500176,,,
2022-06-18,single,59.25,29.545744115656074,,,
2022-06-19,double,57.5,25.209003448486328,70.0,21.273855729536578,11.418821508234197
2022-06-20,single,58.25,27.130221106789328,,,
2022-06-21,single,62.75,31.53286448392001,,,
2022-06-22,single,62.75,33.89480417424982,,,
2022-06-23,double,44.0,15.557559100064365,64.5,29.546960657293145,9.474436153065074
2022-06-24,double,45.0,20.217906778508965,67.5,24.750136635520242,7.648853518746116
2022-06-25,double,43.5,18.77396739612926,71.75,15.409794200550426,8.658106283708053
2022-06-26,single,45.5,15.85411262512207,,,
2022-06-27,single,51.25,20.315645044500176,,,
2022-06-28,double,31.25,17.32725819674405,55.25,15.711358937350186,6.423153660514138
2022-06-29,double,32.0,16.60797257856889,55.75,16.2444205717607,5.598218224265358
2022-06-30,single,52.5,18.396548878062855,,,
2022-07-01,double,33.75,16.111947926608,50.75,19.647762298583984,4.114926164800471
2022-07-02,double,35.0,17.54927617853338,52.75,19.652430621060457,2.6359610124067827
2022-07-03,single,50.0,17.71947704661976,,,
2022-07-04,single,50.5,22.522709413008258,,,
2022-07-05,single,58.0,19.38049385764382,,,
2022-07-06,double,41.0,16.907499833540484,60.75,23.036186044866387,5.095564712177623
2022-07-07,double,39.25,17.05159482088956,59.5,25.40697617964311,5.662709929726341
2022-07-08,single,61.0,28.53074212507768,,,
2022-07-09,double,47.0,20.868608821522106,65.25,16.605396444147285,10.798558581959117
2022-07-10,single,48.0,22.91803117231889,,,
2022-07-11,single,50.0,25.014857378872957,,,
2022-07-12,single,52.75,27.44944312355735,,,
2022-07-13,single,55.0,35.81432273171165,,,
2022-07-14,single,53.5,34.1664758162065,,,
2022-07-15,single,52.0,32.00759766318581,,,
2022-07-16,single,52.0,27.876562465320934,,,
2022-07-17,single,59.0,21.79555927623402,,,
2022-07-18,single,61.5,22.291038686578926,,,
2022-07-19,single,63.0,19.311608054421164,,,
2022-07-20,single,46.5,17.188017931851473,,,
2022-07-21,single,48.5,22.22363905473189,,,
2022-07-22,double,49.0,25.376393404873934,66.0,15.500280553644354,1.3541206500746987
2022-07-23,double,49.5,25.671378222378817,67.0,19.288789575750176,6.628234646537087
2022-07-24,double,49.75,23.598404104059394,65.0,18.38170120932839,12.695300882512873
2022-07-25,double,49.5,22.713327581232246,63.75,19.923062584616922,12.61483131755482
2022-07-26,single,51.75,23.989845275878906,,,
2022-07-27,single,50.75,24.94098489934748,,,
2022-07-28,single,51.5,23.634590669111773,,,
2022-07-29,single,52.5,23.63632410222834,,,
2022-07-30,single,51.25,25.667740041559394,,,
2022-07-31,single,52.25,26.004409443248402,,,
2022-08-01,single,53.0,27.089522101662375,,,
2022-08-02,single,53.25,26.66697918285023,,,
2022-08-03,single,56.75,22.19913673400879,,,
2022-08-04,single,56.0,21.374726382168856,,,
2022-08-05,single,52.5,22.417594736272637,,,
2022-08-06,single,55.0,25.36151747270064,,,
2022-08-07,single,55.25,31.25447550686923,,,
2022-08-08,single,55.75,27.224876577203926,,,
2022-08-09,single,61.5,22.348737023093484,,,
2022-08-10,single,63.0,25.81321803006259,,,
2022-08-11,single,63.0,34.17163710160689,,,
2022-08-12,single,64.75,31.69839182767001,,,
2022-08-13,single,65.5,25.267229600386187,,,
2022-08-14,double,53.75,23.673614675348457,65.0,21.896957224065606,12.03826904296875
2022-08-15,double,31.75,15.46233437278054,62.25,21.091202995993875,6.51015229658647
2022-08-16,single,58.0,18.946163697676226,,,
2022-08-17,double,35.5,15.462369918823242,56.25,28.296554565429688,6.006434180519798
2022-08-18,single,54.25,26.100799560546875,,,
2022-08-19,single,55.25,24.514361988414418,,,
2022-08-20,single,53.0,23.043017994273793,,,
2022-08-21,single,51.75,23.561504884199664,,,
2022-08-22,single,52.5,23.280518445101652,,,
2022-08-23,double,53.25,20.29709815979004,68.25,16.507306185635652,6.856221155686812
2022-08-24,single,56.5,20.72922134399414,,,
2022-08-25,single,50.25,17.502180619673297,,,
2022-08-26,single,47.75,16.683665188876066,,,
2022-08-27,single,58.75,16.451459711248223,,,
2022-08-28,double,47.0,18.325850053267047,66.5,19.999298789284445,7.0458495833657
2022-08-29,double,41.5,19.435120149092242,54.25,19.906557776711203,12.87000543420965
2022-08-30,double,39.0,17.54585907676003,55.75,21.026468103582207,11.045405994762074
2022-08-31,double,40.5,16.24579498984597,57.0,16.388193477283824,8.410235318270596
2022-09-01,double,37.75,17.119325984608043,58.5,15.493040084838867,5.435133413835005
2022-09-02,single,37.5,20.180525172840465,,,
2022-09-03,double,36.0,18.57552649758079,48.75,18.158144170587715,10.524381117387252
2022-09-04,single,42.0,21.74096090143377,,,
2022-09-05,single,43.5,20.958439393477008,,,
2022-09-06,single,46.25,25.13576351512562,,,
2022-09-07,single,43.0,25.599226691506125,,,
2022-09-08,single,42.25,28.554594560102984,,,
2022-09-09,double,45.5,28.577552101828836,71.5,16.169377760453656,-1.0700703886422245
2022-09-10,double,46.0,25.21211103959517,72.5,24.21779268438166,4.085372122851285
2022-09-11,double,43.25,17.219031073830344,69.5,23.48261694474654,6.727679252624512
2022-09-12,double,36.25,17.951634320345793,65.5,30.325611287897285,7.656256458976052
2022-09-13,double,36.25,21.18744434009899,63.25,26.24896136197177,4.433815045790239
2022-09-14,double,38.5,17.59342245622115,60.0,24.655753569169477,7.436898361552846
2022-09-15,single,55.5,20.925174019553445,,,
2022-09-16,double,46.5,25.533024181019176,70.5,23.436226064508613,3.9735206473957407
2022-09-17,double,44.25,28.455259323120117,72.5,23.14121610468084,-0.6654017736965959
2022-09-18,single,45.0,27.160762440074574,,,
2022-09-19,single,45.25,28.445650100708008,,,
2022-09-20,single,46.25,24.40760074962269,,,
2022-09-21,single,44.25,20.785688920454547,,,
2022-09-22,double,38.25,19.485077077692207,61.75,19.61643305691806,11.01541432467374
2022-09-23,double,29.5,19.10069326920943,67.5,22.42536787553267,10.407036434520375
2022-09-24,double,27.75,16.759396466341887,69.5,28.57282690568404,0.5505397522991354
2022-09-25,double,38.25,21.457027261907403,65.25,29.45203243602406,-5.285606427626177
2022-09-26,double,34.0,16.11525093425404,53.5,16.072621432217684,7.415613521229137
2022-09-27,single,49.75,27.51985740661621,,,
2022-09-28,single,50.5,29.0358474037864,,,
2022-09-29,double,25.25,15.663580547679555,52.0,28.888560381802645,9.264654072848233
2022-09-30,double,25.75,16.38865713639693,53.75,38.762577056884766,3.0231912569566206
2023-05-01,double,34.5,28.034253553910688,61.25,18.743311275135387,6.773746620525014
2023-05-02,double,32.75,30.41727638244629,64.5,18.892472874034535,11.574621373956854
2023-05-03,double,31.0,30.318661082874645,61.75,17.67359560186213,2.775423136624423
2023-05-04,double,31.0,30.890290693803266,62.5,18.296619935469195,-1.2100882150910117
2023-05-05,single,30.5,28.50010178305886,,,
2023-05-06,double,31.0,25.996579777110707,70.25,17.220957842740145,-3.3992166302420874
2023-05-07,double,34.25,24.50285668806596,73.0,18.533686204390094,-0.3708683717995882
2023-05-08,double,24.25,25.285066257823598,45.75,31.037552053278144,14.974846493114125
2023-05-09,double,23.75,25.88244698264382,43.75,33.34015170010653,11.378525647250088
2023-05-10,single,41.75,29.793261441317473,,,
2023-05-11,double,36.75,23.084523807872426,70.75,17.134215788407758,4.5157458565451885
2023-05-12,double,34.0,21.60419464111328,63.0,15.472116817127574,6.118699897419322
2023-05-13,double,39.25,21.93128030950373,72.0,18.696338306773793,5.968627366152677
2023-05-14,single,43.25,25.08013811978427,,,
2023-05-15,double,22.75,31.65783587369052,44.75,25.263715570623223,14.213161555203525
2023-05-16,double,22.5,29.940163005482066,53.75,19.15905657681552,12.59178014235063
2023-05-17,double,23.75,26.327944322065875,59.0,18.175946842540394,9.323558287187057
2023-05-18,double,29.75,26.331381364302203,56.25,22.236282868818805,4.681237524205988
2023-05-19,double,26.0,30.97939213839444,56.75,18.366836894642223,1.0788438645276157
2023-05-20,double,28.0,32.33468350497159,55.75,20.260503248734906,1.2366272427818992
2023-05-21,double,25.25,33.0771616155451,56.0,22.482984369451348,0.6385560157624158
2023-05-22,double,25.5,33.05169608376243,59.25,23.35708323392001,-6.741412162780762
2023-05-23,double,27.75,32.29685176502574,59.75,27.177059346979316,-11.108325351368297
2023-05-24,double,26.0,31.430504018610176,61.5,37.05401680686257,-7.330476327375933
2023-05-25,double,24.75,31.015642512928356,61.75,35.085342754017226,-5.4682088765231045
2023-05-26,double,26.5,32.80636908791282,59.5,28.95149664445357,-5.834687969901345
2023-05-27,double,28.25,32.620263359763406,63.5,27.715280532836914,-1.6457643617283215
2023-05-28,double,28.25,32.09027654474432,65.5,34.35684446855025,-2.1350973411039873
2023-05-29,double,31.75,35.128305261785336,68.25,29.975326191295277,-6.184690345417369
2023-05-30,double,31.5,36.49235395951705,66.25,31.824779163707387,-6.143034154718572
2023-05-31,double,31.5,34.37220764160156,69.0,24.093335585160688,-7.228177027268843
2023-06-01,double,31.75,33.55429736050692,60.75,17.874698465520684,-10.701356367631393
2023-06-02,double,31.5,33.50492858886719,68.5,16.91377067565918,-7.371297489513051
2023-06-03,double,31.75,35.31259432705966,69.0,18.866879203102805,-1.777357979254289
2023-06-04,double,32.25,33.819793701171875,62.75,18.372284802523527,-0.32836317948319693
2023-06-05,double,31.75,32.07573751969771,64.5,23.972783348777078,0.20059595815837383
2023-06-06,double,31.25,26.78308833729137,65.5,22.855929114601828,2.182125362482938
2023-06-07,double,32.25,27.75353310324929,66.0,24.02518549832431,1.9337288791483098
2023-06-08,double,34.5,27.153677160089668,60.25,20.54564666748047,-1.3976014744151721
2023-06-09,double,33.25,24.253371845592152,59.5,19.492928765036844,-4.0883143598383125
2023-06-10,double,36.75,27.810152400623668,66.75,18.023010080510918,1.2486639998175881
2023-06-11,double,36.5,30.028086575594816,68.0,26.16042726690119,-0.39630025591362605
2023-06-12,double,37.5,31.841547879305754,69.0,28.065370559692383,-5.2104503458196465
2023-06-13,double,38.25,33.2344781702215,70.75,17.58916664123535,-5.877044504339045
2023-06-14,single,37.0,26.3750338120894,,,
2023-06-15,single,40.25,22.61210823059082,,,
2023-06-16,single,42.75,23.95274370366877,,,
2023-06-17,single,42.25,23.318261580033735,,,
2023-06-18,single,42.75,20.61006077853116,,,
2023-06-19,single,43.5,23.141388979825106,,,
2023-06-20,single,41.75,23.060673800381746,,,
2023-06-21,single,39.0,23.560388218272816,,,
2023-06-22,double,35.25,15.998804872686213,55.25,21.613657171075996,10.1609055779197
2023-06-23,single,53.5,27.198532104492188,,,
2023-06-24,single,54.75,26.07619857788086,,,
2023-06-25,single,51.25,28.152521653608844,,,
2023-06-26,single,51.5,32.299562974409625,,,
2023-06-27,single,51.75,22.982375751842152,,,
2023-06-28,single,60.25,20.64029208096591,,,
2023-06-29,double,31.25,15.715091531926936,58.75,25.756540471857246,5.27684380791404
2023-06-30,double,33.0,20.81868518482555,57.0,34.27780047329989,0.08690375766970894
2023-07-01,double,32.75,21.644521539861504,55.75,38.50235158746893,1.928753137588501
2023-07-02,double,32.5,20.33209193836559,54.0,34.28293956409801,8.22269413687966
2023-07-03,single,52.75,30.403339385986328,,,
2023-07-04,single,51.25,25.11915328285911,,,
2023-07-05,single,46.5,20.853994196111504,,,
2023-07-06,single,43.5,20.931961059570312,,,
2023-07-07,single,42.0,22.915179859508168,,,
2023-07-08,double,42.25,24.240331302989613,69.0,18.208507017655805,-2.669450218027288
2023-07-09,double,44.25,24.940515171397816,71.0,18.057370272549715,-4.970831914381548
2023-07-10,double,41.5,17.82731957869096,69.25,19.44552300193093,-0.28176096826791763
2023-07-11,double,39.0,18.592221866954457,71.5,16.979869495738637,4.827405279332941
2023-07-12,single,53.25,17.678727063265715,,,
2023-07-13,single,52.25,22.535546909679066,,,
2023-07-14,single,48.25,23.37227387861772,,,
2023-07-15,single,46.75,22.005272605202414,,,
2023-07-16,single,50.25,24.850600155917082,,,
2023-07-17,single,50.75,26.815371079878375,,,
2023-07-18,single,50.75,28.703683332963422,,,
2023-07-19,single,52.25,26.083411476828836,,,
2023-07-20,single,50.5,21.639800851995293,,,
2023-07-21,single,55.5,25.41621936451305,,,
2023-07-22,single,53.0,28.17032103105025,,,
2023-07-23,single,57.75,24.719837708906695,,,
2023-07-24,single,54.5,26.279443394054066,,,
2023-07-25,single,50.25,27.236025550148703,,,
2023-07-26,single,48.5,28.48714152249423,,,
2023-07-27,single,50.25,30.91163583235307,,,
2023-07-28,single,46.25,31.25955546985973,,,
2023-07-29,single,48.5,34.74489420110529,,,
2023-07-30,single,50.5,39.01159113103693,,,
2023-07-31,single,51.0,40.548370361328125,,,
2023-08-01,single,51.0,43.480168776078656,,,
2023-08-02,single,50.0,44.22780366377397,,,
2023-08-03,single,52.5,34.62431196732955,,,
2023-08-04,single,54.0,41.04636972600763,,,
2023-08-05,single,53.75,33.01785243641246,,,
2023-08-06,single,43.75,20.42158317565918,,,
2023-08-07,single,44.0,28.001785971901633,,,
2023-08-08,single,42.75,22.599599144675516,,,
2023-08-09,single,42.0,22.30633579600941,,,
2023-08-10,single,45.0,27.827544299038973,,,
2023-08-11,single,47.25,23.053267218849875,,,
2023-08-12,single,47.25,24.317650014703926,,,
2023-08-13,single,48.75,25.290766976096414,,,
2023-08-14,single,46.5,21.449039285833184,,,
2023-08-15,double,46.75,21.090004314075816,66.0,18.44304119456898,7.196474682201039
2023-08-16,double,45.75,26.055557250976562,67.25,17.095821207219903,9.2222281369296
2023-08-17,double,44.75,31.681413477117363,66.0,15.682978456670588,6.162173401225697
2023-08-18,double,43.5,29.31555713306774,70.75,20.12743377685547,3.022431807084517
2023-08-19,double,44.75,22.40207394686612,72.5,22.865320552479137,-0.2289010477675633
2023-08-20,single,47.75,15.755742679942738,,,
2023-08-21,single,54.5,19.363027572631836,,,
2023-08-22,single,53.75,28.143782355568625,,,
2023-08-23,single,54.25,29.157887372103605,,,
2023-08-24,single,55.0,22.037050940773703,,,
2023-08-25,single,55.5,18.426564476706766,,,
2023-08-26,single,56.75,22.98725561662154,,,
2023-08-27,single,54.25,29.066443703391336,,,
2023-08-28,double,29.0,15.823271664706143,56.0,25.170298663052645,8.885629047047008
2023-08-29,double,29.75,17.23636245727539,57.25,22.736917322332207,10.056319410150701
2023-08-30,double,29.25,16.308135292746805,48.75,23.518173044378106,8.6481463692405
2023-08-31,single,50.0,27.78792780095881,,,
2023-09-01,single,50.5,27.769400509920988,,,
2023-09-02,single,56.25,25.689359318126332,,,
2023-09-03,double,34.0,16.15127468109131,60.75,36.93668712269176,0.13511078897863626
2023-09-04,single,64.0,41.23093032836914,,,
2023-09-05,single,64.75,32.160803534767844,,,
2023-09-06,single,62.0,24.88218914378773,,,
2023-09-07,single,60.25,30.70679473876953,,,
2023-09-08,single,59.0,31.184737465598367,,,
2023-09-09,single,58.0,32.198922243985265,,,
2023-09-10,double,30.75,15.12859093059193,57.0,26.31564643166282,3.23169266093861
2023-09-11,double,32.5,15.798792145468973,56.0,26.019283641468395,7.292527328838002
2023-09-12,single,54.25,26.888485128229316,,,
2023-09-13,single,53.0,29.372594833374023,,,
2023-09-14,single,56.25,29.32731194929643,,,
2023-09-15,double,40.0,16.419017271562055,61.0,33.393675717440516,10.683734547008168
2023-09-16,single,61.0,29.526057850230824,,,
2023-09-17,single,58.5,29.880679564042524,,,
2023-09-18,single,57.75,26.402827349576082,,,
2023-09-19,double,52.5,37.10687810724432,70.5,16.80280590057373,-8.977474516088312
2023-09-20,single,50.0,32.21127839521928,,,
2023-09-21,double,45.25,30.41208839416504,67.25,16.17767151919278,9.889733748002486
2023-09-22,single,44.5,31.199332323941317,,,
2023-09-23,double,43.5,29.10337950966575,63.0,15.392603267322887,10.350367025895553
2023-09-24,single,44.5,30.99722671508789,,,
2023-09-25,double,44.75,30.361644051291726,72.0,20.79374833540483,10.26013877175071
2023-09-26,single,44.75,30.338543285023082,,,
2023-09-27,single,44.5,22.769452181729402,,,
2023-09-28,double,22.25,15.09374679218639,51.5,24.120627316561613,3.203765630722046
2023-09-29,double,21.5,16.287443854592063,51.75,25.255124178799715,4.536345698616722
2023-09-30,single,54.0,26.687531211159445,,,
2024-05-01,double,20.25,36.19399969918387,36.5,33.72657221013849,23.30067842656916
2024-05-02,double,37.75,37.2686223116788,62.0,18.12901566245339,-9.924545894969594
2024-05-03,double,22.0,32.04402594132857,38.5,33.92055442116477,26.480335582386363
2024-05-04,single,25.25,33.34724426269531,,,
2024-05-05,single,24.25,33.429739171808414,,,
2024-05-06,double,23.25,35.22813588922674,53.0,21.813784339211203,12.89243255962025
2024-05-07,double,23.0,34.50073727694425,58.5,20.98571170460094,10.644417329268022
2024-05-08,double,22.0,31.435349204323508,64.75,22.74559194391424,8.677239591425115
2024-05-09,double,20.5,29.890332221984863,66.5,26.29632637717507,5.903533632105047
2024-05-10,double,43.0,20.575782949274238,67.5,21.142886248501863,9.26899173042991
2024-05-11,double,20.25,28.833971296037948,47.5,23.400028228759766,11.170677358453924
2024-05-12,double,21.75,29.56913115761497,48.75,27.474609548395332,7.545068003914573
2024-05-13,single,44.5,17.886701237071644,,,
2024-05-14,double,21.5,27.705528085882012,67.5,19.58782248063521,8.862815770235928
2024-05-15,double,20.5,28.17177438735962,68.0,21.217568137428977,4.383511846715754
2024-05-16,double,22.0,27.536658893931996,74.5,18.53656792640686,1.4340220147913152
2024-05-17,double,23.0,25.90348382429643,40.5,24.15102074363015,18.796560460870918
2024-05-18,double,27.75,25.013357856056906,62.5,22.891966559670188,4.821774092587558
2024-05-19,double,29.75,25.53928670016202,64.5,24.050099979747426,5.336355469443581
2024-05-20,double,32.0,27.33877286044034,67.75,19.165187662298028,6.646634405309504
2024-05-21,double,33.75,27.071861787275836,70.75,16.293198412114922,5.841313405470415
2024-05-22,single,33.0,27.537522402676668,,,
2024-05-23,double,30.25,29.16126684709029,69.5,19.36249507557262,5.491494785655629
2024-05-24,double,29.25,26.239756670865145,70.5,28.865782130848277,1.1848231662403454
2024-05-25,double,26.5,23.264780564741656,45.5,27.14868857643821,15.414976726878773
2024-05-26,double,26.75,24.12708872014826,47.25,27.401445042003285,14.122278820384633
2024-05-27,double,27.0,23.81392444263805,47.25,23.577225251631305,11.511125911365856
2024-05-28,double,24.5,24.698631980202414,50.75,23.981300007213246,11.379469698125666
2024-05-29,double,24.5,25.05875726179643,51.25,22.876361153342508,7.836678851734508
2024-05-30,double,23.25,25.62157006697221,63.0,21.222875248302113,9.143655083396219
2024-05-31,double,21.75,23.25006641041149,63.75,21.458025672219016,8.393499200994318
2024-06-01,double,20.5,22.72508478164673,61.75,23.510360717773438,2.648314692757346
2024-06-02,double,23.25,23.377775365656074,61.5,32.77191907709295,-5.624763445420698
2024-06-03,double,37.0,26.925085587935015,60.25,34.997269023548476,-13.008246248418635
2024-06-04,double,37.75,28.169605948708274,60.25,25.763289711692117,-6.430248693986372
2024-06-05,double,34.75,25.32011586969549,55.25,17.61456125432795,4.125577233054421
2024-06-06,double,33.25,22.2193379835649,52.5,18.70573511990634,12.67712757804177
2024-06-07,double,30.5,20.994033986871894,61.0,19.072488611394707,13.707744251598012
2024-06-08,double,46.75,21.82581728154963,61.0,20.845056360418145,15.651763655922629
2024-06-09,double,32.0,19.53089731389826,49.0,20.042855696244672,12.626070282676004
2024-06-10,single,50.25,22.13608741760254,,,
2024-06-11,single,49.0,25.53746795654297,,,
2024-06-12,single,49.75,27.313317558982156,,,
2024-06-13,single,50.75,25.738652142611418,,,
2024-06-14,single,49.5,30.17940261147239,,,
2024-06-15,single,46.75,28.435911872170188,,,
2024-06-16,single,46.0,25.328664606267754,,,
2024-06-17,single,45.25,17.712058847600762,,,
2024-06-18,double,29.25,15.288127812472256,53.5,17.494507356123492,9.639106750488281
2024-06-19,double,30.5,15.721962495283647,59.0,22.10066691311923,5.498666243119673
2024-06-20,double,29.5,18.14148087935014,59.5,30.49451949379661,1.610144246708263
2024-06-21,double,30.5,15.622448661110617,54.25,28.346859671852805,3.1308160478418525
2024-06-22,single,57.25,25.83999876542525,,,
2024-06-23,single,61.0,21.949905048717152,,,
2024-06-24,single,53.25,21.442183754660867,,,
2024-06-25,single,52.75,25.895301645452324,,,
2024-06-26,single,52.75,23.2396016554399,,,
2024-06-27,double,50.75,24.7980750690807,69.0,20.373410311612215,8.603156609968705
2024-06-28,double,51.75,22.758900729092684,74.5,18.170459270477295,5.651011987165972
2024-06-29,single,58.0,23.591064279729668,,,
2024-06-30,single,53.5,21.610313762318004,,,
2024-07-01,single,53.25,28.193490982055664,,,
2024-07-02,double,33.0,16.566801764748313,55.0,37.36593315818093,4.138211076909846
2024-07-03,double,32.75,21.697085814042524,55.25,40.442608226429336,1.6572599085894497
2024-07-04,double,30.75,15.964132048866965,53.25,38.332895105535336,5.049912756139582
2024-07-05,double,33.25,16.4157207662409,51.75,38.33489435369318,8.281199325214732
2024-07-06,double,34.5,17.40131152759899,49.5,32.556204709139735,10.096860452131791
2024-07-07,single,48.25,31.539608521894976,,,
2024-07-08,single,46.75,29.524172869595613,,,
2024-07-09,double,42.0,28.042082873257723,58.25,19.71246199174361,12.837815978310324
2024-07-10,double,43.25,27.152177463878285,62.5,22.34642358259721,7.772372202439741
2024-07-11,double,47.5,26.63249535994096,66.25,20.13366109674627,3.7916081385179
2024-07-12,double,45.5,29.886290636929598,71.0,19.229152159257367,8.67302166331898
2024-07-13,double,42.0,24.282611500133168,74.5,18.39269208908081,4.42612041126598
2024-07-14,single,44.0,25.37666095386852,,,
2024-07-15,single,43.5,24.084284522316672,,,
2024-07-16,single,50.75,24.512373490767047,,,
2024-07-17,single,52.5,28.685521385886453,,,
2024-07-18,single,52.75,32.43492195822976,,,
2024-07-19,single,55.0,28.132402766834606,,,
2024-07-20,single,52.75,25.151077617298473,,,
2024-07-21,single,52.75,30.8564040444114,,,
2024-07-22,single,51.5,29.958744222467597,,,
2024-07-23,single,50.5,32.44384782964533,,,
2024-07-24,single,50.5,35.92708240855824,,,
2024-07-25,single,49.0,34.02315278486772,,,
2024-07-26,single,48.0,33.58619793978605,,,
2024-07-27,single,50.0,28.957097313620828,,,
2024-07-28,single,52.5,27.564198407259855,,,
2024-07-29,single,55.75,23.22888894514604,,,
2024-07-30,double,36.5,16.023516915061258,58.25,24.589282989501953,9.17015621878884
2024-07-31,single,56.25,29.771488536487926,,,
2024-08-01,single,55.25,27.389279105446555,,,
2024-08-02,single,53.25,26.344535654241387,,,
2024-08-03,single,53.5,26.39963843605735,,,
2024-08-04,double,36.75,18.067747116088867,54.0,28.101740923794832,11.422301812605424
2024-08-05,single,51.25,23.894177870316938,,,
2024-08-06,single,51.5,24.614525361494586,,,
2024-08-07,single,49.5,31.1475136496804,,,
2024-08-08,single,51.0,36.244230096990414,,,
2024-08-09,single,51.75,35.986807042902164,,,
2024-08-10,single,54.0,38.307993455366656,,,
2024-08-11,single,55.0,33.89490647749467,,,
2024-08-12,single,49.25,33.78423517400568,,,
2024-08-13,single,51.0,35.172203757546164,,,
2024-08-14,single,53.5,28.696765899658203,,,
2024-08-15,single,57.5,27.044640454378996,,,
2024-08-16,single,57.75,34.8021687594327,,,
2024-08-17,single,57.75,36.51084414395419,,,
2024-08-18,single,57.75,33.820277820933946,,,
2024-08-19,single,59.25,30.540161652998492,,,
2024-08-20,single,54.75,26.98499072681774,,,
2024-08-21,single,55.25,30.72550409490412,,,
2024-08-22,double,33.5,15.374082218516957,51.75,39.92943781072443,3.607955564152111
2024-08-23,double,32.5,15.676119024103338,50.5,34.264130332253195,2.010406635024331
2024-08-24,single,58.0,26.572228345003996,,,
2024-08-25,single,51.0,23.35240294716575,,,
2024-08-26,single,56.5,25.242476203224875,,,
2024-08-27,single,60.75,21.118816375732422,,,
2024-08-28,single,62.25,18.177539998834785,,,
2024-08-29,double,48.5,18.73913643576882,72.0,18.296532544222746,12.257765856656162
2024-08-30,double,43.0,17.087269349531695,62.0,18.86215574091131,8.489204840226607
2024-08-31,double,40.25,16.116952289234508,71.5,19.323019547895953,7.596314170143821
2024-09-01,single,55.25,21.598394220525567,,,
2024-09-02,single,57.25,23.216678099198774,,,
2024-09-03,single,57.75,17.244586771184746,,,
2024-09-04,double,27.5,16.27142975547097,65.75,20.232501636851918,6.169284083626487
2024-09-05,double,28.5,20.57667420127175,70.75,23.46207549355247,-0.2807642451741479
2024-09-06,double,28.25,17.945625478571113,62.0,18.4333272413774,1.1411320187828757
2024-09-07,double,35.25,17.17539457841353,62.25,25.354589462280273,5.294007648121227
2024-09-08,double,31.5,16.51965990933505,61.0,28.607031735506926,6.53086181120439
2024-09-09,double,35.5,16.902976296164773,59.75,27.710832422429863,6.453926303169944
2024-09-10,double,35.0,21.28461959145286,55.75,31.91013526916504,1.693187583576549
2024-09-11,double,33.0,18.720874092795633,55.75,31.508751262318004,3.315793362530795
2024-09-12,single,57.75,23.4369160045277,,,
2024-09-13,double,41.75,24.45956871726296,57.25,19.057059721513227,12.575021223588424
2024-09-14,double,37.25,19.02610969543457,54.5,20.987825393676758,11.907746921886098
2024-09-15,double,35.75,21.420766830444336,57.0,23.72333387895064,7.119928706776012
2024-09-16,double,32.25,21.397472208196465,63.0,22.418962825428356,0.2881266495043581
2024-09-17,double,32.0,25.945484681562945,64.0,24.88759248906916,-2.84362052787434
2024-09-18,double,32.25,26.583111156116832,70.0,28.274369673295453,0.13321050866083664
2024-09-19,double,32.25,25.029882777820934,68.25,33.82999316128817,-9.231064449657094
2024-09-20,double,33.25,22.98984319513494,68.75,30.833987669511274,-9.52006010575728
2024-09-21,double,41.0,22.280766053633258,65.75,19.95267816023393,-6.815610148689964
2024-09-22,single,43.0,25.805676893754438,,,
2024-09-23,single,45.75,30.42763900756836,,,
2024-09-24,single,46.0,34.92371229691939,,,
2024-09-25,single,46.25,39.30745731700551,,,
2024-09-26,single,45.25,33.70228992808949,,,
2024-09-27,single,45.25,31.15802695534446,,,
2024-09-28,single,47.0,27.102942726828836,,,
2024-09-29,double,38.5,20.54105654629794,48.75,28.031458594582297,14.101536230607467
2024-09-30,double,49.25,23.801700938831676,66.75,24.72416288202459,9.104966683821244
2025-05-01,single,61.5,26.458389282226562,,,
2025-05-02,double,37.25,15.634914831681685,64.0,21.79295401139693,5.453558748418635
2025-05-03,single,35.5,17.780092932961203,,,
2025-05-04,double,34.75,20.23698477311568,51.5,23.577470259232953,7.555201183665883
2025-05-05,double,34.0,23.243159380826082,52.0,19.814532193270598,7.428993615237149
2025-05-06,double,30.75,22.48308684609153,60.5,16.834503000432793,4.555871269919655
2025-05-07,single,32.25,27.430558811534535,,,
2025-05-08,double,26.75,31.7584285736084,57.5,16.331659403714266,6.248702049255371
2025-05-09,double,27.25,31.193181471391156,60.75,20.55413818359375,5.757999983700839
2025-05-10,double,24.75,29.37118807705966,64.5,19.72844158519398,3.489620945670388
2025-05-11,double,35.5,26.970000873912465,66.0,21.84568803960627,1.3523013158278032
2025-05-12,double,33.25,33.42961120605469,66.75,29.164776888760652,-3.584084142338146
2025-05-13,double,32.0,34.78607905994762,69.75,27.410715796730734,-10.466316743330522
2025-05-14,double,37.25,33.44882652976296,74.75,30.77038655962263,-8.406278696927158
2025-05-15,single,34.25,30.229800484397195,,,
2025-05-16,single,34.75,28.2914626381614,,,
2025-05-17,single,34.75,27.338491786609996,,,
2025-05-18,single,36.75,24.70788712935014,,,
2025-05-19,single,40.0,22.78029545870694,,,
2025-05-20,single,29.5,21.50531630082564,,,
2025-05-21,double,24.25,21.763350400057707,48.25,22.47670416398482,13.751474207097834
2025-05-22,double,24.5,21.80436862598766,53.25,21.242223739624023,12.399835326454856
2025-05-23,double,24.0,22.59681614962491,54.5,20.71852753379128,12.638192957097834
2025-05-24,double,24.5,23.091279116543856,53.5,26.057158210060813,12.991469469937412
2025-05-25,double,26.0,24.144255204634234,51.75,26.819827166470613,12.556563203985041
2025-05-26,double,26.75,25.4703781821511,52.0,25.698659550059926,11.114337574351918
2025-05-27,double,26.5,24.395640459927645,50.0,26.373065601695668,15.213040525263006
2025-05-28,double,28.0,23.816086509011008,51.0,27.00809634815563,12.394006729125977
2025-05-29,double,28.75,22.53642359646884,55.5,23.138932314786043,10.520840471441096
2025-05-30,double,31.25,22.516196857799184,55.5,24.57968486439098,10.08922056718306
2025-05-31,double,25.25,20.253356760198418,53.5,27.07975335554643,9.183269760825418
2025-06-01,double,22.25,20.708215019919656,57.25,29.370257637717508,7.006011962890625
2025-06-02,double,23.25,18.305807633833453,53.25,32.63990436900746,4.526204629377886
2025-06-03,double,24.0,17.38661627335982,52.75,35.25776603005149,2.2121253555471245
2025-06-04,double,22.75,16.21459163318981,51.75,33.360848513516515,2.4223497347398237
2025-06-05,double,27.5,15.507282430475408,57.25,29.420860463922676,2.3026926734230737
2025-06-06,double,23.75,15.050934097983621,54.25,35.043885317715734,1.9566227089275012
2025-06-07,single,55.25,34.33338303999467,,,
2025-06-08,single,53.0,32.51504828713157,,,
2025-06-09,single,51.5,28.157438451593574,,,
2025-06-10,single,52.25,25.679140957919035,,,
2025-06-11,single,60.5,22.569224097511984,,,
2025-06-12,double,45.5,18.281306006691672,66.75,24.795637130737305,6.2636824954639785
2025-06-13,double,44.0,21.98499142039906,70.75,23.563982009887695,0.9479804635047913
2025-06-14,double,45.0,21.677913492376153,72.0,19.883405165238813,3.130560972473838
2025-06-15,double,26.75,17.320159912109375,45.75,21.3242995522239,5.92266221479936
2025-06-16,double,25.5,16.401339357549492,54.75,19.823402404785156,3.8586385900324043
2025-06-17,double,23.5,16.20203902504661,55.0,30.639618960293856,6.885294350710782
2025-06-18,single,57.0,37.78123647516424,,,
2025-06-19,double,35.75,15.61711970242587,56.0,29.813195315274324,3.4619933475147593
2025-06-20,single,56.0,22.559216586026277,,,
2025-06-21,single,58.75,26.732201662930574,,,
2025-06-22,single,54.25,29.467471382834695,,,
2025-06-23,single,53.25,33.037838675759055,,,
2025-06-24,single,52.75,36.38800742409446,,,
2025-06-25,single,51.5,37.85670193758878,,,
2025-06-26,single,50.5,34.79466316916726,,,
2025-06-27,single,53.25,28.03037504716353,,,
2025-06-28,single,58.5,26.469051534479316,,,
2025-06-29,single,59.25,31.477510452270508,,,
2025-06-30,single,41.25,21.75141646645286,,,
2025-07-01,single,56.5,18.929359609430488,,,
2025-07-02,single,62.0,25.133292978460137,,,
2025-07-03,single,54.0,29.221748872236773,,,
2025-07-04,single,54.0,37.30662467262962,,,
2025-07-05,single,55.75,34.7803708856756,,,
2025-07-06,single,56.5,24.079748153686523,,,
2025-07-07,double,60.75,18.355057976462625,73.25,16.710832595825195,6.60084832798351
2025-07-08,single,51.75,19.526885812932793,,,
2025-07-09,single,49.25,20.116016908125445,,,
2025-07-10,single,48.75,20.09967751936479,,,
2025-07-11,single,44.5,22.696082028475676,,,
2025-07-12,double,44.0,26.474876577203926,71.75,20.557899648492988,-6.3385489203713155
2025-07-13,double,45.75,24.839121558449484,74.25,21.162720998128254,-8.278944839130748
2025-07-14,single,49.75,23.497736670754172,,,
2025-07-15,single,50.5,29.92189459367232,,,
2025-07-16,single,48.5,27.190893520008434,,,
2025-07-17,single,47.5,23.275286067615856,,,
2025-07-18,single,49.25,21.616871920498934,,,
2025-07-19,single,45.75,24.659447930075906,,,
2025-07-20,single,45.0,25.123105829412285,,,
2025-07-21,double,46.75,29.246896743774414,71.25,18.1499550559304,-5.490166317332875
2025-07-22,double,47.75,30.75562147660689,74.75,20.62356267656599,-4.868923967534846
2025-07-23,single,47.25,25.02428436279297,,,
2025-07-24,double,48.75,20.49881969798695,71.25,15.932270310141824,0.16087129779837347
2025-07-25,single,51.75,25.242778778076172,,,
2025-07-26,single,55.0,27.321198376742277,,,
2025-07-27,single,54.5,20.253881627863105,,,
2025-07-28,single,54.5,19.338272614912555,,,
2025-07-29,double,50.5,17.214458638971504,71.25,16.025931878523394,8.583396911621094
2025-07-30,single,51.25,18.874948328191582,,,
2025-07-31,single,49.75,21.157427874478426,,,
2025-08-01,single,50.5,28.376808513294566,,,
2025-08-02,single,50.75,29.48634008927779,,,
2025-08-03,single,53.25,30.6889705657959,,,
2025-08-04,single,53.5,36.08647537231445,,,
2025-08-05,single,50.5,36.41034663807262,,,
2025-08-06,single,48.5,32.313945943659,,,
2025-08-07,single,48.5,31.320941751653496,,,
2025-08-08,single,53.25,36.47391405972567,,,
2025-08-09,single,53.75,33.596825339577414,,,
2025-08-10,single,56.25,32.9267108223655,,,
2025-08-11,single,59.25,32.30009460449219,,,
2025-08-12,single,61.75,27.824174707586113,,,
2025-08-13,single,64.75,30.51142553849654,,,
2025-08-14,single,66.5,34.95139416781339,,,
2025-08-15,single,69.75,29.825205889615145,,,
2025-08-16,single,72.5,25.437216325239703,,,
2025-08-17,single,70.5,31.377513365312055,,,
2025-08-18,double,46.75,15.227397311817516,70.0,26.146983926946465,-3.576694033362649
2025-08-19,single,42.0,19.261973294344816,,,
2025-08-20,single,42.25,22.698552044955168,,,
2025-08-21,single,40.5,24.195546063509855,,,
2025-08-22,single,41.25,28.856976595791902,,,
2025-08-23,single,49.75,29.29878148165616,,,
2025-08-24,single,46.75,28.392772674560547,,,
2025-08-25,single,46.25,27.569527192549273,,,
2025-08-26,single,50.0,34.071036945689805,,,
2025-08-27,single,51.5,34.986475857821375,,,
2025-08-28,single,53.5,37.678268085826524,,,
2025-08-29,single,46.25,27.121767911044035,,,
2025-08-30,single,48.75,29.248839118263938,,,
2025-08-31,single,49.0,25.058256496082652,,,
2025-09-01,single,46.75,30.584732575850055,,,
2025-09-02,single,45.5,28.197419426657937,,,
2025-09-03,single,43.0,23.87001453746449,,,
2025-09-04,double,46.5,25.373295697298918,58.25,26.692420959472656,19.214302236383613
2025-09-05,single,45.0,28.51326526295055,,,
2025-09-06,single,40.0,24.04391999678178,,,
2025-09-07,single,52.75,17.577510140158914,,,
2025-09-08,single,50.25,24.940733649513938,,,
2025-09-09,single,52.0,32.88249518654563,,,
2025-09-10,single,50.25,43.130088806152344,,,
2025-09-11,single,48.5,43.03981191461737,,,
2025-09-12,single,48.75,43.34878644076261,,,
2025-09-13,single,48.25,37.84033896706321,,,
2025-09-14,single,48.75,35.02848850597035,,,
2025-09-15,single,49.25,44.49998300725763,,,
2025-09-16,single,48.5,38.46418762207031,,,
2025-09-17,single,51.25,28.36416348544034,,,
2025-09-18,single,56.5,28.11057489568537,,,
2025-09-19,single,57.75,26.786949677900836,,,
2025-09-20,double,42.75,21.193511095913973,63.0,26.692868839610707,14.88830514387651
2025-09-21,double,44.5,23.553219361738726,69.5,24.452387896451082,10.976045608520508
2025-09-22,double,41.75,22.222871780395508,73.25,19.442493958906695,8.39718211780895
2025-09-23,double,50.25,22.248290495439008,74.5,24.355690717697144,0.009017237546769056
2025-09-24,single,50.75,22.900744351473723,,,
2025-09-25,double,39.25,21.25362743030895,63.75,17.118700200861152,11.094179413535379
2025-09-26,double,36.25,19.545482635498047,71.5,20.526230898770418,7.191711685874245
2025-09-27,single,38.5,21.453351454301313,,,
2025-09-28,double,48.5,21.440075614235617,71.0,21.095301714810457,2.1546379219401968
2025-09-29,double,48.25,24.468557704578746,74.75,27.076141084943497,-4.289712450721047
2025-09-30,single,46.75,32.10954562100497,,,
